date,window,pm25,pm10,location_id,location_name,pm25_category,pm10_category
2021-07-09,Window 1 (Jul 2021 - Oct 2022),27.985714285714288,51.228571428571435,229252,NSI Kalyanpur,Good,Satisfactory
2021-07-12,Window 1 (Jul 2021 - Oct 2022),27.366666666666664,40.699999999999996,229252,NSI Kalyanpur,Good,Good
2021-07-13,Window 1 (Jul 2021 - Oct 2022),19.45,43.15,229252,NSI Kalyanpur,Good,Good
2021-07-14,Window 1 (Jul 2021 - Oct 2022),27.153333333333332,55.05333333333333,229252,NSI Kalyanpur,Good,Satisfactory
2021-07-17,Window 1 (Jul 2021 - Oct 2022),20.633333333333336,30.266666666666666,229252,NSI Kalyanpur,Good,Good
2021-07-18,Window 1 (Jul 2021 - Oct 2022),17.533333333333335,28.96666666666667,229252,NSI Kalyanpur,Good,Good
2021-07-19,Window 1 (Jul 2021 - Oct 2022),11.6,34.699999999999996,229252,NSI Kalyanpur,Good,Good
2021-07-20,Window 1 (Jul 2021 - Oct 2022),4.557142857142857,10.271428571428572,229252,NSI Kalyanpur,Good,Good
2021-07-21,Window 1 (Jul 2021 - Oct 2022),10.92,33.44,229252,NSI Kalyanpur,Good,Good
2021-07-22,Window 1 (Jul 2021 - Oct 2022),16.95,33.9,229252,NSI Kalyanpur,Good,Good
2021-07-23,Window 1 (Jul 2021 - Oct 2022),0.0,0.0,229252,NSI Kalyanpur,Good,Good
2021-07-24,Window 1 (Jul 2021 - Oct 2022),0.0,0.0,229252,NSI Kalyanpur,Good,Good
2021-07-25,Window 1 (Jul 2021 - Oct 2022),26.1,46.25,229252,NSI Kalyanpur,Good,Good
2021-08-25,Window 1 (Jul 2021 - Oct 2022),32.7,125.0,229252,NSI Kalyanpur,Satisfactory,Moderate
2021-09-01,Window 1 (Jul 2021 - Oct 2022),28.36111111111111,66.15,229252,NSI Kalyanpur,Good,Satisfactory
2021-09-02,Window 1 (Jul 2021 - Oct 2022),27.96,69.735,229252,NSI Kalyanpur,Good,Satisfactory
2021-09-03,Window 1 (Jul 2021 - Oct 2022),19.533333333333335,49.25833333333333,229252,NSI Kalyanpur,Good,Good
2021-09-04,Window 1 (Jul 2021 - Oct 2022),11.210714285714285,31.04047619047619,229252,NSI Kalyanpur,Good,Good
2021-09-05,Window 1 (Jul 2021 - Oct 2022),18.50111111111111,44.46,229252,NSI Kalyanpur,Good,Good
2021-09-06,Window 1 (Jul 2021 - Oct 2022),34.555,58.2325,229252,NSI Kalyanpur,Satisfactory,Satisfactory
2021-09-07,Window 1 (Jul 2021 - Oct 2022),17.31125,37.475,229252,NSI Kalyanpur,Good,Good
2021-09-08,Window 1 (Jul 2021 - Oct 2022),19.516666666666666,37.43333333333333,229252,NSI Kalyanpur,Good,Good
2021-09-09,Window 1 (Jul 2021 - Oct 2022),15.49375,39.18125,229252,NSI Kalyanpur,Good,Good
2021-09-10,Window 1 (Jul 2021 - Oct 2022),10.566666666666666,47.22222222222222,229252,NSI Kalyanpur,Good,Good
2021-09-11,Window 1 (Jul 2021 - Oct 2022),14.783333333333333,32.266666666666666,229252,NSI Kalyanpur,Good,Good
2021-09-12,Window 1 (Jul 2021 - Oct 2022),24.63,50.709999999999994,229252,NSI Kalyanpur,Good,Satisfactory
2021-09-13,Window 1 (Jul 2021 - Oct 2022),10.977777777777778,40.06666666666667,229252,NSI Kalyanpur,Good,Good
2021-09-14,Window 1 (Jul 2021 - Oct 2022),5.05,24.157142857142855,229252,NSI Kalyanpur,Good,Good
2021-09-15,Window 1 (Jul 2021 - Oct 2022),3.103448275862069,11.088620689655173,229252,NSI Kalyanpur,Good,Good
2021-09-16,Window 1 (Jul 2021 - Oct 2022),1.611627906976744,4.880116279069767,229252,NSI Kalyanpur,Good,Good
2021-09-17,Window 1 (Jul 2021 - Oct 2022),7.719736842105264,15.592105263157896,229252,NSI Kalyanpur,Good,Good
2021-09-18,Window 1 (Jul 2021 - Oct 2022),8.234444444444446,74.07111111111111,229252,NSI Kalyanpur,Good,Satisfactory
2021-09-19,Window 1 (Jul 2021 - Oct 2022),20.3625,74.28636363636363,229252,NSI Kalyanpur,Good,Satisfactory
2021-09-20,Window 1 (Jul 2021 - Oct 2022),26.475,62.01025,229252,NSI Kalyanpur,Good,Satisfactory
2021-09-21,Window 1 (Jul 2021 - Oct 2022),20.26341463414634,52.72682926829269,229252,NSI Kalyanpur,Good,Satisfactory
2021-09-22,Window 1 (Jul 2021 - Oct 2022),20.177272727272726,42.788636363636364,229252,NSI Kalyanpur,Good,Good
2021-09-23,Window 1 (Jul 2021 - Oct 2022),17.3,34.332608695652176,229252,NSI Kalyanpur,Good,Good
2021-09-24,Window 1 (Jul 2021 - Oct 2022),18.839772727272727,29.988636363636363,229252,NSI Kalyanpur,Good,Good
2021-09-25,Window 1 (Jul 2021 - Oct 2022),14.043478260869565,28.660869565217393,229252,NSI Kalyanpur,Good,Good
2021-09-26,Window 1 (Jul 2021 - Oct 2022),15.785652173913043,43.154347826086955,229252,NSI Kalyanpur,Good,Good
2021-09-27,Window 1 (Jul 2021 - Oct 2022),14.423478260869565,33.845652173913045,229252,NSI Kalyanpur,Good,Good
2021-09-28,Window 1 (Jul 2021 - Oct 2022),13.469999999999999,34.29333333333334,229252,NSI Kalyanpur,Good,Good
2021-09-29,Window 1 (Jul 2021 - Oct 2022),22.8,42.8,229252,NSI Kalyanpur,Good,Good
2021-09-30,Window 1 (Jul 2021 - Oct 2022),10.516666666666666,32.39259259259259,229252,NSI Kalyanpur,Good,Good
2021-10-13,Window 1 (Jul 2021 - Oct 2022),57.74761904761905,95.4047619047619,229252,NSI Kalyanpur,Satisfactory,Satisfactory
2021-10-14,Window 1 (Jul 2021 - Oct 2022),83.42083333333333,109.15833333333335,229252,NSI Kalyanpur,Moderate,Moderate
2021-10-15,Window 1 (Jul 2021 - Oct 2022),42.6063829787234,100.32553191489362,229252,NSI Kalyanpur,Satisfactory,Moderate
2021-10-16,Window 1 (Jul 2021 - Oct 2022),53.625,80.48333333333333,229252,NSI Kalyanpur,Satisfactory,Satisfactory
2021-10-17,Window 1 (Jul 2021 - Oct 2022),21.5175,26.499791666666667,229252,NSI Kalyanpur,Good,Good
2021-10-18,Window 1 (Jul 2021 - Oct 2022),7.97409090909091,10.534772727272726,229252,NSI Kalyanpur,Good,Good
2021-10-19,Window 1 (Jul 2021 - Oct 2022),18.53,23.241666666666664,229252,NSI Kalyanpur,Good,Good
2021-10-20,Window 1 (Jul 2021 - Oct 2022),50.99583333333334,57.947916666666664,229252,NSI Kalyanpur,Satisfactory,Satisfactory
2021-10-21,Window 1 (Jul 2021 - Oct 2022),38.01276595744681,63.51276595744681,229252,NSI Kalyanpur,Satisfactory,Satisfactory
2021-10-22,Window 1 (Jul 2021 - Oct 2022),37.76086956521739,72.0608695652174,229252,NSI Kalyanpur,Satisfactory,Satisfactory
2021-10-23,Window 1 (Jul 2021 - Oct 2022),46.12978723404255,69.42978723404255,229252,NSI Kalyanpur,Satisfactory,Satisfactory
2021-10-24,Window 1 (Jul 2021 - Oct 2022),47.86382978723404,65.60851063829787,229252,NSI Kalyanpur,Satisfactory,Satisfactory
2021-10-25,Window 1 (Jul 2021 - Oct 2022),39.88085106382979,54.759574468085106,229252,NSI Kalyanpur,Satisfactory,Satisfactory
2021-10-26,Window 1 (Jul 2021 - Oct 2022),31.160416666666666,40.168749999999996,229252,NSI Kalyanpur,Satisfactory,Good
2021-10-27,Window 1 (Jul 2021 - Oct 2022),70.72291666666666,92.46458333333334,229252,NSI Kalyanpur,Moderate,Satisfactory
2021-10-28,Window 1 (Jul 2021 - Oct 2022),102.20625,127.16875,229252,NSI Kalyanpur,Poor,Moderate
2021-10-29,Window 1 (Jul 2021 - Oct 2022),79.2,140.0,229252,NSI Kalyanpur,Moderate,Moderate
2021-10-30,Window 1 (Jul 2021 - Oct 2022),62.541666666666664,109.08333333333333,229252,NSI Kalyanpur,Moderate,Moderate
2021-10-31,Window 1 (Jul 2021 - Oct 2022),93.63333333333333,157.54166666666666,229252,NSI Kalyanpur,Poor,Moderate
2021-11-01,Window 1 (Jul 2021 - Oct 2022),85.84166666666665,142.23749999999998,229252,NSI Kalyanpur,Moderate,Moderate
2021-11-02,Window 1 (Jul 2021 - Oct 2022),72.51521739130435,113.87173913043479,229252,NSI Kalyanpur,Moderate,Moderate
2021-11-03,Window 1 (Jul 2021 - Oct 2022),93.43571428571428,144.0952380952381,229252,NSI Kalyanpur,Poor,Moderate
2021-11-04,Window 1 (Jul 2021 - Oct 2022),209.0690476190476,252.67804878048779,229252,NSI Kalyanpur,Very Poor,Poor
2021-11-05,Window 1 (Jul 2021 - Oct 2022),113.92439024390244,151.86829268292684,229252,NSI Kalyanpur,Poor,Moderate
2021-11-06,Window 1 (Jul 2021 - Oct 2022),141.56666666666666,190.6904761904762,229252,NSI Kalyanpur,Very Poor,Moderate
2021-11-07,Window 1 (Jul 2021 - Oct 2022),236.21951219512195,300.8780487804878,229252,NSI Kalyanpur,Very Poor,Poor
2021-11-08,Window 1 (Jul 2021 - Oct 2022),232.00588235294117,290.44117647058823,229252,NSI Kalyanpur,Very Poor,Poor
2021-11-09,Window 1 (Jul 2021 - Oct 2022),220.26486486486488,280.56756756756755,229252,NSI Kalyanpur,Very Poor,Poor
2021-11-10,Window 1 (Jul 2021 - Oct 2022),124.84893617021275,190.3382978723404,229252,NSI Kalyanpur,Very Poor,Moderate
2021-11-11,Window 1 (Jul 2021 - Oct 2022),85.77499999999999,117.45854166666668,229252,NSI Kalyanpur,Moderate,Moderate
2021-11-12,Window 1 (Jul 2021 - Oct 2022),83.02105263157895,151.7263157894737,229252,NSI Kalyanpur,Moderate,Moderate
2021-11-13,Window 1 (Jul 2021 - Oct 2022),90.73958333333333,144.10833333333332,229252,NSI Kalyanpur,Poor,Moderate
2021-11-14,Window 1 (Jul 2021 - Oct 2022),121.21860465116278,180.1813953488372,229252,NSI Kalyanpur,Very Poor,Moderate
2021-11-15,Window 1 (Jul 2021 - Oct 2022),94.75833333333333,142.98333333333332,229252,NSI Kalyanpur,Poor,Moderate
2021-11-16,Window 1 (Jul 2021 - Oct 2022),101.80425531914894,180.88297872340425,229252,NSI Kalyanpur,Poor,Moderate
2021-11-17,Window 1 (Jul 2021 - Oct 2022),111.27826086956522,163.1086956521739,229252,NSI Kalyanpur,Poor,Moderate
2021-11-18,Window 1 (Jul 2021 - Oct 2022),121.51063829787235,175.81914893617022,229252,NSI Kalyanpur,Very Poor,Moderate
2021-11-19,Window 1 (Jul 2021 - Oct 2022),130.44583333333333,173.01041666666666,229252,NSI Kalyanpur,Very Poor,Moderate
2021-11-20,Window 1 (Jul 2021 - Oct 2022),164.19565217391303,202.56521739130434,229252,NSI Kalyanpur,Very Poor,Moderate
2021-11-21,Window 1 (Jul 2021 - Oct 2022),97.625,160.41666666666666,229252,NSI Kalyanpur,Poor,Moderate
2021-11-22,Window 1 (Jul 2021 - Oct 2022),63.0225,137.4925,229252,NSI Kalyanpur,Moderate,Moderate
2021-11-23,Window 1 (Jul 2021 - Oct 2022),81.07837837837837,180.07567567567568,229252,NSI Kalyanpur,Moderate,Moderate
2021-11-24,Window 1 (Jul 2021 - Oct 2022),95.36818181818181,193.72727272727272,229252,NSI Kalyanpur,Poor,Moderate
2021-11-25,Window 1 (Jul 2021 - Oct 2022),85.68108108108108,184.0108108108108,229252,NSI Kalyanpur,Moderate,Moderate
2021-11-26,Window 1 (Jul 2021 - Oct 2022),157.17241379310346,325.0689655172414,229252,NSI Kalyanpur,Very Poor,Poor
2021-11-27,Window 1 (Jul 2021 - Oct 2022),120.44411764705882,245.0,229252,NSI Kalyanpur,Very Poor,Moderate
2021-11-28,Window 1 (Jul 2021 - Oct 2022),112.0,202.0,229252,NSI Kalyanpur,Poor,Moderate
2021-11-29,Window 1 (Jul 2021 - Oct 2022),98.85172413793103,197.75862068965517,229252,NSI Kalyanpur,Poor,Moderate
2021-11-30,Window 1 (Jul 2021 - Oct 2022),89.62380952380951,191.85714285714286,229252,NSI Kalyanpur,Moderate,Moderate
2021-12-01,Window 1 (Jul 2021 - Oct 2022),109.06923076923077,223.5,229252,NSI Kalyanpur,Poor,Moderate
2021-12-02,Window 1 (Jul 2021 - Oct 2022),107.516,208.76,229252,NSI Kalyanpur,Poor,Moderate
2021-12-03,Window 1 (Jul 2021 - Oct 2022),65.72,155.1925,229252,NSI Kalyanpur,Moderate,Moderate
2021-12-04,Window 1 (Jul 2021 - Oct 2022),106.86470588235295,211.7264705882353,229252,NSI Kalyanpur,Poor,Moderate
2021-12-05,Window 1 (Jul 2021 - Oct 2022),104.49374999999999,198.39583333333334,229252,NSI Kalyanpur,Poor,Moderate
2021-12-06,Window 1 (Jul 2021 - Oct 2022),53.58888888888889,110.08333333333333,229252,NSI Kalyanpur,Satisfactory,Moderate
2021-12-07,Window 1 (Jul 2021 - Oct 2022),42.7925925925926,96.2925925925926,229252,NSI Kalyanpur,Satisfactory,Satisfactory
2021-12-08,Window 1 (Jul 2021 - Oct 2022),74.22,141.99142857142857,229252,NSI Kalyanpur,Moderate,Moderate
2021-12-09,Window 1 (Jul 2021 - Oct 2022),78.48974358974358,171.16153846153847,229252,NSI Kalyanpur,Moderate,Moderate
2021-12-10,Window 1 (Jul 2021 - Oct 2022),86.54583333333333,181.375,229252,NSI Kalyanpur,Moderate,Moderate
2021-12-11,Window 1 (Jul 2021 - Oct 2022),73.8063829787234,162.95106382978722,229252,NSI Kalyanpur,Moderate,Moderate
2021-12-12,Window 1 (Jul 2021 - Oct 2022),76.54583333333333,173.02083333333334,229252,NSI Kalyanpur,Moderate,Moderate
2021-12-13,Window 1 (Jul 2021 - Oct 2022),98.88510638297873,212.94468085106382,229252,NSI Kalyanpur,Poor,Moderate
2021-12-14,Window 1 (Jul 2021 - Oct 2022),110.12941176470588,227.05882352941177,229252,NSI Kalyanpur,Poor,Moderate
2021-12-15,Window 1 (Jul 2021 - Oct 2022),71.15,165.72777777777776,229252,NSI Kalyanpur,Moderate,Moderate
2021-12-16,Window 1 (Jul 2021 - Oct 2022),72.66363636363636,164.4090909090909,229252,NSI Kalyanpur,Moderate,Moderate
2021-12-17,Window 1 (Jul 2021 - Oct 2022),54.231578947368426,141.31578947368422,229252,NSI Kalyanpur,Satisfactory,Moderate
2021-12-18,Window 1 (Jul 2021 - Oct 2022),56.49047619047619,143.7904761904762,229252,NSI Kalyanpur,Satisfactory,Moderate
2021-12-19,Window 1 (Jul 2021 - Oct 2022),69.5,172.52941176470588,229252,NSI Kalyanpur,Moderate,Moderate
2021-12-20,Window 1 (Jul 2021 - Oct 2022),95.5,216.375,229252,NSI Kalyanpur,Poor,Moderate
2021-12-22,Window 1 (Jul 2021 - Oct 2022),153.72,330.4,229252,NSI Kalyanpur,Very Poor,Poor
2021-12-23,Window 1 (Jul 2021 - Oct 2022),135.93333333333334,280.0,229252,NSI Kalyanpur,Very Poor,Poor
2021-12-24,Window 1 (Jul 2021 - Oct 2022),78.10000000000001,167.85714285714286,229252,NSI Kalyanpur,Moderate,Moderate
2021-12-25,Window 1 (Jul 2021 - Oct 2022),71.875,152.0,229252,NSI Kalyanpur,Moderate,Moderate
2021-12-26,Window 1 (Jul 2021 - Oct 2022),78.0,162.42857142857142,229252,NSI Kalyanpur,Moderate,Moderate
2021-12-27,Window 1 (Jul 2021 - Oct 2022),67.0,141.0,229252,NSI Kalyanpur,Moderate,Moderate
2021-12-29,Window 1 (Jul 2021 - Oct 2022),5.3,122.78333333333335,229252,NSI Kalyanpur,Good,Moderate
2021-12-30,Window 1 (Jul 2021 - Oct 2022),34.292307692307695,101.89230769230768,229252,NSI Kalyanpur,Satisfactory,Moderate
2021-12-31,Window 1 (Jul 2021 - Oct 2022),77.60000000000001,125.33333333333333,229252,NSI Kalyanpur,Moderate,Moderate
2022-01-01,Window 1 (Jul 2021 - Oct 2022),98.91363636363636,181.86363636363637,229252,NSI Kalyanpur,Poor,Moderate
2022-01-02,Window 1 (Jul 2021 - Oct 2022),94.65263157894738,205.05263157894737,229252,NSI Kalyanpur,Poor,Moderate
2022-01-05,Window 1 (Jul 2021 - Oct 2022),62.6,170.0,229252,NSI Kalyanpur,Moderate,Moderate
2022-01-20,Window 1 (Jul 2021 - Oct 2022),83.6,192.0,229252,NSI Kalyanpur,Moderate,Moderate
2022-01-21,Window 1 (Jul 2021 - Oct 2022),84.60000000000001,181.33333333333334,229252,NSI Kalyanpur,Moderate,Moderate
2022-01-22,Window 1 (Jul 2021 - Oct 2022),74.1,152.0,229252,NSI Kalyanpur,Moderate,Moderate
2022-01-23,Window 1 (Jul 2021 - Oct 2022),47.35,102.0,229252,NSI Kalyanpur,Satisfactory,Moderate
2022-01-24,Window 1 (Jul 2021 - Oct 2022),29.48,61.36,229252,NSI Kalyanpur,Good,Satisfactory
2022-01-25,Window 1 (Jul 2021 - Oct 2022),101.4,190.9,229252,NSI Kalyanpur,Poor,Moderate
2022-01-26,Window 1 (Jul 2021 - Oct 2022),62.4,117.0,229252,NSI Kalyanpur,Moderate,Moderate
2022-01-28,Window 1 (Jul 2021 - Oct 2022),63.7,109.0,229252,NSI Kalyanpur,Moderate,Moderate
2022-01-29,Window 1 (Jul 2021 - Oct 2022),69.456,125.67200000000001,229252,NSI Kalyanpur,Moderate,Moderate
2022-01-30,Window 1 (Jul 2021 - Oct 2022),81.30263157894737,149.62105263157895,229252,NSI Kalyanpur,Moderate,Moderate
2022-01-31,Window 1 (Jul 2021 - Oct 2022),114.52307692307691,173.15384615384616,229252,NSI Kalyanpur,Poor,Moderate
2022-02-01,Window 1 (Jul 2021 - Oct 2022),80.58500000000001,138.95,229252,NSI Kalyanpur,Moderate,Moderate
2022-02-02,Window 1 (Jul 2021 - Oct 2022),94.288,186.4,229252,NSI Kalyanpur,Poor,Moderate
2022-02-03,Window 1 (Jul 2021 - Oct 2022),68.41428571428571,166.14285714285714,229252,NSI Kalyanpur,Moderate,Moderate
2022-02-04,Window 1 (Jul 2021 - Oct 2022),37.242105263157896,85.17368421052632,229252,NSI Kalyanpur,Satisfactory,Satisfactory
2022-02-05,Window 1 (Jul 2021 - Oct 2022),32.94117647058823,73.7764705882353,229252,NSI Kalyanpur,Satisfactory,Satisfactory
2022-02-06,Window 1 (Jul 2021 - Oct 2022),45.266666666666666,86.07777777777778,229252,NSI Kalyanpur,Satisfactory,Satisfactory
2022-03-24,Window 1 (Jul 2021 - Oct 2022),53.3,110.0,229252,NSI Kalyanpur,Satisfactory,Moderate
2022-03-25,Window 1 (Jul 2021 - Oct 2022),51.26666666666667,128.00833333333333,229252,NSI Kalyanpur,Satisfactory,Moderate
2022-03-26,Window 1 (Jul 2021 - Oct 2022),39.300000000000004,133.49583333333334,229252,NSI Kalyanpur,Satisfactory,Moderate
2022-03-27,Window 1 (Jul 2021 - Oct 2022),54.375,132.5,229252,NSI Kalyanpur,Satisfactory,Moderate
2022-03-29,Window 1 (Jul 2021 - Oct 2022),53.64042553191489,144.48936170212767,229252,NSI Kalyanpur,Satisfactory,Moderate
2022-03-30,Window 1 (Jul 2021 - Oct 2022),67.57391304347826,153.97391304347826,229252,NSI Kalyanpur,Moderate,Moderate
2022-03-31,Window 1 (Jul 2021 - Oct 2022),71.375,72.00416666666666,229252,NSI Kalyanpur,Moderate,Satisfactory
2022-04-01,Window 1 (Jul 2021 - Oct 2022),55.61818181818182,89.46818181818182,229252,NSI Kalyanpur,Satisfactory,Satisfactory
2022-04-02,Window 1 (Jul 2021 - Oct 2022),39.9575,104.6875,229252,NSI Kalyanpur,Satisfactory,Moderate
2022-04-03,Window 1 (Jul 2021 - Oct 2022),53.10833333333333,132.00833333333333,229252,NSI Kalyanpur,Satisfactory,Moderate
2022-04-04,Window 1 (Jul 2021 - Oct 2022),34.7125,112.42916666666667,229252,NSI Kalyanpur,Satisfactory,Moderate
2022-04-05,Window 1 (Jul 2021 - Oct 2022),42.05416666666667,111.89166666666667,229252,NSI Kalyanpur,Satisfactory,Moderate
2022-04-06,Window 1 (Jul 2021 - Oct 2022),48.85833333333333,129.97916666666666,229252,NSI Kalyanpur,Satisfactory,Moderate
2022-04-07,Window 1 (Jul 2021 - Oct 2022),53.775,132.22916666666666,229252,NSI Kalyanpur,Satisfactory,Moderate
2022-04-08,Window 1 (Jul 2021 - Oct 2022),61.37916666666666,157.15833333333333,229252,NSI Kalyanpur,Moderate,Moderate
2022-04-09,Window 1 (Jul 2021 - Oct 2022),59.05416666666667,146.76250000000002,229252,NSI Kalyanpur,Satisfactory,Moderate
2022-04-10,Window 1 (Jul 2021 - Oct 2022),64.24166666666666,154.32083333333333,229252,NSI Kalyanpur,Moderate,Moderate
2022-04-11,Window 1 (Jul 2021 - Oct 2022),64.95,164.28333333333333,229252,NSI Kalyanpur,Moderate,Moderate
2022-04-12,Window 1 (Jul 2021 - Oct 2022),62.832352941176474,147.41176470588235,229252,NSI Kalyanpur,Moderate,Moderate
2022-04-13,Window 1 (Jul 2021 - Oct 2022),42.852380952380955,115.53333333333333,229252,NSI Kalyanpur,Satisfactory,Moderate
2022-04-14,Window 1 (Jul 2021 - Oct 2022),55.521875,163.0625,229252,NSI Kalyanpur,Satisfactory,Moderate
2022-04-15,Window 1 (Jul 2021 - Oct 2022),42.7,139.425,229252,NSI Kalyanpur,Satisfactory,Moderate
2022-04-16,Window 1 (Jul 2021 - Oct 2022),39.604166666666664,132.5875,229252,NSI Kalyanpur,Satisfactory,Moderate
2022-04-17,Window 1 (Jul 2021 - Oct 2022),43.12916666666666,122.01666666666667,229252,NSI Kalyanpur,Satisfactory,Moderate
2022-04-18,Window 1 (Jul 2021 - Oct 2022),49.36666666666667,137.01250000000002,229252,NSI Kalyanpur,Satisfactory,Moderate
2022-04-19,Window 1 (Jul 2021 - Oct 2022),47.46666666666667,136.70833333333334,229252,NSI Kalyanpur,Satisfactory,Moderate
2022-04-20,Window 1 (Jul 2021 - Oct 2022),43.05416666666667,148.0,229252,NSI Kalyanpur,Satisfactory,Moderate
2022-04-21,Window 1 (Jul 2021 - Oct 2022),43.4,190.11249999999998,229252,NSI Kalyanpur,Satisfactory,Moderate
2022-04-22,Window 1 (Jul 2021 - Oct 2022),37.604166666666664,123.52499999999999,229252,NSI Kalyanpur,Satisfactory,Moderate
2022-04-23,Window 1 (Jul 2021 - Oct 2022),37.49583333333333,116.12083333333334,229252,NSI Kalyanpur,Satisfactory,Moderate
2022-04-24,Window 1 (Jul 2021 - Oct 2022),45.19583333333333,151.41666666666666,229252,NSI Kalyanpur,Satisfactory,Moderate
2022-04-25,Window 1 (Jul 2021 - Oct 2022),40.49166666666667,124.89166666666667,229252,NSI Kalyanpur,Satisfactory,Moderate
2022-04-26,Window 1 (Jul 2021 - Oct 2022),55.00416666666666,190.75,229252,NSI Kalyanpur,Satisfactory,Moderate
2022-04-28,Window 1 (Jul 2021 - Oct 2022),77.21666666666667,161.39583333333334,229252,NSI Kalyanpur,Moderate,Moderate
2022-04-29,Window 1 (Jul 2021 - Oct 2022),54.734166666666674,135.5,229252,NSI Kalyanpur,Satisfactory,Moderate
2022-04-30,Window 1 (Jul 2021 - Oct 2022),50.21702127659574,142.7617021276596,229252,NSI Kalyanpur,Satisfactory,Moderate
2022-05-01,Window 1 (Jul 2021 - Oct 2022),63.887499999999996,221.63333333333333,229252,NSI Kalyanpur,Moderate,Moderate
2022-05-02,Window 1 (Jul 2021 - Oct 2022),39.68181818181818,109.0909090909091,229252,NSI Kalyanpur,Satisfactory,Moderate
2022-05-04,Window 1 (Jul 2021 - Oct 2022),39.21666666666667,154.05,229252,NSI Kalyanpur,Satisfactory,Moderate
2022-05-05,Window 1 (Jul 2021 - Oct 2022),34.175000000000004,79.97500000000001,229252,NSI Kalyanpur,Satisfactory,Satisfactory
2022-05-06,Window 1 (Jul 2021 - Oct 2022),41.35,122.10000000000001,229252,NSI Kalyanpur,Satisfactory,Moderate
2022-05-07,Window 1 (Jul 2021 - Oct 2022),50.36666666666667,111.06666666666666,229252,NSI Kalyanpur,Satisfactory,Moderate
2022-05-08,Window 1 (Jul 2021 - Oct 2022),43.76666666666667,86.22916666666667,229252,NSI Kalyanpur,Satisfactory,Satisfactory
2022-05-09,Window 1 (Jul 2021 - Oct 2022),40.15416666666667,83.02083333333333,229252,NSI Kalyanpur,Satisfactory,Satisfactory
2022-05-10,Window 1 (Jul 2021 - Oct 2022),36.67916666666667,79.12916666666666,229252,NSI Kalyanpur,Satisfactory,Satisfactory
2022-05-11,Window 1 (Jul 2021 - Oct 2022),31.166666666666668,68.12083333333334,229252,NSI Kalyanpur,Satisfactory,Satisfactory
2022-05-12,Window 1 (Jul 2021 - Oct 2022),35.02916666666667,83.84166666666667,229252,NSI Kalyanpur,Satisfactory,Satisfactory
2022-05-13,Window 1 (Jul 2021 - Oct 2022),45.35833333333333,125.33333333333333,229252,NSI Kalyanpur,Satisfactory,Moderate
2022-05-14,Window 1 (Jul 2021 - Oct 2022),49.42083333333333,122.08333333333333,229252,NSI Kalyanpur,Satisfactory,Moderate
2022-05-15,Window 1 (Jul 2021 - Oct 2022),50.88181818181818,117.73181818181818,229252,NSI Kalyanpur,Satisfactory,Moderate
2022-05-16,Window 1 (Jul 2021 - Oct 2022),70.06666666666668,187.23809523809524,229252,NSI Kalyanpur,Moderate,Moderate
2022-05-17,Window 1 (Jul 2021 - Oct 2022),55.949999999999996,163.54166666666666,229252,NSI Kalyanpur,Satisfactory,Moderate
2022-05-18,Window 1 (Jul 2021 - Oct 2022),49.09130434782608,160.7826086956522,229252,NSI Kalyanpur,Satisfactory,Moderate
2022-05-19,Window 1 (Jul 2021 - Oct 2022),40.99166666666667,148.86666666666667,229252,NSI Kalyanpur,Satisfactory,Moderate
2022-05-20,Window 1 (Jul 2021 - Oct 2022),56.71304347826087,154.95652173913044,229252,NSI Kalyanpur,Satisfactory,Moderate
2022-05-21,Window 1 (Jul 2021 - Oct 2022),29.671794871794873,117.66153846153847,229252,NSI Kalyanpur,Good,Moderate
2022-05-22,Window 1 (Jul 2021 - Oct 2022),30.638095238095236,86.04761904761905,229252,NSI Kalyanpur,Satisfactory,Satisfactory
2022-05-23,Window 1 (Jul 2021 - Oct 2022),33.0315,68.02105263157895,229252,NSI Kalyanpur,Satisfactory,Satisfactory
2022-05-24,Window 1 (Jul 2021 - Oct 2022),27.633333333333333,51.18571428571429,229252,NSI Kalyanpur,Good,Satisfactory
2022-05-25,Window 1 (Jul 2021 - Oct 2022),53.8,121.48571428571428,229252,NSI Kalyanpur,Satisfactory,Moderate
2022-05-26,Window 1 (Jul 2021 - Oct 2022),67.39545454545454,153.04545454545453,229252,NSI Kalyanpur,Moderate,Moderate
2022-05-28,Window 1 (Jul 2021 - Oct 2022),60.67272727272727,152.0909090909091,229252,NSI Kalyanpur,Moderate,Moderate
2022-05-29,Window 1 (Jul 2021 - Oct 2022),67.96249999999999,161.61249999999998,229252,NSI Kalyanpur,Moderate,Moderate
2022-05-30,Window 1 (Jul 2021 - Oct 2022),76.71739130434783,183.55652173913043,229252,NSI Kalyanpur,Moderate,Moderate
2022-05-31,Window 1 (Jul 2021 - Oct 2022),80.64583333333333,102.08333333333333,229252,NSI Kalyanpur,Moderate,Moderate
2022-06-01,Window 1 (Jul 2021 - Oct 2022),76.34166666666667,161.04166666666666,229252,NSI Kalyanpur,Moderate,Moderate
2022-06-02,Window 1 (Jul 2021 - Oct 2022),67.16250000000001,174.75,229252,NSI Kalyanpur,Moderate,Moderate
2022-06-03,Window 1 (Jul 2021 - Oct 2022),73.74166666666666,178.625,229252,NSI Kalyanpur,Moderate,Moderate
2022-06-04,Window 1 (Jul 2021 - Oct 2022),71.92142857142856,174.79285714285714,229252,NSI Kalyanpur,Moderate,Moderate
2022-06-05,Window 1 (Jul 2021 - Oct 2022),75.3578947368421,170.34736842105264,229252,NSI Kalyanpur,Moderate,Moderate
2022-06-06,Window 1 (Jul 2021 - Oct 2022),61.90833333333333,195.54166666666666,229252,NSI Kalyanpur,Moderate,Moderate
2022-06-07,Window 1 (Jul 2021 - Oct 2022),79.0625,222.58333333333334,229252,NSI Kalyanpur,Moderate,Moderate
2022-06-08,Window 1 (Jul 2021 - Oct 2022),86.52499999999999,307.75,229252,NSI Kalyanpur,Moderate,Poor
2022-06-09,Window 1 (Jul 2021 - Oct 2022),65.45833333333333,142.16666666666666,229252,NSI Kalyanpur,Moderate,Moderate
2022-06-10,Window 1 (Jul 2021 - Oct 2022),80.34883720930233,188.93023255813952,229252,NSI Kalyanpur,Moderate,Moderate
2022-06-11,Window 1 (Jul 2021 - Oct 2022),80.69285714285714,200.45238095238096,229252,NSI Kalyanpur,Moderate,Moderate
2022-06-12,Window 1 (Jul 2021 - Oct 2022),61.60681818181818,151.1590909090909,229252,NSI Kalyanpur,Moderate,Moderate
2022-06-13,Window 1 (Jul 2021 - Oct 2022),56.595454545454544,132.79999999999998,229252,NSI Kalyanpur,Satisfactory,Moderate
2022-06-14,Window 1 (Jul 2021 - Oct 2022),53.08095238095238,131.8761904761905,229252,NSI Kalyanpur,Satisfactory,Moderate
2022-06-15,Window 1 (Jul 2021 - Oct 2022),43.47083333333333,101.44166666666666,229252,NSI Kalyanpur,Satisfactory,Moderate
2022-06-16,Window 1 (Jul 2021 - Oct 2022),31.070833333333336,60.87083333333334,229252,NSI Kalyanpur,Satisfactory,Satisfactory
2022-06-17,Window 1 (Jul 2021 - Oct 2022),29.680851063829788,69.14893617021276,229252,NSI Kalyanpur,Good,Satisfactory
2022-06-18,Window 1 (Jul 2021 - Oct 2022),30.633333333333336,65.4875,229252,NSI Kalyanpur,Satisfactory,Satisfactory
2022-06-19,Window 1 (Jul 2021 - Oct 2022),18.581818181818182,31.94545454545454,229252,NSI Kalyanpur,Good,Good
2022-06-20,Window 1 (Jul 2021 - Oct 2022),21.353846153846153,47.00512820512821,229252,NSI Kalyanpur,Good,Good
2022-06-21,Window 1 (Jul 2021 - Oct 2022),36.03720930232558,71.05116279069767,229252,NSI Kalyanpur,Satisfactory,Satisfactory
2022-06-22,Window 1 (Jul 2021 - Oct 2022),42.1,77.62352941176471,229252,NSI Kalyanpur,Satisfactory,Satisfactory
2022-07-04,Window 1 (Jul 2021 - Oct 2022),32.355555555555554,53.48888888888889,229252,NSI Kalyanpur,Satisfactory,Satisfactory
2022-07-05,Window 1 (Jul 2021 - Oct 2022),42.495652173913044,68.49130434782609,229252,NSI Kalyanpur,Satisfactory,Satisfactory
2022-07-06,Window 1 (Jul 2021 - Oct 2022),26.620833333333334,57.69583333333333,229252,NSI Kalyanpur,Good,Satisfactory
2022-07-07,Window 1 (Jul 2021 - Oct 2022),12.86,35.57,229252,NSI Kalyanpur,Good,Good
2022-07-08,Window 1 (Jul 2021 - Oct 2022),24.616666666666664,56.00416666666666,229252,NSI Kalyanpur,Good,Satisfactory
2022-07-09,Window 1 (Jul 2021 - Oct 2022),24.504166666666666,54.4375,229252,NSI Kalyanpur,Good,Satisfactory
2022-07-10,Window 1 (Jul 2021 - Oct 2022),18.3,44.84583333333333,229252,NSI Kalyanpur,Good,Good
2022-07-11,Window 1 (Jul 2021 - Oct 2022),21.625,55.02916666666667,229252,NSI Kalyanpur,Good,Satisfactory
2022-07-12,Window 1 (Jul 2021 - Oct 2022),19.224999999999998,54.57083333333333,229252,NSI Kalyanpur,Good,Satisfactory
2022-07-13,Window 1 (Jul 2021 - Oct 2022),17.302222222222223,54.28666666666667,229252,NSI Kalyanpur,Good,Satisfactory
2022-07-14,Window 1 (Jul 2021 - Oct 2022),13.917073170731708,50.76829268292683,229252,NSI Kalyanpur,Good,Satisfactory
2022-07-15,Window 1 (Jul 2021 - Oct 2022),11.902127659574468,39.57446808510638,229252,NSI Kalyanpur,Good,Good
2022-07-16,Window 1 (Jul 2021 - Oct 2022),13.552272727272726,31.018181818181816,229252,NSI Kalyanpur,Good,Good
2022-07-17,Window 1 (Jul 2021 - Oct 2022),16.48936170212766,45.317021276595746,229252,NSI Kalyanpur,Good,Good
2022-07-18,Window 1 (Jul 2021 - Oct 2022),18.182978723404254,49.14468085106383,229252,NSI Kalyanpur,Good,Good
2022-07-19,Window 1 (Jul 2021 - Oct 2022),32.46666666666667,64.67916666666666,229252,NSI Kalyanpur,Satisfactory,Satisfactory
2022-07-20,Window 1 (Jul 2021 - Oct 2022),16.2625,34.604166666666664,229252,NSI Kalyanpur,Good,Good
2022-07-21,Window 1 (Jul 2021 - Oct 2022),8.117391304347825,14.16304347826087,229252,NSI Kalyanpur,Good,Good
2022-07-22,Window 1 (Jul 2021 - Oct 2022),20.0,26.595652173913045,229252,NSI Kalyanpur,Good,Good
2022-07-23,Window 1 (Jul 2021 - Oct 2022),16.45,25.039473684210527,229252,NSI Kalyanpur,Good,Good
2022-07-24,Window 1 (Jul 2021 - Oct 2022),12.653846153846153,19.176923076923078,229252,NSI Kalyanpur,Good,Good
2022-07-25,Window 1 (Jul 2021 - Oct 2022),14.334210526315792,24.473684210526315,229252,NSI Kalyanpur,Good,Good
2022-07-27,Window 1 (Jul 2021 - Oct 2022),16.004545454545454,28.29090909090909,229252,NSI Kalyanpur,Good,Good
2022-07-28,Window 1 (Jul 2021 - Oct 2022),13.0375,23.833333333333332,229252,NSI Kalyanpur,Good,Good
2022-07-29,Window 1 (Jul 2021 - Oct 2022),7.993478260869565,16.269565217391303,229252,NSI Kalyanpur,Good,Good
2022-07-30,Window 1 (Jul 2021 - Oct 2022),11.106521739130436,23.141304347826086,229252,NSI Kalyanpur,Good,Good
2022-07-31,Window 1 (Jul 2021 - Oct 2022),23.98936170212766,52.47234042553191,229252,NSI Kalyanpur,Good,Satisfactory
2022-08-01,Window 1 (Jul 2021 - Oct 2022),15.424999999999999,36.29772727272727,229252,NSI Kalyanpur,Good,Good
2022-08-02,Window 1 (Jul 2021 - Oct 2022),10.675744680851064,24.180851063829788,229252,NSI Kalyanpur,Good,Good
2022-08-03,Window 1 (Jul 2021 - Oct 2022),19.51818181818182,29.754545454545454,229252,NSI Kalyanpur,Good,Good
2022-09-13,Window 1 (Jul 2021 - Oct 2022),17.650000000000002,23.370833333333334,229252,NSI Kalyanpur,Good,Good
2022-09-14,Window 1 (Jul 2021 - Oct 2022),12.97027027027027,18.47027027027027,229252,NSI Kalyanpur,Good,Good
2022-09-15,Window 1 (Jul 2021 - Oct 2022),9.48611111111111,14.424999999999999,229252,NSI Kalyanpur,Good,Good
2022-09-16,Window 1 (Jul 2021 - Oct 2022),16.768529411764707,28.129411764705882,229252,NSI Kalyanpur,Good,Good
2022-09-17,Window 1 (Jul 2021 - Oct 2022),14.404642857142857,28.724999999999998,229252,NSI Kalyanpur,Good,Good
2022-09-18,Window 1 (Jul 2021 - Oct 2022),22.653846153846153,44.669230769230765,229252,NSI Kalyanpur,Good,Good
2022-09-19,Window 1 (Jul 2021 - Oct 2022),25.067142857142855,47.21904761904762,229252,NSI Kalyanpur,Good,Good
2022-09-20,Window 1 (Jul 2021 - Oct 2022),16.88157894736842,30.81578947368421,229252,NSI Kalyanpur,Good,Good
2022-09-21,Window 1 (Jul 2021 - Oct 2022),16.95095238095238,25.390476190476193,229252,NSI Kalyanpur,Good,Good
2022-09-22,Window 1 (Jul 2021 - Oct 2022),25.436842105263157,38.578947368421055,229252,NSI Kalyanpur,Good,Good
2022-09-23,Window 1 (Jul 2021 - Oct 2022),20.37695652173913,39.12173913043478,229252,NSI Kalyanpur,Good,Good
2022-09-25,Window 1 (Jul 2021 - Oct 2022),28.138095238095236,56.17619047619048,229252,NSI Kalyanpur,Good,Satisfactory
2022-09-26,Window 1 (Jul 2021 - Oct 2022),26.769565217391307,58.23478260869565,229252,NSI Kalyanpur,Good,Satisfactory
2022-09-27,Window 1 (Jul 2021 - Oct 2022),29.447619047619046,54.60952380952381,229252,NSI Kalyanpur,Good,Satisfactory
2022-09-28,Window 1 (Jul 2021 - Oct 2022),41.89523809523809,87.12857142857143,229252,NSI Kalyanpur,Satisfactory,Satisfactory
2022-09-29,Window 1 (Jul 2021 - Oct 2022),38.25,88.26363636363637,229252,NSI Kalyanpur,Satisfactory,Satisfactory
2022-09-30,Window 1 (Jul 2021 - Oct 2022),49.33157894736842,90.19473684210527,229252,NSI Kalyanpur,Satisfactory,Satisfactory
2022-10-01,Window 1 (Jul 2021 - Oct 2022),64.64347826086956,116.65217391304348,229252,NSI Kalyanpur,Moderate,Moderate
2022-10-02,Window 1 (Jul 2021 - Oct 2022),71.135,123.225,229252,NSI Kalyanpur,Moderate,Moderate
2022-10-03,Window 1 (Jul 2021 - Oct 2022),56.38095238095238,105.75238095238096,229252,NSI Kalyanpur,Satisfactory,Moderate
2022-10-04,Window 1 (Jul 2021 - Oct 2022),25.824444444444442,42.900000000000006,229252,NSI Kalyanpur,Good,Good
2022-10-05,Window 1 (Jul 2021 - Oct 2022),6.11,11.772,229252,NSI Kalyanpur,Good,Good
2022-10-06,Window 1 (Jul 2021 - Oct 2022),9.925555555555555,15.794444444444444,229252,NSI Kalyanpur,Good,Good
2022-10-07,Window 1 (Jul 2021 - Oct 2022),12.973333333333333,21.347619047619048,229252,NSI Kalyanpur,Good,Good
2022-10-08,Window 1 (Jul 2021 - Oct 2022),11.509565217391305,22.15086956521739,229252,NSI Kalyanpur,Good,Good
2022-10-09,Window 1 (Jul 2021 - Oct 2022),11.308421052631578,24.933684210526316,229252,NSI Kalyanpur,Good,Good
2022-10-10,Window 1 (Jul 2021 - Oct 2022),7.437647058823529,13.48235294117647,229252,NSI Kalyanpur,Good,Good
2022-10-11,Window 1 (Jul 2021 - Oct 2022),17.46,29.155,229252,NSI Kalyanpur,Good,Good
2022-10-12,Window 1 (Jul 2021 - Oct 2022),18.20048780487805,35.25853658536585,229252,NSI Kalyanpur,Good,Good
2022-10-13,Window 1 (Jul 2021 - Oct 2022),34.07,59.525,229252,NSI Kalyanpur,Satisfactory,Satisfactory
2022-10-14,Window 1 (Jul 2021 - Oct 2022),59.98684210526316,108.16578947368421,229252,NSI Kalyanpur,Satisfactory,Moderate
2022-10-15,Window 1 (Jul 2021 - Oct 2022),73.13333333333334,121.81666666666666,229252,NSI Kalyanpur,Moderate,Moderate
2022-10-16,Window 1 (Jul 2021 - Oct 2022),59.55555555555556,102.6962962962963,229252,NSI Kalyanpur,Satisfactory,Moderate
2025-02-18,Window 2 (Feb 2025 - present),71.4,123.6,229252,NSI Kalyanpur,Moderate,Moderate
2025-02-19,Window 2 (Feb 2025 - present),46.85833333333333,109.59583333333335,229252,NSI Kalyanpur,Satisfactory,Moderate
2025-02-20,Window 2 (Feb 2025 - present),67.60000000000001,134.49166666666667,229252,NSI Kalyanpur,Moderate,Moderate
2025-02-21,Window 2 (Feb 2025 - present),65.77083333333333,131.96666666666667,229252,NSI Kalyanpur,Moderate,Moderate
2025-02-22,Window 2 (Feb 2025 - present),44.09583333333333,96.71249999999999,229252,NSI Kalyanpur,Satisfactory,Satisfactory
2025-02-23,Window 2 (Feb 2025 - present),39.74166666666667,93.29166666666667,229252,NSI Kalyanpur,Satisfactory,Satisfactory
2025-02-24,Window 2 (Feb 2025 - present),39.78,97.35000000000001,229252,NSI Kalyanpur,Satisfactory,Satisfactory
2025-02-25,Window 2 (Feb 2025 - present),55.96666666666667,118.7375,229252,NSI Kalyanpur,Satisfactory,Moderate
2025-02-26,Window 2 (Feb 2025 - present),66.25416666666666,140.51250000000002,229252,NSI Kalyanpur,Moderate,Moderate
2025-02-27,Window 2 (Feb 2025 - present),51.833333333333336,117.07083333333333,229252,NSI Kalyanpur,Satisfactory,Moderate
2025-02-28,Window 2 (Feb 2025 - present),71.6875,138.25,229252,NSI Kalyanpur,Moderate,Moderate
2025-03-01,Window 2 (Feb 2025 - present),60.50416666666666,117.63333333333333,229252,NSI Kalyanpur,Moderate,Moderate
2025-03-02,Window 2 (Feb 2025 - present),25.120833333333334,82.58749999999999,229252,NSI Kalyanpur,Good,Satisfactory
2025-03-03,Window 2 (Feb 2025 - present),26.043333333333333,97.03333333333335,229252,NSI Kalyanpur,Good,Satisfactory
2025-03-04,Window 2 (Feb 2025 - present),24.579166666666666,113.11666666666667,229252,NSI Kalyanpur,Good,Moderate
2025-03-05,Window 2 (Feb 2025 - present),14.604166666666666,110.55833333333334,229252,NSI Kalyanpur,Good,Moderate
2025-03-06,Window 2 (Feb 2025 - present),24.9175,102.41666666666667,229252,NSI Kalyanpur,Good,Moderate
2025-03-07,Window 2 (Feb 2025 - present),26.715,92.79583333333333,229252,NSI Kalyanpur,Good,Satisfactory
2025-03-08,Window 2 (Feb 2025 - present),46.05125,123.17916666666667,229252,NSI Kalyanpur,Satisfactory,Moderate
2025-03-09,Window 2 (Feb 2025 - present),62.87083333333334,142.74166666666667,229252,NSI Kalyanpur,Moderate,Moderate
2025-03-10,Window 2 (Feb 2025 - present),65.40416666666667,155.22916666666666,229252,NSI Kalyanpur,Moderate,Moderate
2025-03-11,Window 2 (Feb 2025 - present),64.2375,146.74166666666667,229252,NSI Kalyanpur,Moderate,Moderate
2025-03-12,Window 2 (Feb 2025 - present),52.24583333333334,131.625,229252,NSI Kalyanpur,Satisfactory,Moderate
2025-03-13,Window 2 (Feb 2025 - present),50.237500000000004,115.66666666666667,229252,NSI Kalyanpur,Satisfactory,Moderate
2025-03-14,Window 2 (Feb 2025 - present),35.90833333333333,82.7375,229252,NSI Kalyanpur,Satisfactory,Satisfactory
2025-03-15,Window 2 (Feb 2025 - present),43.416666666666664,104.825,229252,NSI Kalyanpur,Satisfactory,Moderate
2025-03-16,Window 2 (Feb 2025 - present),29.071250000000003,88.39999999999999,229252,NSI Kalyanpur,Good,Satisfactory
2025-03-17,Window 2 (Feb 2025 - present),17.207708333333333,69.97083333333333,229252,NSI Kalyanpur,Good,Satisfactory
2025-03-18,Window 2 (Feb 2025 - present),23.622083333333332,76.09166666666667,229252,NSI Kalyanpur,Good,Satisfactory
2025-03-19,Window 2 (Feb 2025 - present),32.23041666666666,98.33749999999999,229252,NSI Kalyanpur,Satisfactory,Satisfactory
2025-03-20,Window 2 (Feb 2025 - present),45.458333333333336,121.49583333333334,229252,NSI Kalyanpur,Satisfactory,Moderate
2025-03-21,Window 2 (Feb 2025 - present),40.67958333333333,80.82083333333334,229252,NSI Kalyanpur,Satisfactory,Satisfactory
2025-03-22,Window 2 (Feb 2025 - present),48.833333333333336,92.25416666666666,229252,NSI Kalyanpur,Satisfactory,Satisfactory
2025-03-23,Window 2 (Feb 2025 - present),68.54583333333333,93.3875,229252,NSI Kalyanpur,Moderate,Satisfactory
2025-03-24,Window 2 (Feb 2025 - present),98.71249999999999,134.35,229252,NSI Kalyanpur,Poor,Moderate
2025-03-25,Window 2 (Feb 2025 - present),56.37083333333334,126.51666666666667,229252,NSI Kalyanpur,Satisfactory,Moderate
2025-03-26,Window 2 (Feb 2025 - present),39.574999999999996,100.55416666666667,229252,NSI Kalyanpur,Satisfactory,Moderate
2025-03-27,Window 2 (Feb 2025 - present),34.125,88.375,229252,NSI Kalyanpur,Satisfactory,Satisfactory
2025-03-28,Window 2 (Feb 2025 - present),32.074999999999996,109.07916666666667,229252,NSI Kalyanpur,Satisfactory,Moderate
2025-03-29,Window 2 (Feb 2025 - present),26.72083333333333,87.39583333333333,229252,NSI Kalyanpur,Good,Satisfactory
2025-03-30,Window 2 (Feb 2025 - present),27.170833333333334,88.15416666666665,229252,NSI Kalyanpur,Good,Satisfactory
2025-03-31,Window 2 (Feb 2025 - present),28.162499999999998,71.97500000000001,229252,NSI Kalyanpur,Good,Satisfactory
2025-04-01,Window 2 (Feb 2025 - present),25.041739130434784,64.59130434782608,229252,NSI Kalyanpur,Good,Satisfactory
2025-04-02,Window 2 (Feb 2025 - present),40.21083333333333,109.86666666666667,229252,NSI Kalyanpur,Satisfactory,Moderate
2025-04-03,Window 2 (Feb 2025 - present),42.233333333333334,112.81666666666666,229252,NSI Kalyanpur,Satisfactory,Moderate
2025-04-04,Window 2 (Feb 2025 - present),26.695833333333336,84.24583333333334,229252,NSI Kalyanpur,Good,Satisfactory
2025-04-05,Window 2 (Feb 2025 - present),28.208333333333332,90.47500000000001,229252,NSI Kalyanpur,Good,Satisfactory
2025-04-06,Window 2 (Feb 2025 - present),31.974999999999998,85.15833333333333,229252,NSI Kalyanpur,Satisfactory,Satisfactory
2025-04-07,Window 2 (Feb 2025 - present),38.84583333333333,102.175,229252,NSI Kalyanpur,Satisfactory,Moderate
2025-04-08,Window 2 (Feb 2025 - present),44.612500000000004,116.8625,229252,NSI Kalyanpur,Satisfactory,Moderate
2025-04-11,Window 2 (Feb 2025 - present),25.654545454545453,76.7090909090909,229252,NSI Kalyanpur,Good,Satisfactory
2025-04-12,Window 2 (Feb 2025 - present),26.349999999999998,60.395833333333336,229252,NSI Kalyanpur,Good,Satisfactory
2025-04-13,Window 2 (Feb 2025 - present),18.345833333333335,50.92083333333333,229252,NSI Kalyanpur,Good,Satisfactory
2025-04-14,Window 2 (Feb 2025 - present),15.530000000000001,66.72999999999999,229252,NSI Kalyanpur,Good,Satisfactory
2025-04-15,Window 2 (Feb 2025 - present),0.0,80.5076923076923,229252,NSI Kalyanpur,Good,Satisfactory
2025-04-16,Window 2 (Feb 2025 - present),16.98,78.065,229252,NSI Kalyanpur,Good,Satisfactory
2025-04-17,Window 2 (Feb 2025 - present),31.516666666666666,95.84583333333335,229252,NSI Kalyanpur,Satisfactory,Satisfactory
2025-04-18,Window 2 (Feb 2025 - present),36.6,104.12083333333334,229252,NSI Kalyanpur,Satisfactory,Moderate
2025-04-19,Window 2 (Feb 2025 - present),21.97083333333333,81.06666666666666,229252,NSI Kalyanpur,Good,Satisfactory
2025-04-20,Window 2 (Feb 2025 - present),36.733333333333334,98.60833333333333,229252,NSI Kalyanpur,Satisfactory,Satisfactory
2025-04-21,Window 2 (Feb 2025 - present),38.699999999999996,135.45833333333334,229252,NSI Kalyanpur,Satisfactory,Moderate
2025-04-22,Window 2 (Feb 2025 - present),27.275000000000002,124.375,229252,NSI Kalyanpur,Good,Moderate
2025-04-23,Window 2 (Feb 2025 - present),27.708333333333332,120.60416666666667,229252,NSI Kalyanpur,Good,Moderate
2025-04-24,Window 2 (Feb 2025 - present),34.754583333333336,125.95833333333333,229252,NSI Kalyanpur,Satisfactory,Moderate
2025-04-25,Window 2 (Feb 2025 - present),29.825833333333335,108.20833333333333,229252,NSI Kalyanpur,Good,Moderate
2025-04-26,Window 2 (Feb 2025 - present),29.004166666666666,110.2,229252,NSI Kalyanpur,Good,Moderate
2025-04-27,Window 2 (Feb 2025 - present),28.2625,97.89583333333333,229252,NSI Kalyanpur,Good,Satisfactory
2025-04-28,Window 2 (Feb 2025 - present),45.4,147.22,229252,NSI Kalyanpur,Satisfactory,Moderate
2025-04-29,Window 2 (Feb 2025 - present),28.58181818181818,75.00909090909092,229252,NSI Kalyanpur,Good,Satisfactory
2025-04-30,Window 2 (Feb 2025 - present),34.082608695652176,83.48333333333333,229252,NSI Kalyanpur,Satisfactory,Satisfactory
2025-05-01,Window 2 (Feb 2025 - present),34.550000000000004,88.39583333333333,229252,NSI Kalyanpur,Satisfactory,Satisfactory
2025-05-02,Window 2 (Feb 2025 - present),33.454166666666666,98.63333333333333,229252,NSI Kalyanpur,Satisfactory,Satisfactory
2025-05-03,Window 2 (Feb 2025 - present),32.37916666666667,86.30416666666667,229252,NSI Kalyanpur,Satisfactory,Satisfactory
2025-05-04,Window 2 (Feb 2025 - present),25.3875,77.16666666666667,229252,NSI Kalyanpur,Good,Satisfactory
2025-05-05,Window 2 (Feb 2025 - present),27.811111111111114,100.53888888888889,229252,NSI Kalyanpur,Good,Moderate
2025-05-06,Window 2 (Feb 2025 - present),26.57,67.80499999999999,229252,NSI Kalyanpur,Good,Satisfactory
2025-05-07,Window 2 (Feb 2025 - present),29.286956521739132,74.35652173913044,229252,NSI Kalyanpur,Good,Satisfactory
2025-05-08,Window 2 (Feb 2025 - present),28.366666666666664,70.44583333333334,229252,NSI Kalyanpur,Good,Satisfactory
2025-05-09,Window 2 (Feb 2025 - present),32.0875,85.39999999999999,229252,NSI Kalyanpur,Satisfactory,Satisfactory
2025-05-10,Window 2 (Feb 2025 - present),28.5,74.35833333333333,229252,NSI Kalyanpur,Good,Satisfactory
2025-05-11,Window 2 (Feb 2025 - present),27.6375,70.62916666666666,229252,NSI Kalyanpur,Good,Satisfactory
2025-05-12,Window 2 (Feb 2025 - present),33.166666666666664,84.45833333333333,229252,NSI Kalyanpur,Satisfactory,Satisfactory
2025-05-13,Window 2 (Feb 2025 - present),28.566666666666666,96.01666666666667,229252,NSI Kalyanpur,Good,Satisfactory
2025-05-14,Window 2 (Feb 2025 - present),37.07083333333333,117.64166666666667,229252,NSI Kalyanpur,Satisfactory,Moderate
2025-05-15,Window 2 (Feb 2025 - present),37.079166666666666,126.46249999999999,229252,NSI Kalyanpur,Satisfactory,Moderate
2025-05-16,Window 2 (Feb 2025 - present),46.875,159.03333333333333,229252,NSI Kalyanpur,Satisfactory,Moderate
2025-05-17,Window 2 (Feb 2025 - present),36.49166666666667,130.4125,229252,NSI Kalyanpur,Satisfactory,Moderate
2025-05-18,Window 2 (Feb 2025 - present),33.55833333333333,95.48333333333333,229252,NSI Kalyanpur,Satisfactory,Satisfactory
2025-05-19,Window 2 (Feb 2025 - present),30.537499999999998,76.15833333333333,229252,NSI Kalyanpur,Satisfactory,Satisfactory
2025-05-20,Window 2 (Feb 2025 - present),28.847826086956523,77.31304347826087,229252,NSI Kalyanpur,Good,Satisfactory
2025-05-21,Window 2 (Feb 2025 - present),24.358636363636364,100.29545454545455,229252,NSI Kalyanpur,Good,Moderate
2025-05-22,Window 2 (Feb 2025 - present),18.28125,38.675000000000004,229252,NSI Kalyanpur,Good,Good
2025-05-23,Window 2 (Feb 2025 - present),27.52916666666667,56.824999999999996,229252,NSI Kalyanpur,Good,Satisfactory
2025-05-24,Window 2 (Feb 2025 - present),29.59166666666667,59.425000000000004,229252,NSI Kalyanpur,Good,Satisfactory
2025-05-25,Window 2 (Feb 2025 - present),21.425,55.15833333333333,229252,NSI Kalyanpur,Good,Satisfactory
2025-05-26,Window 2 (Feb 2025 - present),21.46666666666667,53.525,229252,NSI Kalyanpur,Good,Satisfactory
2025-05-27,Window 2 (Feb 2025 - present),18.804347826086957,46.62173913043478,229252,NSI Kalyanpur,Good,Good
2025-05-28,Window 2 (Feb 2025 - present),16.6,40.82666666666667,229252,NSI Kalyanpur,Good,Good
2025-05-29,Window 2 (Feb 2025 - present),19.495833333333334,49.24166666666667,229252,NSI Kalyanpur,Good,Good
2025-05-30,Window 2 (Feb 2025 - present),29.69375,84.15625,229252,NSI Kalyanpur,Good,Satisfactory
2025-06-01,Window 2 (Feb 2025 - present),25.661578947368422,72.15263157894738,229252,NSI Kalyanpur,Good,Satisfactory
2025-06-02,Window 2 (Feb 2025 - present),28.513636363636362,92.7909090909091,229252,NSI Kalyanpur,Good,Satisfactory
2025-06-03,Window 2 (Feb 2025 - present),26.49230769230769,74.94615384615385,229252,NSI Kalyanpur,Good,Satisfactory
2025-06-04,Window 2 (Feb 2025 - present),23.141666666666666,68.075,229252,NSI Kalyanpur,Good,Satisfactory
2025-06-05,Window 2 (Feb 2025 - present),28.295833333333334,83.54583333333333,229252,NSI Kalyanpur,Good,Satisfactory
2025-06-06,Window 2 (Feb 2025 - present),32.9125,88.8875,229252,NSI Kalyanpur,Satisfactory,Satisfactory
2025-06-07,Window 2 (Feb 2025 - present),32.25416666666667,91.375,229252,NSI Kalyanpur,Satisfactory,Satisfactory
2025-06-08,Window 2 (Feb 2025 - present),32.86666666666667,112.70416666666667,229252,NSI Kalyanpur,Satisfactory,Moderate
2025-06-09,Window 2 (Feb 2025 - present),38.65,109.34166666666665,229252,NSI Kalyanpur,Satisfactory,Moderate
2025-06-10,Window 2 (Feb 2025 - present),40.15652173913043,107.81739130434784,229252,NSI Kalyanpur,Satisfactory,Moderate
2025-06-11,Window 2 (Feb 2025 - present),36.36666666666667,90.64999999999999,229252,NSI Kalyanpur,Satisfactory,Satisfactory
2025-06-12,Window 2 (Feb 2025 - present),30.195652173913043,76.4,229252,NSI Kalyanpur,Satisfactory,Satisfactory
2025-06-13,Window 2 (Feb 2025 - present),25.866666666666664,69.57083333333334,229252,NSI Kalyanpur,Good,Satisfactory
2025-06-14,Window 2 (Feb 2025 - present),29.474999999999998,81.00833333333334,229252,NSI Kalyanpur,Good,Satisfactory
2025-06-15,Window 2 (Feb 2025 - present),23.420833333333334,59.59166666666667,229252,NSI Kalyanpur,Good,Satisfactory
2025-06-16,Window 2 (Feb 2025 - present),42.69583333333333,86.21666666666665,229252,NSI Kalyanpur,Satisfactory,Satisfactory
2025-06-17,Window 2 (Feb 2025 - present),40.68333333333333,79.14583333333333,229252,NSI Kalyanpur,Satisfactory,Satisfactory
2025-06-18,Window 2 (Feb 2025 - present),29.721739130434784,67.87826086956522,229252,NSI Kalyanpur,Good,Satisfactory
2025-06-19,Window 2 (Feb 2025 - present),38.166666666666664,83.54583333333333,229252,NSI Kalyanpur,Satisfactory,Satisfactory
2025-06-20,Window 2 (Feb 2025 - present),20.687916666666666,42.875,229252,NSI Kalyanpur,Good,Good
2025-06-21,Window 2 (Feb 2025 - present),21.3,44.73684210526316,229252,NSI Kalyanpur,Good,Good
2025-06-22,Window 2 (Feb 2025 - present),28.304347826086957,45.34782608695652,229252,NSI Kalyanpur,Good,Good
2025-06-23,Window 2 (Feb 2025 - present),25.245833333333334,47.199999999999996,229252,NSI Kalyanpur,Good,Good
2025-06-24,Window 2 (Feb 2025 - present),32.28823529411765,54.14705882352941,229252,NSI Kalyanpur,Satisfactory,Satisfactory
2025-06-25,Window 2 (Feb 2025 - present),39.747368421052634,65.75263157894737,229252,NSI Kalyanpur,Satisfactory,Satisfactory
2025-06-26,Window 2 (Feb 2025 - present),25.929166666666664,53.56666666666666,229252,NSI Kalyanpur,Good,Satisfactory
2025-06-27,Window 2 (Feb 2025 - present),25.425,55.9375,229252,NSI Kalyanpur,Good,Satisfactory
2025-06-28,Window 2 (Feb 2025 - present),31.625,61.0,229252,NSI Kalyanpur,Satisfactory,Satisfactory
2025-06-29,Window 2 (Feb 2025 - present),21.03125,40.2875,229252,NSI Kalyanpur,Good,Good
2025-06-30,Window 2 (Feb 2025 - present),24.085,37.864999999999995,229252,NSI Kalyanpur,Good,Good
2025-07-01,Window 2 (Feb 2025 - present),23.712500000000002,36.19583333333333,229252,NSI Kalyanpur,Good,Good
2025-07-02,Window 2 (Feb 2025 - present),27.86818181818182,43.58181818181818,229252,NSI Kalyanpur,Good,Good
2025-07-03,Window 2 (Feb 2025 - present),15.61125,49.02916666666667,229252,NSI Kalyanpur,Good,Good
2025-07-04,Window 2 (Feb 2025 - present),11.109105263157895,38.31578947368421,229252,NSI Kalyanpur,Good,Good
2025-07-05,Window 2 (Feb 2025 - present),14.5175,51.32083333333333,229252,NSI Kalyanpur,Good,Satisfactory
2025-07-06,Window 2 (Feb 2025 - present),12.622916666666667,57.32083333333333,229252,NSI Kalyanpur,Good,Satisfactory
2025-07-07,Window 2 (Feb 2025 - present),15.579583333333334,53.90416666666667,229252,NSI Kalyanpur,Good,Satisfactory
2025-07-08,Window 2 (Feb 2025 - present),15.95125,63.0,229252,NSI Kalyanpur,Good,Satisfactory
2025-07-09,Window 2 (Feb 2025 - present),10.411375,54.38333333333333,229252,NSI Kalyanpur,Good,Satisfactory
2025-07-10,Window 2 (Feb 2025 - present),18.445833333333333,50.262499999999996,229252,NSI Kalyanpur,Good,Satisfactory
2025-07-11,Window 2 (Feb 2025 - present),17.839583333333334,40.38041666666667,229252,NSI Kalyanpur,Good,Good
2025-07-12,Window 2 (Feb 2025 - present),16.326666666666664,30.084999999999997,229252,NSI Kalyanpur,Good,Good
2025-07-13,Window 2 (Feb 2025 - present),22.925,44.75,229252,NSI Kalyanpur,Good,Good
2025-07-14,Window 2 (Feb 2025 - present),19.154166666666665,44.04583333333333,229252,NSI Kalyanpur,Good,Good
2025-07-15,Window 2 (Feb 2025 - present),20.845833333333335,45.84583333333333,229252,NSI Kalyanpur,Good,Good
2025-07-16,Window 2 (Feb 2025 - present),14.921666666666667,37.15416666666667,229252,NSI Kalyanpur,Good,Good
2025-07-17,Window 2 (Feb 2025 - present),20.881428571428568,33.55571428571428,229252,NSI Kalyanpur,Good,Good
2025-07-19,Window 2 (Feb 2025 - present),31.47047619047619,84.18095238095238,229252,NSI Kalyanpur,Satisfactory,Satisfactory
2025-07-20,Window 2 (Feb 2025 - present),37.516666666666666,110.3125,229252,NSI Kalyanpur,Satisfactory,Moderate
2025-07-21,Window 2 (Feb 2025 - present),29.3,62.887499999999996,229252,NSI Kalyanpur,Good,Satisfactory
2025-07-22,Window 2 (Feb 2025 - present),24.629166666666666,47.75833333333333,229252,NSI Kalyanpur,Good,Good
2025-07-23,Window 2 (Feb 2025 - present),18.870833333333334,33.291666666666664,229252,NSI Kalyanpur,Good,Good
2025-07-24,Window 2 (Feb 2025 - present),19.11304347826087,38.55652173913043,229252,NSI Kalyanpur,Good,Good
2025-07-25,Window 2 (Feb 2025 - present),15.310833333333333,27.662499999999998,229252,NSI Kalyanpur,Good,Good
2025-07-26,Window 2 (Feb 2025 - present),10.64,18.461666666666666,229252,NSI Kalyanpur,Good,Good
2025-07-27,Window 2 (Feb 2025 - present),16.028875,26.35875,229252,NSI Kalyanpur,Good,Good
2025-07-28,Window 2 (Feb 2025 - present),13.712916666666667,29.920833333333334,229252,NSI Kalyanpur,Good,Good
2025-07-29,Window 2 (Feb 2025 - present),12.669583333333334,21.81458333333333,229252,NSI Kalyanpur,Good,Good
2025-07-30,Window 2 (Feb 2025 - present),22.203333333333333,27.666666666666668,229252,NSI Kalyanpur,Good,Good
2025-07-31,Window 2 (Feb 2025 - present),14.834347826086956,28.782608695652176,229252,NSI Kalyanpur,Good,Good
2025-08-01,Window 2 (Feb 2025 - present),6.586842105263158,27.247368421052634,229252,NSI Kalyanpur,Good,Good
2025-08-02,Window 2 (Feb 2025 - present),8.322000000000001,37.579166666666666,229252,NSI Kalyanpur,Good,Good
2025-08-03,Window 2 (Feb 2025 - present),7.152916666666666,29.958333333333332,229252,NSI Kalyanpur,Good,Good
2025-08-04,Window 2 (Feb 2025 - present),4.488458333333333,20.495416666666667,229252,NSI Kalyanpur,Good,Good
2025-08-05,Window 2 (Feb 2025 - present),11.493478260869566,39.00869565217391,229252,NSI Kalyanpur,Good,Good
2025-08-06,Window 2 (Feb 2025 - present),6.350541666666667,33.99583333333333,229252,NSI Kalyanpur,Good,Good
2025-08-07,Window 2 (Feb 2025 - present),10.125833333333334,64.79166666666667,229252,NSI Kalyanpur,Good,Satisfactory
2025-08-08,Window 2 (Feb 2025 - present),9.020347826086956,41.96086956521739,229252,NSI Kalyanpur,Good,Good
2025-08-09,Window 2 (Feb 2025 - present),6.5825,40.041666666666664,229252,NSI Kalyanpur,Good,Good
2025-08-10,Window 2 (Feb 2025 - present),6.421166666666667,44.98333333333333,229252,NSI Kalyanpur,Good,Good
2025-08-11,Window 2 (Feb 2025 - present),6.8429166666666665,38.83,229252,NSI Kalyanpur,Good,Good
2025-08-12,Window 2 (Feb 2025 - present),7.27625,42.550000000000004,229252,NSI Kalyanpur,Good,Good
2025-08-13,Window 2 (Feb 2025 - present),5.759583333333333,35.994791666666664,229252,NSI Kalyanpur,Good,Good
2025-08-14,Window 2 (Feb 2025 - present),13.880625,36.64541666666667,229252,NSI Kalyanpur,Good,Good
2025-08-15,Window 2 (Feb 2025 - present),6.626083333333334,27.088333333333335,229252,NSI Kalyanpur,Good,Good
2025-08-16,Window 2 (Feb 2025 - present),13.98375,35.69166666666667,229252,NSI Kalyanpur,Good,Good
2025-08-17,Window 2 (Feb 2025 - present),12.801666666666668,35.766666666666666,229252,NSI Kalyanpur,Good,Good
2025-08-18,Window 2 (Feb 2025 - present),13.963043478260868,35.00869565217391,229252,NSI Kalyanpur,Good,Good
2025-08-19,Window 2 (Feb 2025 - present),15.239583333333334,33.799708333333335,229252,NSI Kalyanpur,Good,Good
2025-08-20,Window 2 (Feb 2025 - present),17.858333333333334,33.44375,229252,NSI Kalyanpur,Good,Good
2025-08-21,Window 2 (Feb 2025 - present),33.6625,54.729166666666664,229252,NSI Kalyanpur,Satisfactory,Satisfactory
2025-08-22,Window 2 (Feb 2025 - present),15.899523809523808,39.25714285714285,229252,NSI Kalyanpur,Good,Good
2025-08-23,Window 2 (Feb 2025 - present),11.643333333333333,25.116666666666664,229252,NSI Kalyanpur,Good,Good
2025-08-24,Window 2 (Feb 2025 - present),0.7041666666666666,26.33583333333333,229252,NSI Kalyanpur,Good,Good
2025-08-25,Window 2 (Feb 2025 - present),10.152083333333334,23.562916666666666,229252,NSI Kalyanpur,Good,Good
2025-08-26,Window 2 (Feb 2025 - present),19.45590909090909,40.125454545454545,229252,NSI Kalyanpur,Good,Good
2025-08-27,Window 2 (Feb 2025 - present),31.837500000000002,46.05833333333334,229252,NSI Kalyanpur,Satisfactory,Good
2025-08-28,Window 2 (Feb 2025 - present),27.258333333333336,48.291666666666664,229252,NSI Kalyanpur,Good,Good
2025-08-29,Window 2 (Feb 2025 - present),27.116666666666664,46.40416666666667,229252,NSI Kalyanpur,Good,Good
2025-08-30,Window 2 (Feb 2025 - present),33.46666666666667,39.86375,229252,NSI Kalyanpur,Satisfactory,Good
2025-08-31,Window 2 (Feb 2025 - present),23.094708333333333,40.954166666666666,229252,NSI Kalyanpur,Good,Good
2025-09-01,Window 2 (Feb 2025 - present),10.360833333333334,25.987499999999997,229252,NSI Kalyanpur,Good,Good
2025-09-02,Window 2 (Feb 2025 - present),15.124583333333334,28.108333333333334,229252,NSI Kalyanpur,Good,Good
2025-09-03,Window 2 (Feb 2025 - present),12.815416666666666,31.425,229252,NSI Kalyanpur,Good,Good
2025-09-04,Window 2 (Feb 2025 - present),11.34875,27.066666666666666,229252,NSI Kalyanpur,Good,Good
2025-09-05,Window 2 (Feb 2025 - present),28.858333333333334,49.32083333333333,229252,NSI Kalyanpur,Good,Good
2025-09-06,Window 2 (Feb 2025 - present),27.65416666666667,49.574999999999996,229252,NSI Kalyanpur,Good,Good
2025-09-07,Window 2 (Feb 2025 - present),22.109583333333333,39.6725,229252,NSI Kalyanpur,Good,Good
2025-09-08,Window 2 (Feb 2025 - present),19.016666666666666,30.056666666666665,229252,NSI Kalyanpur,Good,Good
2025-09-09,Window 2 (Feb 2025 - present),19.284782608695654,63.873913043478254,229252,NSI Kalyanpur,Good,Satisfactory
2025-09-10,Window 2 (Feb 2025 - present),25.7625,64.87083333333334,229252,NSI Kalyanpur,Good,Satisfactory
2025-09-11,Window 2 (Feb 2025 - present),32.762499999999996,73.97500000000001,229252,NSI Kalyanpur,Satisfactory,Satisfactory
2025-09-12,Window 2 (Feb 2025 - present),31.3,76.85416666666667,229252,NSI Kalyanpur,Satisfactory,Satisfactory
2025-09-13,Window 2 (Feb 2025 - present),36.329166666666666,82.10833333333333,229252,NSI Kalyanpur,Satisfactory,Satisfactory
2025-09-14,Window 2 (Feb 2025 - present),43.69583333333333,79.15416666666667,229252,NSI Kalyanpur,Satisfactory,Satisfactory
2025-09-15,Window 2 (Feb 2025 - present),29.416666666666668,55.780833333333334,229252,NSI Kalyanpur,Good,Satisfactory
2025-09-16,Window 2 (Feb 2025 - present),23.86583333333333,38.82083333333333,229252,NSI Kalyanpur,Good,Good
2025-09-17,Window 2 (Feb 2025 - present),16.82125,32.695,229252,NSI Kalyanpur,Good,Good
2025-09-18,Window 2 (Feb 2025 - present),20.219047619047622,35.41142857142857,229252,NSI Kalyanpur,Good,Good
2025-09-19,Window 2 (Feb 2025 - present),24.929166666666664,57.81666666666667,229252,NSI Kalyanpur,Good,Satisfactory
2025-09-20,Window 2 (Feb 2025 - present),46.0375,101.31333333333333,229252,NSI Kalyanpur,Satisfactory,Moderate
2025-09-21,Window 2 (Feb 2025 - present),45.55416666666667,106.7,229252,NSI Kalyanpur,Satisfactory,Moderate
2025-09-22,Window 2 (Feb 2025 - present),47.12083333333334,104.63333333333333,229252,NSI Kalyanpur,Satisfactory,Moderate
2025-09-23,Window 2 (Feb 2025 - present),41.229166666666664,82.19166666666666,229252,NSI Kalyanpur,Satisfactory,Satisfactory
2025-09-24,Window 2 (Feb 2025 - present),38.708333333333336,82.9875,229252,NSI Kalyanpur,Satisfactory,Satisfactory
2025-09-25,Window 2 (Feb 2025 - present),53.69166666666666,80.09166666666667,229252,NSI Kalyanpur,Satisfactory,Satisfactory
2025-09-26,Window 2 (Feb 2025 - present),46.018181818181816,57.60409090909091,229252,NSI Kalyanpur,Satisfactory,Satisfactory
2025-09-27,Window 2 (Feb 2025 - present),18.56,41.18333333333333,229252,NSI Kalyanpur,Good,Good
2025-09-28,Window 2 (Feb 2025 - present),14.36826086956522,36.53478260869565,229252,NSI Kalyanpur,Good,Good
2025-09-29,Window 2 (Feb 2025 - present),23.625,47.2875,229252,NSI Kalyanpur,Good,Good
2025-09-30,Window 2 (Feb 2025 - present),15.656666666666666,31.9825,229252,NSI Kalyanpur,Good,Good
2025-10-01,Window 2 (Feb 2025 - present),19.841666666666665,40.48625,229252,NSI Kalyanpur,Good,Good
2025-10-02,Window 2 (Feb 2025 - present),8.767083333333334,22.75583333333333,229252,NSI Kalyanpur,Good,Good
2025-10-03,Window 2 (Feb 2025 - present),6.864833333333333,21.9075,229252,NSI Kalyanpur,Good,Good
2025-10-04,Window 2 (Feb 2025 - present),5.8017916666666665,25.68875,229252,NSI Kalyanpur,Good,Good
2025-10-05,Window 2 (Feb 2025 - present),30.495,58.276666666666664,229252,NSI Kalyanpur,Satisfactory,Satisfactory
2025-10-06,Window 2 (Feb 2025 - present),22.579166666666666,45.375,229252,NSI Kalyanpur,Good,Good
2025-10-07,Window 2 (Feb 2025 - present),24.170833333333334,42.5625,229252,NSI Kalyanpur,Good,Good
2025-10-08,Window 2 (Feb 2025 - present),23.16,53.94583333333333,229252,NSI Kalyanpur,Good,Satisfactory
2025-10-09,Window 2 (Feb 2025 - present),47.77916666666667,112.64583333333333,229252,NSI Kalyanpur,Satisfactory,Moderate
2025-10-10,Window 2 (Feb 2025 - present),46.94285714285714,90.1952380952381,229252,NSI Kalyanpur,Satisfactory,Satisfactory
2025-10-11,Window 2 (Feb 2025 - present),41.949999999999996,98.60416666666667,229252,NSI Kalyanpur,Satisfactory,Satisfactory
2025-10-12,Window 2 (Feb 2025 - present),55.9625,102.71666666666665,229252,NSI Kalyanpur,Satisfactory,Moderate
2025-10-13,Window 2 (Feb 2025 - present),57.7125,109.38333333333333,229252,NSI Kalyanpur,Satisfactory,Moderate
2025-10-14,Window 2 (Feb 2025 - present),57.25833333333333,101.925,229252,NSI Kalyanpur,Satisfactory,Moderate
2025-10-15,Window 2 (Feb 2025 - present),64.24090909090908,105.78181818181817,229252,NSI Kalyanpur,Moderate,Moderate
2025-10-16,Window 2 (Feb 2025 - present),63.645833333333336,101.08749999999999,229252,NSI Kalyanpur,Moderate,Moderate
2025-10-17,Window 2 (Feb 2025 - present),85.13333333333334,131.69583333333333,229252,NSI Kalyanpur,Moderate,Moderate
2025-10-18,Window 2 (Feb 2025 - present),84.36875,134.24,229252,NSI Kalyanpur,Moderate,Moderate
2025-10-19,Window 2 (Feb 2025 - present),93.9391304347826,133.51739130434783,229252,NSI Kalyanpur,Poor,Moderate
2025-10-20,Window 2 (Feb 2025 - present),242.94,272.40714285714284,229252,NSI Kalyanpur,Very Poor,Poor
2025-10-21,Window 2 (Feb 2025 - present),116.15833333333335,183.16666666666666,229252,NSI Kalyanpur,Poor,Moderate
2025-10-22,Window 2 (Feb 2025 - present),106.42916666666667,170.54166666666666,229252,NSI Kalyanpur,Poor,Moderate
2025-10-23,Window 2 (Feb 2025 - present),96.93333333333334,135.42083333333332,229252,NSI Kalyanpur,Poor,Moderate
2025-10-24,Window 2 (Feb 2025 - present),69.40416666666667,153.20833333333334,229252,NSI Kalyanpur,Moderate,Moderate
2025-10-25,Window 2 (Feb 2025 - present),40.270833333333336,136.625,229252,NSI Kalyanpur,Satisfactory,Moderate
2025-10-26,Window 2 (Feb 2025 - present),0.0,146.14285714285714,229252,NSI Kalyanpur,Good,Moderate
2025-10-27,Window 2 (Feb 2025 - present),53.416666666666664,144.40416666666667,229252,NSI Kalyanpur,Satisfactory,Moderate
2025-10-28,Window 2 (Feb 2025 - present),25.849999999999998,56.05,229252,NSI Kalyanpur,Good,Satisfactory
2025-10-29,Window 2 (Feb 2025 - present),16.614285714285714,53.114285714285714,229252,NSI Kalyanpur,Good,Satisfactory
2025-10-30,Window 2 (Feb 2025 - present),6.898095238095239,28.37142857142857,229252,NSI Kalyanpur,Good,Good
2025-10-31,Window 2 (Feb 2025 - present),15.781434782608697,54.321739130434786,229252,NSI Kalyanpur,Good,Satisfactory
2025-11-01,Window 2 (Feb 2025 - present),48.25833333333333,111.54166666666667,229252,NSI Kalyanpur,Satisfactory,Moderate
2025-11-02,Window 2 (Feb 2025 - present),81.75652173913043,156.7826086956522,229252,NSI Kalyanpur,Moderate,Moderate
2025-11-03,Window 2 (Feb 2025 - present),72.67857142857143,160.71428571428572,229252,NSI Kalyanpur,Moderate,Moderate
2025-11-04,Window 2 (Feb 2025 - present),71.985,150.32999999999998,229252,NSI Kalyanpur,Moderate,Moderate
2025-11-05,Window 2 (Feb 2025 - present),84.7625,164.08333333333334,229252,NSI Kalyanpur,Moderate,Moderate
2025-11-06,Window 2 (Feb 2025 - present),81.32608695652173,168.43478260869566,229252,NSI Kalyanpur,Moderate,Moderate
2025-11-07,Window 2 (Feb 2025 - present),97.91666666666667,190.16666666666666,229252,NSI Kalyanpur,Poor,Moderate
2025-11-08,Window 2 (Feb 2025 - present),108.14583333333333,206.91666666666666,229252,NSI Kalyanpur,Poor,Moderate
2025-11-09,Window 2 (Feb 2025 - present),58.87916666666666,130.61666666666667,229252,NSI Kalyanpur,Satisfactory,Moderate
2025-11-10,Window 2 (Feb 2025 - present),85.95555555555556,157.83333333333334,229252,NSI Kalyanpur,Moderate,Moderate
2025-11-11,Window 2 (Feb 2025 - present),86.30833333333334,153.12916666666666,229252,NSI Kalyanpur,Moderate,Moderate
2025-11-12,Window 2 (Feb 2025 - present),81.52499999999999,148.60416666666666,229252,NSI Kalyanpur,Moderate,Moderate
2025-11-13,Window 2 (Feb 2025 - present),76.49565217391304,143.68260869565216,229252,NSI Kalyanpur,Moderate,Moderate
2025-11-14,Window 2 (Feb 2025 - present),74.02083333333333,139.77083333333334,229252,NSI Kalyanpur,Moderate,Moderate
2025-11-15,Window 2 (Feb 2025 - present),70.79166666666667,131.44583333333333,229252,NSI Kalyanpur,Moderate,Moderate
2025-11-16,Window 2 (Feb 2025 - present),57.3125,119.12083333333334,229252,NSI Kalyanpur,Satisfactory,Moderate
2025-11-17,Window 2 (Feb 2025 - present),44.10833333333333,120.29583333333333,229252,NSI Kalyanpur,Satisfactory,Moderate
2025-11-18,Window 2 (Feb 2025 - present),64.32222222222222,115.67222222222222,229252,NSI Kalyanpur,Moderate,Moderate
2025-11-19,Window 2 (Feb 2025 - present),78.80833333333334,131.6625,229252,NSI Kalyanpur,Moderate,Moderate
2025-11-20,Window 2 (Feb 2025 - present),79.5,132.70000000000002,229252,NSI Kalyanpur,Moderate,Moderate
2025-11-21,Window 2 (Feb 2025 - present),62.04583333333333,109.5,229252,NSI Kalyanpur,Moderate,Moderate
2025-11-22,Window 2 (Feb 2025 - present),54.7125,102.97500000000001,229252,NSI Kalyanpur,Satisfactory,Moderate
2025-11-23,Window 2 (Feb 2025 - present),66.73636363636363,117.52272727272727,229252,NSI Kalyanpur,Moderate,Moderate
2025-11-24,Window 2 (Feb 2025 - present),58.62083333333334,112.62083333333334,229252,NSI Kalyanpur,Satisfactory,Moderate
2025-11-25,Window 2 (Feb 2025 - present),62.40833333333333,116.32083333333333,229252,NSI Kalyanpur,Moderate,Moderate
2025-11-26,Window 2 (Feb 2025 - present),45.0625,94.1875,229252,NSI Kalyanpur,Satisfactory,Satisfactory
2025-11-27,Window 2 (Feb 2025 - present),49.520833333333336,93.53750000000001,229252,NSI Kalyanpur,Satisfactory,Satisfactory
2025-11-28,Window 2 (Feb 2025 - present),49.09166666666667,98.93333333333334,229252,NSI Kalyanpur,Satisfactory,Satisfactory
2025-11-29,Window 2 (Feb 2025 - present),43.225,91.3625,229252,NSI Kalyanpur,Satisfactory,Satisfactory
2025-11-30,Window 2 (Feb 2025 - present),54.49583333333333,105.65833333333335,229252,NSI Kalyanpur,Satisfactory,Moderate
2025-12-01,Window 2 (Feb 2025 - present),55.26086956521739,116.16086956521738,229252,NSI Kalyanpur,Satisfactory,Moderate
2025-12-02,Window 2 (Feb 2025 - present),78.53333333333333,146.21666666666667,229252,NSI Kalyanpur,Moderate,Moderate
2025-12-03,Window 2 (Feb 2025 - present),56.04583333333333,109.8625,229252,NSI Kalyanpur,Satisfactory,Moderate
2025-12-04,Window 2 (Feb 2025 - present),46.76190476190476,97.71904761904761,229252,NSI Kalyanpur,Satisfactory,Satisfactory
2025-12-05,Window 2 (Feb 2025 - present),60.71666666666667,116.89999999999999,229252,NSI Kalyanpur,Moderate,Moderate
2025-12-06,Window 2 (Feb 2025 - present),54.729166666666664,98.77083333333333,229252,NSI Kalyanpur,Satisfactory,Satisfactory
2025-12-07,Window 2 (Feb 2025 - present),55.56666666666666,105.45833333333333,229252,NSI Kalyanpur,Satisfactory,Moderate
2025-12-08,Window 2 (Feb 2025 - present),45.40833333333333,94.13333333333333,229252,NSI Kalyanpur,Satisfactory,Satisfactory
2025-12-09,Window 2 (Feb 2025 - present),39.074999999999996,85.8125,229252,NSI Kalyanpur,Satisfactory,Satisfactory
2025-12-10,Window 2 (Feb 2025 - present),38.69583333333333,83.90833333333333,229252,NSI Kalyanpur,Satisfactory,Satisfactory
2025-12-11,Window 2 (Feb 2025 - present),72.58260869565218,125.72608695652173,229252,NSI Kalyanpur,Moderate,Moderate
2025-12-12,Window 2 (Feb 2025 - present),78.75833333333334,125.38333333333333,229252,NSI Kalyanpur,Moderate,Moderate
2025-12-13,Window 2 (Feb 2025 - present),91.63333333333333,135.17083333333332,229252,NSI Kalyanpur,Poor,Moderate
2025-12-14,Window 2 (Feb 2025 - present),66.64583333333333,106.87083333333334,229252,NSI Kalyanpur,Moderate,Moderate
2025-12-15,Window 2 (Feb 2025 - present),64.4875,107.03750000000001,229252,NSI Kalyanpur,Moderate,Moderate
2025-12-16,Window 2 (Feb 2025 - present),58.37916666666666,94.0625,229252,NSI Kalyanpur,Satisfactory,Satisfactory
2025-12-17,Window 2 (Feb 2025 - present),65.73913043478261,107.5695652173913,229252,NSI Kalyanpur,Moderate,Moderate
2025-12-18,Window 2 (Feb 2025 - present),69.62272727272727,120.9909090909091,229252,NSI Kalyanpur,Moderate,Moderate
2025-12-19,Window 2 (Feb 2025 - present),77.85652173913044,123.81739130434784,229252,NSI Kalyanpur,Moderate,Moderate
2025-12-20,Window 2 (Feb 2025 - present),69.8,109.825,229252,NSI Kalyanpur,Moderate,Moderate
2025-12-21,Window 2 (Feb 2025 - present),97.69583333333333,145.73333333333332,229252,NSI Kalyanpur,Poor,Moderate
2025-12-22,Window 2 (Feb 2025 - present),54.99130434782609,119.04782608695652,229252,NSI Kalyanpur,Satisfactory,Moderate
2025-12-23,Window 2 (Feb 2025 - present),76.18333333333334,180.33333333333334,229252,NSI Kalyanpur,Moderate,Moderate
2025-12-24,Window 2 (Feb 2025 - present),72.4,172.58260869565217,229252,NSI Kalyanpur,Moderate,Moderate
2025-12-25,Window 2 (Feb 2025 - present),45.275,117.12916666666666,229252,NSI Kalyanpur,Satisfactory,Moderate
2025-12-26,Window 2 (Feb 2025 - present),48.41304347826087,122.41304347826087,229252,NSI Kalyanpur,Satisfactory,Moderate
2025-12-27,Window 2 (Feb 2025 - present),22.15416666666667,139.30833333333334,229252,NSI Kalyanpur,Good,Moderate
2025-12-28,Window 2 (Feb 2025 - present),35.66818181818182,139.29545454545453,229252,NSI Kalyanpur,Satisfactory,Moderate
2025-12-29,Window 2 (Feb 2025 - present),68.96521739130435,177.04347826086956,229252,NSI Kalyanpur,Moderate,Moderate
2025-12-30,Window 2 (Feb 2025 - present),92.08888888888889,211.61111111111111,229252,NSI Kalyanpur,Poor,Moderate
2025-12-31,Window 2 (Feb 2025 - present),79.18333333333334,184.95833333333334,229252,NSI Kalyanpur,Moderate,Moderate
2026-01-01,Window 2 (Feb 2025 - present),75.625,177.33333333333334,229252,NSI Kalyanpur,Moderate,Moderate
2026-01-02,Window 2 (Feb 2025 - present),42.25714285714285,117.38571428571429,229252,NSI Kalyanpur,Satisfactory,Moderate
2026-01-03,Window 2 (Feb 2025 - present),49.854166666666664,135.05833333333334,229252,NSI Kalyanpur,Satisfactory,Moderate
2026-01-04,Window 2 (Feb 2025 - present),65.19166666666666,161.16666666666666,229252,NSI Kalyanpur,Moderate,Moderate
2026-01-05,Window 2 (Feb 2025 - present),50.14166666666667,140.40833333333333,229252,NSI Kalyanpur,Satisfactory,Moderate
2026-01-06,Window 2 (Feb 2025 - present),48.166666666666664,124.58333333333333,229252,NSI Kalyanpur,Satisfactory,Moderate
2026-01-07,Window 2 (Feb 2025 - present),54.887499999999996,140.64583333333334,229252,NSI Kalyanpur,Satisfactory,Moderate
2026-01-08,Window 2 (Feb 2025 - present),40.891666666666666,113.89583333333333,229252,NSI Kalyanpur,Satisfactory,Moderate
2026-01-09,Window 2 (Feb 2025 - present),63.89166666666667,158.81666666666666,229252,NSI Kalyanpur,Moderate,Moderate
2026-01-10,Window 2 (Feb 2025 - present),47.43636363636363,138.1818181818182,229252,NSI Kalyanpur,Satisfactory,Moderate
2026-01-20,Window 2 (Feb 2025 - present),58.67,152.1,229252,NSI Kalyanpur,Satisfactory,Moderate
2026-01-21,Window 2 (Feb 2025 - present),48.791666666666664,132.3375,229252,NSI Kalyanpur,Satisfactory,Moderate
2026-01-22,Window 2 (Feb 2025 - present),65.075,136.30833333333334,229252,NSI Kalyanpur,Moderate,Moderate
2026-01-23,Window 2 (Feb 2025 - present),49.3375,140.25,229252,NSI Kalyanpur,Satisfactory,Moderate
2026-01-24,Window 2 (Feb 2025 - present),42.70416666666667,117.0625,229252,NSI Kalyanpur,Satisfactory,Moderate
2026-01-25,Window 2 (Feb 2025 - present),25.537499999999998,95.425,229252,NSI Kalyanpur,Good,Satisfactory
2026-01-26,Window 2 (Feb 2025 - present),42.47083333333333,119.16250000000001,229252,NSI Kalyanpur,Satisfactory,Moderate
2026-01-27,Window 2 (Feb 2025 - present),41.03913043478261,114.99565217391304,229252,NSI Kalyanpur,Satisfactory,Moderate
2026-01-28,Window 2 (Feb 2025 - present),17.36,61.25,229252,NSI Kalyanpur,Good,Satisfactory
2026-01-29,Window 2 (Feb 2025 - present),28.141666666666666,83.07083333333334,229252,NSI Kalyanpur,Good,Satisfactory
2026-01-30,Window 2 (Feb 2025 - present),30.276521739130434,84.52173913043478,229252,NSI Kalyanpur,Satisfactory,Satisfactory
2026-01-31,Window 2 (Feb 2025 - present),35.34166666666667,91.94166666666666,229252,NSI Kalyanpur,Satisfactory,Satisfactory
2026-02-01,Window 2 (Feb 2025 - present),52.32083333333333,135.07083333333333,229252,NSI Kalyanpur,Satisfactory,Moderate
2026-02-02,Window 2 (Feb 2025 - present),35.2875,98.25,229252,NSI Kalyanpur,Satisfactory,Satisfactory
2026-02-03,Window 2 (Feb 2025 - present),19.733333333333334,59.96666666666667,229252,NSI Kalyanpur,Good,Satisfactory
2026-02-04,Window 2 (Feb 2025 - present),24.022222222222222,78.19999999999999,229252,NSI Kalyanpur,Good,Satisfactory
2026-02-05,Window 2 (Feb 2025 - present),31.733333333333334,93.10416666666667,229252,NSI Kalyanpur,Satisfactory,Satisfactory
2026-02-06,Window 2 (Feb 2025 - present),28.520833333333332,85.99166666666667,229252,NSI Kalyanpur,Good,Satisfactory
2026-02-07,Window 2 (Feb 2025 - present),21.572105263157894,78.28947368421052,229252,NSI Kalyanpur,Good,Satisfactory
2026-02-08,Window 2 (Feb 2025 - present),60.87777777777777,137.88888888888889,229252,NSI Kalyanpur,Moderate,Moderate
2026-02-09,Window 2 (Feb 2025 - present),61.71666666666667,139.86666666666667,229252,NSI Kalyanpur,Moderate,Moderate
2026-02-10,Window 2 (Feb 2025 - present),59.65,141.12916666666666,229252,NSI Kalyanpur,Satisfactory,Moderate
2026-02-11,Window 2 (Feb 2025 - present),52.06521739130435,135.77391304347827,229252,NSI Kalyanpur,Satisfactory,Moderate
2026-02-12,Window 2 (Feb 2025 - present),26.46166666666667,89.30416666666667,229252,NSI Kalyanpur,Good,Satisfactory
2026-02-13,Window 2 (Feb 2025 - present),38.03916666666667,107.5,229252,NSI Kalyanpur,Satisfactory,Moderate
2026-02-14,Window 2 (Feb 2025 - present),35.57083333333333,97.2,229252,NSI Kalyanpur,Satisfactory,Satisfactory
2026-02-15,Window 2 (Feb 2025 - present),34.454166666666666,107.5125,229252,NSI Kalyanpur,Satisfactory,Moderate
2026-02-16,Window 2 (Feb 2025 - present),31.134999999999998,111.75,229252,NSI Kalyanpur,Satisfactory,Moderate
2026-02-17,Window 2 (Feb 2025 - present),21.788,79.6,229252,NSI Kalyanpur,Good,Satisfactory
2026-02-18,Window 2 (Feb 2025 - present),37.74,93.3,229252,NSI Kalyanpur,Satisfactory,Satisfactory
2026-02-19,Window 2 (Feb 2025 - present),40.64375,86.9,229252,NSI Kalyanpur,Satisfactory,Satisfactory
2026-02-20,Window 2 (Feb 2025 - present),35.04347826086956,80.70434782608696,229252,NSI Kalyanpur,Satisfactory,Satisfactory
2026-02-21,Window 2 (Feb 2025 - present),42.37391304347826,96.5304347826087,229252,NSI Kalyanpur,Satisfactory,Satisfactory
2026-02-22,Window 2 (Feb 2025 - present),52.869565217391305,117.5086956521739,229252,NSI Kalyanpur,Satisfactory,Moderate
2026-02-23,Window 2 (Feb 2025 - present),64.11666666666666,151.45833333333334,229252,NSI Kalyanpur,Moderate,Moderate
2026-02-24,Window 2 (Feb 2025 - present),53.38636363636363,126.4,229252,NSI Kalyanpur,Satisfactory,Moderate
2026-02-25,Window 2 (Feb 2025 - present),38.845454545454544,95.43636363636364,229252,NSI Kalyanpur,Satisfactory,Satisfactory
2026-02-26,Window 2 (Feb 2025 - present),47.41904761904762,117.93809523809523,229252,NSI Kalyanpur,Satisfactory,Moderate
2026-02-27,Window 2 (Feb 2025 - present),72.1375,175.53333333333333,229252,NSI Kalyanpur,Moderate,Moderate
2026-02-28,Window 2 (Feb 2025 - present),55.95652173913044,143.47826086956522,229252,NSI Kalyanpur,Satisfactory,Moderate
2026-03-01,Window 2 (Feb 2025 - present),25.13434782608696,89.2695652173913,229252,NSI Kalyanpur,Good,Satisfactory
2026-03-02,Window 2 (Feb 2025 - present),43.50952380952381,104.07619047619048,229252,NSI Kalyanpur,Satisfactory,Moderate
2026-03-03,Window 2 (Feb 2025 - present),34.15652173913043,88.7695652173913,229252,NSI Kalyanpur,Satisfactory,Satisfactory
2026-03-04,Window 2 (Feb 2025 - present),38.81666666666667,92.14999999999999,229252,NSI Kalyanpur,Satisfactory,Satisfactory
2026-03-05,Window 2 (Feb 2025 - present),36.18695652173913,95.67826086956521,229252,NSI Kalyanpur,Satisfactory,Satisfactory
2026-03-06,Window 2 (Feb 2025 - present),56.64166666666667,125.44166666666666,229252,NSI Kalyanpur,Satisfactory,Moderate
2026-03-07,Window 2 (Feb 2025 - present),72.655,154.25,229252,NSI Kalyanpur,Moderate,Moderate
2026-03-08,Window 2 (Feb 2025 - present),73.875,149.125,229252,NSI Kalyanpur,Moderate,Moderate
2026-03-09,Window 2 (Feb 2025 - present),47.233333333333334,122.22222222222223,229252,NSI Kalyanpur,Satisfactory,Moderate
2026-03-10,Window 2 (Feb 2025 - present),67.05882352941177,136.1,229252,NSI Kalyanpur,Moderate,Moderate
2026-03-11,Window 2 (Feb 2025 - present),56.0304347826087,135.52173913043478,229252,NSI Kalyanpur,Satisfactory,Moderate
2026-03-12,Window 2 (Feb 2025 - present),46.59166666666667,131.14583333333334,229252,NSI Kalyanpur,Satisfactory,Moderate
2026-03-13,Window 2 (Feb 2025 - present),39.35454545454545,111.06363636363636,229252,NSI Kalyanpur,Satisfactory,Moderate
2026-03-14,Window 2 (Feb 2025 - present),34.112500000000004,91.54166666666667,229252,NSI Kalyanpur,Satisfactory,Satisfactory
2026-03-15,Window 2 (Feb 2025 - present),24.258333333333336,88.03750000000001,229252,NSI Kalyanpur,Good,Satisfactory
2026-03-16,Window 2 (Feb 2025 - present),60.34166666666667,132.1625,229252,NSI Kalyanpur,Moderate,Moderate
2026-03-17,Window 2 (Feb 2025 - present),65.27083333333333,149.29166666666666,229252,NSI Kalyanpur,Moderate,Moderate
2026-03-18,Window 2 (Feb 2025 - present),55.30833333333334,132.25,229252,NSI Kalyanpur,Satisfactory,Moderate
2026-03-19,Window 2 (Feb 2025 - present),42.15,107.73333333333333,229252,NSI Kalyanpur,Satisfactory,Moderate
2026-03-20,Window 2 (Feb 2025 - present),40.65,77.06666666666668,229252,NSI Kalyanpur,Satisfactory,Satisfactory
2026-03-21,Window 2 (Feb 2025 - present),30.0,63.708333333333336,229252,NSI Kalyanpur,Good,Satisfactory
2026-03-22,Window 2 (Feb 2025 - present),36.0375,84.34166666666667,229252,NSI Kalyanpur,Satisfactory,Satisfactory
2026-03-23,Window 2 (Feb 2025 - present),46.231818181818184,103.75454545454545,229252,NSI Kalyanpur,Satisfactory,Moderate
2026-03-24,Window 2 (Feb 2025 - present),45.30434782608695,62.73913043478261,229252,NSI Kalyanpur,Satisfactory,Satisfactory
2026-03-25,Window 2 (Feb 2025 - present),36.72545454545455,61.35454545454545,229252,NSI Kalyanpur,Satisfactory,Satisfactory
2026-03-26,Window 2 (Feb 2025 - present),37.074999999999996,96.6125,229252,NSI Kalyanpur,Satisfactory,Satisfactory
2026-03-27,Window 2 (Feb 2025 - present),44.07916666666667,105.45416666666667,229252,NSI Kalyanpur,Satisfactory,Moderate
2026-03-28,Window 2 (Feb 2025 - present),34.045833333333334,80.35416666666667,229252,NSI Kalyanpur,Satisfactory,Satisfactory
2026-03-29,Window 2 (Feb 2025 - present),42.0625,99.35416666666667,229252,NSI Kalyanpur,Satisfactory,Satisfactory
2026-03-30,Window 2 (Feb 2025 - present),33.26521739130435,143.6695652173913,229252,NSI Kalyanpur,Satisfactory,Moderate
2026-03-31,Window 2 (Feb 2025 - present),20.671666666666667,76.61666666666666,229252,NSI Kalyanpur,Good,Satisfactory
2026-04-01,Window 2 (Feb 2025 - present),26.30416666666667,66.8,229252,NSI Kalyanpur,Good,Satisfactory
2026-04-02,Window 2 (Feb 2025 - present),39.137499999999996,99.84583333333335,229252,NSI Kalyanpur,Satisfactory,Satisfactory
2026-04-03,Window 2 (Feb 2025 - present),32.865,132.6,229252,NSI Kalyanpur,Satisfactory,Moderate
2026-04-04,Window 2 (Feb 2025 - present),19.81,76.39,229252,NSI Kalyanpur,Good,Satisfactory
2026-04-06,Window 2 (Feb 2025 - present),50.4705,85.9555,229252,NSI Kalyanpur,Satisfactory,Satisfactory
2026-04-07,Window 2 (Feb 2025 - present),24.2,56.86363636363637,229252,NSI Kalyanpur,Good,Satisfactory
2026-04-08,Window 2 (Feb 2025 - present),19.8,45.630434782608695,229252,NSI Kalyanpur,Good,Good
2026-04-09,Window 2 (Feb 2025 - present),38.86818181818182,85.89090909090909,229252,NSI Kalyanpur,Satisfactory,Satisfactory
2026-04-10,Window 2 (Feb 2025 - present),22.569565217391304,80.29565217391304,229252,NSI Kalyanpur,Good,Satisfactory
2026-04-11,Window 2 (Feb 2025 - present),32.6875,113.03750000000001,229252,NSI Kalyanpur,Satisfactory,Moderate
2026-04-12,Window 2 (Feb 2025 - present),37.76521739130435,125.95652173913044,229252,NSI Kalyanpur,Satisfactory,Moderate
2026-04-13,Window 2 (Feb 2025 - present),34.145833333333336,105.91666666666667,229252,NSI Kalyanpur,Satisfactory,Moderate
2026-04-14,Window 2 (Feb 2025 - present),54.735,130.025,229252,NSI Kalyanpur,Satisfactory,Moderate
2026-04-15,Window 2 (Feb 2025 - present),42.130434782608695,106.8608695652174,229252,NSI Kalyanpur,Satisfactory,Moderate
2026-04-16,Window 2 (Feb 2025 - present),65.3,132.4375,229252,NSI Kalyanpur,Moderate,Moderate
2026-04-17,Window 2 (Feb 2025 - present),56.785714285714285,140.2047619047619,229252,NSI Kalyanpur,Satisfactory,Moderate
2026-04-18,Window 2 (Feb 2025 - present),57.84761904761905,135.61904761904762,229252,NSI Kalyanpur,Satisfactory,Moderate
2026-04-19,Window 2 (Feb 2025 - present),45.19583333333333,114.7,229252,NSI Kalyanpur,Satisfactory,Moderate
2026-04-20,Window 2 (Feb 2025 - present),42.10909090909091,113.09545454545454,229252,NSI Kalyanpur,Satisfactory,Moderate
2026-04-21,Window 2 (Feb 2025 - present),38.8125,114.64999999999999,229252,NSI Kalyanpur,Satisfactory,Moderate
2026-04-22,Window 2 (Feb 2025 - present),42.012499999999996,120.47083333333335,229252,NSI Kalyanpur,Satisfactory,Moderate
2026-04-23,Window 2 (Feb 2025 - present),39.82272727272727,102.47727272727273,229252,NSI Kalyanpur,Satisfactory,Moderate
2026-04-24,Window 2 (Feb 2025 - present),48.904347826086955,113.22173913043478,229252,NSI Kalyanpur,Satisfactory,Moderate
2026-04-25,Window 2 (Feb 2025 - present),48.13913043478261,116.07826086956523,229252,NSI Kalyanpur,Satisfactory,Moderate
2026-04-26,Window 2 (Feb 2025 - present),43.00416666666666,120.49166666666667,229252,NSI Kalyanpur,Satisfactory,Moderate
2026-04-27,Window 2 (Feb 2025 - present),54.6,129.6875,229252,NSI Kalyanpur,Satisfactory,Moderate
2026-04-28,Window 2 (Feb 2025 - present),45.79565217391304,116.8608695652174,229252,NSI Kalyanpur,Satisfactory,Moderate
2026-04-29,Window 2 (Feb 2025 - present),56.18333333333334,133.6625,229252,NSI Kalyanpur,Satisfactory,Moderate
2026-04-30,Window 2 (Feb 2025 - present),28.34583333333333,38.50833333333333,229252,NSI Kalyanpur,Good,Good
2026-05-01,Window 2 (Feb 2025 - present),26.875,35.770833333333336,229252,NSI Kalyanpur,Good,Good
2026-05-02,Window 2 (Feb 2025 - present),32.49285714285714,49.214285714285715,229252,NSI Kalyanpur,Satisfactory,Good
2026-05-03,Window 2 (Feb 2025 - present),25.358333333333334,45.35,229252,NSI Kalyanpur,Good,Good
2026-05-04,Window 2 (Feb 2025 - present),17.33565,37.3505,229252,NSI Kalyanpur,Good,Good
2026-05-05,Window 2 (Feb 2025 - present),20.875,36.21666666666667,229252,NSI Kalyanpur,Good,Good
2026-05-06,Window 2 (Feb 2025 - present),9.322222222222223,45.01111111111111,229252,NSI Kalyanpur,Good,Good
2026-05-07,Window 2 (Feb 2025 - present),0.0,42.48888888888889,229252,NSI Kalyanpur,Good,Good
2026-05-08,Window 2 (Feb 2025 - present),0.0,62.26666666666667,229252,NSI Kalyanpur,Good,Satisfactory
2026-05-09,Window 2 (Feb 2025 - present),0.0,75.32916666666667,229252,NSI Kalyanpur,Good,Satisfactory
2026-05-10,Window 2 (Feb 2025 - present),0.0,85.8875,229252,NSI Kalyanpur,Good,Satisfactory
2026-05-11,Window 2 (Feb 2025 - present),0.0,76.64583333333333,229252,NSI Kalyanpur,Good,Satisfactory
2026-05-12,Window 2 (Feb 2025 - present),38.6,105.64000000000001,229252,NSI Kalyanpur,Satisfactory,Moderate
2026-05-13,Window 2 (Feb 2025 - present),47.88619047619048,107.98095238095237,229252,NSI Kalyanpur,Satisfactory,Moderate
2026-05-14,Window 2 (Feb 2025 - present),40.25833333333333,111.1375,229252,NSI Kalyanpur,Satisfactory,Moderate
2026-05-15,Window 2 (Feb 2025 - present),46.07826086956521,104.87826086956521,229252,NSI Kalyanpur,Satisfactory,Moderate
2026-05-16,Window 2 (Feb 2025 - present),46.62083333333334,113.82916666666667,229252,NSI Kalyanpur,Satisfactory,Moderate
2026-05-17,Window 2 (Feb 2025 - present),58.95416666666667,162.12083333333334,229252,NSI Kalyanpur,Satisfactory,Moderate
2026-05-18,Window 2 (Feb 2025 - present),49.645833333333336,142.5,229252,NSI Kalyanpur,Satisfactory,Moderate
2026-05-19,Window 2 (Feb 2025 - present),65.12083333333334,171.375,229252,NSI Kalyanpur,Moderate,Moderate
2026-05-20,Window 2 (Feb 2025 - present),51.22083333333333,129.27083333333334,229252,NSI Kalyanpur,Satisfactory,Moderate
2026-05-21,Window 2 (Feb 2025 - present),43.9375,155.875,229252,NSI Kalyanpur,Satisfactory,Moderate
2026-05-22,Window 2 (Feb 2025 - present),50.35454545454545,140.6909090909091,229252,NSI Kalyanpur,Satisfactory,Moderate
2026-05-23,Window 2 (Feb 2025 - present),44.94782608695652,13.73913043478261,229252,NSI Kalyanpur,Satisfactory,Good
2026-05-24,Window 2 (Feb 2025 - present),69.19166666666666,0.0,229252,NSI Kalyanpur,Moderate,Good
2026-05-25,Window 2 (Feb 2025 - present),47.90416666666667,131.98333333333332,229252,NSI Kalyanpur,Satisfactory,Moderate
2026-05-26,Window 2 (Feb 2025 - present),34.2125,108.97500000000001,229252,NSI Kalyanpur,Satisfactory,Moderate
2026-05-27,Window 2 (Feb 2025 - present),28.029000000000003,65.05499999999999,229252,NSI Kalyanpur,Good,Satisfactory
2026-05-28,Window 2 (Feb 2025 - present),26.219047619047622,49.719047619047615,229252,NSI Kalyanpur,Good,Good
2026-05-29,Window 2 (Feb 2025 - present),9.00023076923077,4.451153846153846,229252,NSI Kalyanpur,Good,Good
2026-05-30,Window 2 (Feb 2025 - present),12.664166666666667,34.160125,229252,NSI Kalyanpur,Good,Good
2026-05-31,Window 2 (Feb 2025 - present),16.533333333333335,51.60833333333333,229252,NSI Kalyanpur,Good,Satisfactory
2026-06-01,Window 2 (Feb 2025 - present),21.983333333333334,53.0375,229252,NSI Kalyanpur,Good,Satisfactory
2026-06-02,Window 2 (Feb 2025 - present),28.617391304347827,79.08695652173913,229252,NSI Kalyanpur,Good,Satisfactory
2026-06-03,Window 2 (Feb 2025 - present),33.8375,87.17083333333333,229252,NSI Kalyanpur,Satisfactory,Satisfactory
2026-06-04,Window 2 (Feb 2025 - present),28.611739130434785,78.68260869565218,229252,NSI Kalyanpur,Good,Satisfactory
2026-06-05,Window 2 (Feb 2025 - present),24.900000000000002,76.53478260869565,229252,NSI Kalyanpur,Good,Satisfactory
2026-06-06,Window 2 (Feb 2025 - present),37.108695652173914,103.5391304347826,229252,NSI Kalyanpur,Satisfactory,Moderate
2026-06-07,Window 2 (Feb 2025 - present),30.62173913043478,108.40869565217392,229252,NSI Kalyanpur,Satisfactory,Moderate
2026-06-08,Window 2 (Feb 2025 - present),23.904347826086955,99.10434782608696,229252,NSI Kalyanpur,Good,Satisfactory
2026-06-09,Window 2 (Feb 2025 - present),28.695833333333336,130.32083333333333,229252,NSI Kalyanpur,Good,Moderate
2026-06-10,Window 2 (Feb 2025 - present),26.45714285714286,110.42380952380952,229252,NSI Kalyanpur,Good,Moderate
2026-06-11,Window 2 (Feb 2025 - present),17.855217391304347,59.37826086956522,229252,NSI Kalyanpur,Good,Satisfactory
2026-06-12,Window 2 (Feb 2025 - present),26.15833333333333,57.291666666666664,229252,NSI Kalyanpur,Good,Satisfactory
2026-06-13,Window 2 (Feb 2025 - present),16.815833333333334,48.6625,229252,NSI Kalyanpur,Good,Good
2026-06-14,Window 2 (Feb 2025 - present),24.404347826086955,75.0,229252,NSI Kalyanpur,Good,Satisfactory
2026-06-15,Window 2 (Feb 2025 - present),23.58421052631579,78.87894736842105,229252,NSI Kalyanpur,Good,Satisfactory
2026-06-16,Window 2 (Feb 2025 - present),38.25,122.86818181818181,229252,NSI Kalyanpur,Satisfactory,Moderate
2026-06-17,Window 2 (Feb 2025 - present),39.416666666666664,102.33333333333333,229252,NSI Kalyanpur,Satisfactory,Moderate
2026-06-18,Window 2 (Feb 2025 - present),36.142857142857146,100.74285714285713,229252,NSI Kalyanpur,Satisfactory,Moderate
2026-06-19,Window 2 (Feb 2025 - present),35.32727272727273,102.75,229252,NSI Kalyanpur,Satisfactory,Moderate
2026-06-20,Window 2 (Feb 2025 - present),28.308333333333334,99.40833333333335,229252,NSI Kalyanpur,Good,Satisfactory
2026-06-21,Window 2 (Feb 2025 - present),20.133333333333333,86.35416666666667,229252,NSI Kalyanpur,Good,Satisfactory
2026-06-22,Window 2 (Feb 2025 - present),28.095652173913045,112.37826086956521,229252,NSI Kalyanpur,Good,Moderate
2026-06-23,Window 2 (Feb 2025 - present),23.56,100.44,229252,NSI Kalyanpur,Good,Moderate
2026-06-25,Window 2 (Feb 2025 - present),54.84444444444444,151.33333333333334,229252,NSI Kalyanpur,Satisfactory,Moderate
2026-06-26,Window 2 (Feb 2025 - present),28.912499999999998,99.27916666666665,229252,NSI Kalyanpur,Good,Satisfactory
2026-06-27,Window 2 (Feb 2025 - present),28.104166666666668,84.98333333333333,229252,NSI Kalyanpur,Good,Satisfactory
2026-06-28,Window 2 (Feb 2025 - present),18.804166666666667,60.583333333333336,229252,NSI Kalyanpur,Good,Satisfactory
2026-06-29,Window 2 (Feb 2025 - present),21.900000000000002,68.00416666666666,229252,NSI Kalyanpur,Good,Satisfactory
2026-06-30,Window 2 (Feb 2025 - present),16.609130434782607,44.52173913043478,229252,NSI Kalyanpur,Good,Good
2026-07-01,Window 2 (Feb 2025 - present),18.2925,47.5625,229252,NSI Kalyanpur,Good,Good
2026-07-02,Window 2 (Feb 2025 - present),25.979166666666668,51.69583333333333,229252,NSI Kalyanpur,Good,Satisfactory
2026-07-03,Window 2 (Feb 2025 - present),6.685555555555556,26.895,229252,NSI Kalyanpur,Good,Good
2026-07-04,Window 2 (Feb 2025 - present),16.596666666666668,44.21666666666667,229252,NSI Kalyanpur,Good,Good
2026-07-05,Window 2 (Feb 2025 - present),9.399166666666668,43.79583333333333,229252,NSI Kalyanpur,Good,Good
2026-07-06,Window 2 (Feb 2025 - present),6.336304347826086,35.160869565217396,229252,NSI Kalyanpur,Good,Good
2026-07-07,Window 2 (Feb 2025 - present),7.587,32.291666666666664,229252,NSI Kalyanpur,Good,Good
2026-07-08,Window 2 (Feb 2025 - present),6.0,29.683333333333334,229252,NSI Kalyanpur,Good,Good
2026-07-09,Window 2 (Feb 2025 - present),11.219166666666666,38.204166666666666,229252,NSI Kalyanpur,Good,Good
2026-07-10,Window 2 (Feb 2025 - present),16.53291666666667,51.21666666666667,229252,NSI Kalyanpur,Good,Satisfactory
2026-07-11,Window 2 (Feb 2025 - present),24.650000000000002,86.41666666666667,229252,NSI Kalyanpur,Good,Satisfactory
2026-07-12,Window 2 (Feb 2025 - present),21.441666666666666,78.12083333333334,229252,NSI Kalyanpur,Good,Satisfactory
2026-07-13,Window 2 (Feb 2025 - present),26.712500000000002,97.0,229252,NSI Kalyanpur,Good,Satisfactory
2026-07-14,Window 2 (Feb 2025 - present),28.983333333333334,106.2375,229252,NSI Kalyanpur,Good,Moderate
2026-07-15,Window 2 (Feb 2025 - present),27.59583333333333,90.02916666666665,229252,NSI Kalyanpur,Good,Satisfactory
2026-07-16,Window 2 (Feb 2025 - present),24.695833333333336,74.50750000000001,229252,NSI Kalyanpur,Good,Satisfactory
2026-07-17,Window 2 (Feb 2025 - present),25.041666666666668,71.04583333333333,229252,NSI Kalyanpur,Good,Satisfactory
2026-07-18,Window 2 (Feb 2025 - present),21.191666666666666,61.26666666666667,229252,NSI Kalyanpur,Good,Satisfactory
2026-07-19,Window 2 (Feb 2025 - present),20.659583333333334,50.925000000000004,229252,NSI Kalyanpur,Good,Satisfactory
2026-07-20,Window 2 (Feb 2025 - present),16.4,40.5875,229252,NSI Kalyanpur,Good,Good
2026-07-21,Window 2 (Feb 2025 - present),8.06125,25.97764705882353,229252,NSI Kalyanpur,Good,Good
2026-07-22,Window 2 (Feb 2025 - present),10.18875,30.7,229252,NSI Kalyanpur,Good,Good
2026-07-23,Window 2 (Feb 2025 - present),10.150833333333333,33.3125,229252,NSI Kalyanpur,Good,Good
2026-07-24,Window 2 (Feb 2025 - present),0.87,34.143478260869564,229252,NSI Kalyanpur,Good,Good
2026-07-25,Window 2 (Feb 2025 - present),,29.840434782608696,229252,NSI Kalyanpur,,Good
2026-07-26,Window 2 (Feb 2025 - present),13.69,42.49285714285714,229252,NSI Kalyanpur,Good,Good
2026-07-27,Window 2 (Feb 2025 - present),8.402222222222223,33.99666666666667,229252,NSI Kalyanpur,Good,Good
2026-07-28,Window 2 (Feb 2025 - present),13.260833333333332,39.49583333333333,229252,NSI Kalyanpur,Good,Good
2026-07-29,Window 2 (Feb 2025 - present),9.727916666666667,34.05833333333333,229252,NSI Kalyanpur,Good,Good
2026-07-30,Window 2 (Feb 2025 - present),10.028,31.64,229252,NSI Kalyanpur,Good,Good
2026-07-31,Window 2 (Feb 2025 - present),14.440833333333332,37.0875,229252,NSI Kalyanpur,Good,Good
2026-08-01,Window 2 (Feb 2025 - present),11.579565217391304,36.624782608695654,229252,NSI Kalyanpur,Good,Good
2026-08-02,Window 2 (Feb 2025 - present),11.117944444444444,34.25833333333333,229252,NSI Kalyanpur,Good,Good
2026-08-03,Window 2 (Feb 2025 - present),,30.595652173913045,229252,NSI Kalyanpur,,Good
2026-08-04,Window 2 (Feb 2025 - present),15.789090909090909,25.786,229252,NSI Kalyanpur,Good,Good
2026-08-05,Window 2 (Feb 2025 - present),22.2,41.48695652173913,229252,NSI Kalyanpur,Good,Good
2026-08-06,Window 2 (Feb 2025 - present),26.704761904761902,40.357142857142854,229252,NSI Kalyanpur,Good,Good
2026-08-07,Window 2 (Feb 2025 - present),38.574999999999996,58.637499999999996,229252,NSI Kalyanpur,Satisfactory,Satisfactory
2026-08-08,Window 2 (Feb 2025 - present),36.87391304347826,58.73913043478261,229252,NSI Kalyanpur,Satisfactory,Satisfactory
2026-08-09,Window 2 (Feb 2025 - present),27.92142857142857,50.128571428571426,229252,NSI Kalyanpur,Good,Satisfactory
2021-09-01,Window 1 (Jul 2021 - Oct 2022),,69.42307692307692,5662,Nehru Nagar,,Satisfactory
2021-09-02,Window 1 (Jul 2021 - Oct 2022),,70.44117647058823,5662,Nehru Nagar,,Satisfactory
2021-09-03,Window 1 (Jul 2021 - Oct 2022),,35.0,5662,Nehru Nagar,,Good
2021-09-04,Window 1 (Jul 2021 - Oct 2022),,47.0,5662,Nehru Nagar,,Good
2021-09-05,Window 1 (Jul 2021 - Oct 2022),,59.23913043478261,5662,Nehru Nagar,,Satisfactory
2021-09-06,Window 1 (Jul 2021 - Oct 2022),,63.725,5662,Nehru Nagar,,Satisfactory
2021-09-07,Window 1 (Jul 2021 - Oct 2022),,34.05555555555556,5662,Nehru Nagar,,Good
2021-09-08,Window 1 (Jul 2021 - Oct 2022),,40.5,5662,Nehru Nagar,,Good
2021-09-09,Window 1 (Jul 2021 - Oct 2022),,44.92857142857143,5662,Nehru Nagar,,Good
2021-09-10,Window 1 (Jul 2021 - Oct 2022),,44.9,5662,Nehru Nagar,,Good
2021-09-11,Window 1 (Jul 2021 - Oct 2022),,42.72222222222222,5662,Nehru Nagar,,Good
2021-09-12,Window 1 (Jul 2021 - Oct 2022),,38.25,5662,Nehru Nagar,,Good
2021-09-13,Window 1 (Jul 2021 - Oct 2022),,35.0,5662,Nehru Nagar,,Good
2021-09-14,Window 1 (Jul 2021 - Oct 2022),,27.785714285714285,5662,Nehru Nagar,,Good
2021-09-15,Window 1 (Jul 2021 - Oct 2022),,9.865384615384615,5662,Nehru Nagar,,Good
2021-09-16,Window 1 (Jul 2021 - Oct 2022),,7.862068965517241,5662,Nehru Nagar,,Good
2021-09-17,Window 1 (Jul 2021 - Oct 2022),,31.071428571428573,5662,Nehru Nagar,,Good
2021-09-18,Window 1 (Jul 2021 - Oct 2022),,83.15116279069767,5662,Nehru Nagar,,Satisfactory
2021-09-19,Window 1 (Jul 2021 - Oct 2022),,81.13333333333334,5662,Nehru Nagar,,Satisfactory
2021-09-20,Window 1 (Jul 2021 - Oct 2022),,82.61904761904762,5662,Nehru Nagar,,Satisfactory
2021-09-21,Window 1 (Jul 2021 - Oct 2022),,53.74390243902439,5662,Nehru Nagar,,Satisfactory
2021-09-22,Window 1 (Jul 2021 - Oct 2022),,63.294117647058826,5662,Nehru Nagar,,Satisfactory
2021-09-23,Window 1 (Jul 2021 - Oct 2022),,38.1875,5662,Nehru Nagar,,Good
2021-09-24,Window 1 (Jul 2021 - Oct 2022),,41.38709677419355,5662,Nehru Nagar,,Good
2021-09-25,Window 1 (Jul 2021 - Oct 2022),,48.212765957446805,5662,Nehru Nagar,,Good
2021-09-26,Window 1 (Jul 2021 - Oct 2022),,62.5531914893617,5662,Nehru Nagar,,Satisfactory
2021-09-27,Window 1 (Jul 2021 - Oct 2022),,52.3936170212766,5662,Nehru Nagar,,Satisfactory
2021-09-28,Window 1 (Jul 2021 - Oct 2022),,43.333333333333336,5662,Nehru Nagar,,Good
2021-09-29,Window 1 (Jul 2021 - Oct 2022),,37.0,5662,Nehru Nagar,,Good
2021-09-30,Window 1 (Jul 2021 - Oct 2022),,45.18518518518518,5662,Nehru Nagar,,Good
2021-10-13,Window 1 (Jul 2021 - Oct 2022),,173.1904761904762,5662,Nehru Nagar,,Moderate
2021-10-14,Window 1 (Jul 2021 - Oct 2022),,232.35416666666666,5662,Nehru Nagar,,Moderate
2021-10-15,Window 1 (Jul 2021 - Oct 2022),,256.4583333333333,5662,Nehru Nagar,,Poor
2021-10-16,Window 1 (Jul 2021 - Oct 2022),,155.07608695652175,5662,Nehru Nagar,,Moderate
2021-10-17,Window 1 (Jul 2021 - Oct 2022),,55.88297872340426,5662,Nehru Nagar,,Satisfactory
2021-10-18,Window 1 (Jul 2021 - Oct 2022),,33.80681818181818,5662,Nehru Nagar,,Good
2021-10-19,Window 1 (Jul 2021 - Oct 2022),,66.97872340425532,5662,Nehru Nagar,,Satisfactory
2021-10-20,Window 1 (Jul 2021 - Oct 2022),,199.36170212765958,5662,Nehru Nagar,,Moderate
2021-10-21,Window 1 (Jul 2021 - Oct 2022),,159.0952380952381,5662,Nehru Nagar,,Moderate
2021-10-22,Window 1 (Jul 2021 - Oct 2022),,203.44444444444446,5662,Nehru Nagar,,Moderate
2021-10-23,Window 1 (Jul 2021 - Oct 2022),,178.91304347826087,5662,Nehru Nagar,,Moderate
2021-10-24,Window 1 (Jul 2021 - Oct 2022),,132.92857142857142,5662,Nehru Nagar,,Moderate
2021-10-25,Window 1 (Jul 2021 - Oct 2022),,143.35135135135135,5662,Nehru Nagar,,Moderate
2021-10-26,Window 1 (Jul 2021 - Oct 2022),,159.45833333333334,5662,Nehru Nagar,,Moderate
2021-10-27,Window 1 (Jul 2021 - Oct 2022),,212.66666666666666,5662,Nehru Nagar,,Moderate
2021-10-28,Window 1 (Jul 2021 - Oct 2022),,297.63829787234044,5662,Nehru Nagar,,Poor
2021-10-30,Window 1 (Jul 2021 - Oct 2022),,314.35526315789474,5662,Nehru Nagar,,Poor
2021-10-31,Window 1 (Jul 2021 - Oct 2022),,352.7027027027027,5662,Nehru Nagar,,Very Poor
2021-11-01,Window 1 (Jul 2021 - Oct 2022),,724.5348837209302,5662,Nehru Nagar,,Severe
2021-11-02,Window 1 (Jul 2021 - Oct 2022),,505.9574468085106,5662,Nehru Nagar,,Severe
2021-11-03,Window 1 (Jul 2021 - Oct 2022),,433.8478260869565,5662,Nehru Nagar,,Severe
2021-11-04,Window 1 (Jul 2021 - Oct 2022),,601.0851063829788,5662,Nehru Nagar,,Severe
2021-11-05,Window 1 (Jul 2021 - Oct 2022),,368.125,5662,Nehru Nagar,,Very Poor
2021-11-06,Window 1 (Jul 2021 - Oct 2022),,356.63829787234044,5662,Nehru Nagar,,Very Poor
2021-11-07,Window 1 (Jul 2021 - Oct 2022),,610.1666666666666,5662,Nehru Nagar,,Severe
2021-11-08,Window 1 (Jul 2021 - Oct 2022),,348.4375,5662,Nehru Nagar,,Poor
2021-11-09,Window 1 (Jul 2021 - Oct 2022),,383.48936170212767,5662,Nehru Nagar,,Very Poor
2021-11-10,Window 1 (Jul 2021 - Oct 2022),,233.60416666666666,5662,Nehru Nagar,,Moderate
2021-11-11,Window 1 (Jul 2021 - Oct 2022),,164.84375,5662,Nehru Nagar,,Moderate
2021-11-12,Window 1 (Jul 2021 - Oct 2022),,207.75,5662,Nehru Nagar,,Moderate
2021-11-13,Window 1 (Jul 2021 - Oct 2022),,201.40625,5662,Nehru Nagar,,Moderate
2021-11-14,Window 1 (Jul 2021 - Oct 2022),,276.93617021276594,5662,Nehru Nagar,,Poor
2021-11-15,Window 1 (Jul 2021 - Oct 2022),,182.92708333333334,5662,Nehru Nagar,,Moderate
2021-11-16,Window 1 (Jul 2021 - Oct 2022),,186.63541666666666,5662,Nehru Nagar,,Moderate
2021-11-17,Window 1 (Jul 2021 - Oct 2022),,189.05208333333334,5662,Nehru Nagar,,Moderate
2021-11-18,Window 1 (Jul 2021 - Oct 2022),,172.35416666666666,5662,Nehru Nagar,,Moderate
2021-11-19,Window 1 (Jul 2021 - Oct 2022),,236.6875,5662,Nehru Nagar,,Moderate
2021-11-20,Window 1 (Jul 2021 - Oct 2022),,214.53191489361703,5662,Nehru Nagar,,Moderate
2021-11-21,Window 1 (Jul 2021 - Oct 2022),,134.60416666666666,5662,Nehru Nagar,,Moderate
2021-11-22,Window 1 (Jul 2021 - Oct 2022),,98.70833333333333,5662,Nehru Nagar,,Satisfactory
2021-11-23,Window 1 (Jul 2021 - Oct 2022),,249.19230769230768,5662,Nehru Nagar,,Moderate
2021-11-24,Window 1 (Jul 2021 - Oct 2022),,189.08333333333334,5662,Nehru Nagar,,Moderate
2021-11-25,Window 1 (Jul 2021 - Oct 2022),,206.625,5662,Nehru Nagar,,Moderate
2021-11-26,Window 1 (Jul 2021 - Oct 2022),,274.0,5662,Nehru Nagar,,Poor
2021-11-27,Window 1 (Jul 2021 - Oct 2022),,226.8,5662,Nehru Nagar,,Moderate
2021-11-28,Window 1 (Jul 2021 - Oct 2022),,201.0,5662,Nehru Nagar,,Moderate
2021-11-29,Window 1 (Jul 2021 - Oct 2022),,197.10638297872342,5662,Nehru Nagar,,Moderate
2021-11-30,Window 1 (Jul 2021 - Oct 2022),,154.29787234042553,5662,Nehru Nagar,,Moderate
2021-12-01,Window 1 (Jul 2021 - Oct 2022),,145.81521739130434,5662,Nehru Nagar,,Moderate
2021-12-02,Window 1 (Jul 2021 - Oct 2022),,150.0,5662,Nehru Nagar,,Moderate
2021-12-03,Window 1 (Jul 2021 - Oct 2022),,131.97674418604652,5662,Nehru Nagar,,Moderate
2021-12-04,Window 1 (Jul 2021 - Oct 2022),,168.4787234042553,5662,Nehru Nagar,,Moderate
2021-12-05,Window 1 (Jul 2021 - Oct 2022),,162.95833333333334,5662,Nehru Nagar,,Moderate
2021-12-06,Window 1 (Jul 2021 - Oct 2022),,130.3125,5662,Nehru Nagar,,Moderate
2021-12-07,Window 1 (Jul 2021 - Oct 2022),,82.73333333333333,5662,Nehru Nagar,,Satisfactory
2021-12-08,Window 1 (Jul 2021 - Oct 2022),,229.22340425531914,5662,Nehru Nagar,,Moderate
2021-12-09,Window 1 (Jul 2021 - Oct 2022),,188.2127659574468,5662,Nehru Nagar,,Moderate
2021-12-10,Window 1 (Jul 2021 - Oct 2022),,189.875,5662,Nehru Nagar,,Moderate
2021-12-11,Window 1 (Jul 2021 - Oct 2022),,200.13829787234042,5662,Nehru Nagar,,Moderate
2021-12-12,Window 1 (Jul 2021 - Oct 2022),,255.67391304347825,5662,Nehru Nagar,,Poor
2021-12-13,Window 1 (Jul 2021 - Oct 2022),,364.0625,5662,Nehru Nagar,,Very Poor
2021-12-14,Window 1 (Jul 2021 - Oct 2022),,225.16666666666666,5662,Nehru Nagar,,Moderate
2021-12-15,Window 1 (Jul 2021 - Oct 2022),,227.78571428571428,5662,Nehru Nagar,,Moderate
2021-12-16,Window 1 (Jul 2021 - Oct 2022),,196.875,5662,Nehru Nagar,,Moderate
2021-12-17,Window 1 (Jul 2021 - Oct 2022),,140.54444444444445,5662,Nehru Nagar,,Moderate
2021-12-18,Window 1 (Jul 2021 - Oct 2022),,163.36363636363637,5662,Nehru Nagar,,Moderate
2021-12-19,Window 1 (Jul 2021 - Oct 2022),,192.77083333333334,5662,Nehru Nagar,,Moderate
2021-12-20,Window 1 (Jul 2021 - Oct 2022),,228.0,5662,Nehru Nagar,,Moderate
2021-12-22,Window 1 (Jul 2021 - Oct 2022),,466.5,5662,Nehru Nagar,,Severe
2021-12-23,Window 1 (Jul 2021 - Oct 2022),,332.5882352941176,5662,Nehru Nagar,,Poor
2021-12-24,Window 1 (Jul 2021 - Oct 2022),,134.54545454545453,5662,Nehru Nagar,,Moderate
2021-12-25,Window 1 (Jul 2021 - Oct 2022),,180.875,5662,Nehru Nagar,,Moderate
2021-12-26,Window 1 (Jul 2021 - Oct 2022),,157.8181818181818,5662,Nehru Nagar,,Moderate
2021-12-27,Window 1 (Jul 2021 - Oct 2022),,132.53333333333333,5662,Nehru Nagar,,Moderate
2021-12-29,Window 1 (Jul 2021 - Oct 2022),,63.0,5662,Nehru Nagar,,Satisfactory
2021-12-30,Window 1 (Jul 2021 - Oct 2022),,64.5,5662,Nehru Nagar,,Satisfactory
2021-12-31,Window 1 (Jul 2021 - Oct 2022),,153.0,5662,Nehru Nagar,,Moderate
2022-01-01,Window 1 (Jul 2021 - Oct 2022),,261.0,5662,Nehru Nagar,,Poor
2022-01-02,Window 1 (Jul 2021 - Oct 2022),,199.4,5662,Nehru Nagar,,Moderate
2022-01-03,Window 1 (Jul 2021 - Oct 2022),,205.3846153846154,5662,Nehru Nagar,,Moderate
2022-01-04,Window 1 (Jul 2021 - Oct 2022),,218.4,5662,Nehru Nagar,,Moderate
2022-01-05,Window 1 (Jul 2021 - Oct 2022),,140.29545454545453,5662,Nehru Nagar,,Moderate
2022-01-06,Window 1 (Jul 2021 - Oct 2022),,86.06666666666666,5662,Nehru Nagar,,Satisfactory
2022-01-07,Window 1 (Jul 2021 - Oct 2022),,85.97297297297297,5662,Nehru Nagar,,Satisfactory
2022-01-08,Window 1 (Jul 2021 - Oct 2022),,53.21621621621622,5662,Nehru Nagar,,Satisfactory
2022-01-09,Window 1 (Jul 2021 - Oct 2022),,79.33333333333333,5662,Nehru Nagar,,Satisfactory
2022-01-10,Window 1 (Jul 2021 - Oct 2022),,77.58823529411765,5662,Nehru Nagar,,Satisfactory
2022-01-11,Window 1 (Jul 2021 - Oct 2022),,140.32258064516128,5662,Nehru Nagar,,Moderate
2022-01-12,Window 1 (Jul 2021 - Oct 2022),,139.40740740740742,5662,Nehru Nagar,,Moderate
2022-01-13,Window 1 (Jul 2021 - Oct 2022),,178.05263157894737,5662,Nehru Nagar,,Moderate
2022-01-14,Window 1 (Jul 2021 - Oct 2022),,137.9375,5662,Nehru Nagar,,Moderate
2022-01-15,Window 1 (Jul 2021 - Oct 2022),,154.6904761904762,5662,Nehru Nagar,,Moderate
2022-01-16,Window 1 (Jul 2021 - Oct 2022),,156.4875,5662,Nehru Nagar,,Moderate
2022-01-17,Window 1 (Jul 2021 - Oct 2022),,147.67741935483872,5662,Nehru Nagar,,Moderate
2022-01-18,Window 1 (Jul 2021 - Oct 2022),,137.0,5662,Nehru Nagar,,Moderate
2022-01-19,Window 1 (Jul 2021 - Oct 2022),,112.33333333333333,5662,Nehru Nagar,,Moderate
2022-01-20,Window 1 (Jul 2021 - Oct 2022),,335.0,5662,Nehru Nagar,,Poor
2022-01-21,Window 1 (Jul 2021 - Oct 2022),,223.2,5662,Nehru Nagar,,Moderate
2022-01-22,Window 1 (Jul 2021 - Oct 2022),,150.14285714285714,5662,Nehru Nagar,,Moderate
2022-01-23,Window 1 (Jul 2021 - Oct 2022),,98.0,5662,Nehru Nagar,,Satisfactory
2022-01-24,Window 1 (Jul 2021 - Oct 2022),,117.0,5662,Nehru Nagar,,Moderate
2022-01-25,Window 1 (Jul 2021 - Oct 2022),,214.0,5662,Nehru Nagar,,Moderate
2022-01-26,Window 1 (Jul 2021 - Oct 2022),,233.25,5662,Nehru Nagar,,Moderate
2022-01-28,Window 1 (Jul 2021 - Oct 2022),,171.8,5662,Nehru Nagar,,Moderate
2022-01-29,Window 1 (Jul 2021 - Oct 2022),,228.68421052631578,5662,Nehru Nagar,,Moderate
2022-01-30,Window 1 (Jul 2021 - Oct 2022),,214.05263157894737,5662,Nehru Nagar,,Moderate
2022-01-31,Window 1 (Jul 2021 - Oct 2022),,224.5,5662,Nehru Nagar,,Moderate
2022-02-01,Window 1 (Jul 2021 - Oct 2022),,135.31578947368422,5662,Nehru Nagar,,Moderate
2022-02-02,Window 1 (Jul 2021 - Oct 2022),,146.0,5662,Nehru Nagar,,Moderate
2022-02-03,Window 1 (Jul 2021 - Oct 2022),,118.11764705882354,5662,Nehru Nagar,,Moderate
2022-02-04,Window 1 (Jul 2021 - Oct 2022),,84.23076923076923,5662,Nehru Nagar,,Satisfactory
2022-02-05,Window 1 (Jul 2021 - Oct 2022),,106.6875,5662,Nehru Nagar,,Moderate
2022-02-06,Window 1 (Jul 2021 - Oct 2022),,68.75,5662,Nehru Nagar,,Satisfactory
2022-03-24,Window 1 (Jul 2021 - Oct 2022),,113.5,5662,Nehru Nagar,,Moderate
2022-03-25,Window 1 (Jul 2021 - Oct 2022),,98.41666666666667,5662,Nehru Nagar,,Satisfactory
2022-03-26,Window 1 (Jul 2021 - Oct 2022),,103.6086956521739,5662,Nehru Nagar,,Moderate
2022-03-27,Window 1 (Jul 2021 - Oct 2022),,140.54166666666666,5662,Nehru Nagar,,Moderate
2022-03-29,Window 1 (Jul 2021 - Oct 2022),,138.2127659574468,5662,Nehru Nagar,,Moderate
2022-03-30,Window 1 (Jul 2021 - Oct 2022),,132.08695652173913,5662,Nehru Nagar,,Moderate
2022-03-31,Window 1 (Jul 2021 - Oct 2022),,139.04166666666666,5662,Nehru Nagar,,Moderate
2022-04-01,Window 1 (Jul 2021 - Oct 2022),,111.36363636363636,5662,Nehru Nagar,,Moderate
2022-04-02,Window 1 (Jul 2021 - Oct 2022),,154.70833333333334,5662,Nehru Nagar,,Moderate
2022-04-03,Window 1 (Jul 2021 - Oct 2022),,241.16666666666666,5662,Nehru Nagar,,Moderate
2022-04-04,Window 1 (Jul 2021 - Oct 2022),,181.41666666666666,5662,Nehru Nagar,,Moderate
2022-04-05,Window 1 (Jul 2021 - Oct 2022),,125.5,5662,Nehru Nagar,,Moderate
2022-04-06,Window 1 (Jul 2021 - Oct 2022),,97.04166666666667,5662,Nehru Nagar,,Satisfactory
2022-04-07,Window 1 (Jul 2021 - Oct 2022),,128.0,5662,Nehru Nagar,,Moderate
2022-04-08,Window 1 (Jul 2021 - Oct 2022),,109.0,5662,Nehru Nagar,,Moderate
2022-04-09,Window 1 (Jul 2021 - Oct 2022),,161.58333333333334,5662,Nehru Nagar,,Moderate
2022-04-10,Window 1 (Jul 2021 - Oct 2022),,120.04166666666667,5662,Nehru Nagar,,Moderate
2022-04-11,Window 1 (Jul 2021 - Oct 2022),,134.25,5662,Nehru Nagar,,Moderate
2022-04-12,Window 1 (Jul 2021 - Oct 2022),,118.46666666666667,5662,Nehru Nagar,,Moderate
2022-04-13,Window 1 (Jul 2021 - Oct 2022),,106.23809523809524,5662,Nehru Nagar,,Moderate
2022-04-14,Window 1 (Jul 2021 - Oct 2022),,160.45833333333334,5662,Nehru Nagar,,Moderate
2022-04-15,Window 1 (Jul 2021 - Oct 2022),,117.33333333333333,5662,Nehru Nagar,,Moderate
2022-04-16,Window 1 (Jul 2021 - Oct 2022),,125.08333333333333,5662,Nehru Nagar,,Moderate
2022-04-17,Window 1 (Jul 2021 - Oct 2022),,113.5,5662,Nehru Nagar,,Moderate
2022-04-18,Window 1 (Jul 2021 - Oct 2022),,117.41666666666667,5662,Nehru Nagar,,Moderate
2022-04-19,Window 1 (Jul 2021 - Oct 2022),,140.66666666666666,5662,Nehru Nagar,,Moderate
2022-04-20,Window 1 (Jul 2021 - Oct 2022),,126.79166666666667,5662,Nehru Nagar,,Moderate
2022-04-21,Window 1 (Jul 2021 - Oct 2022),,128.29166666666666,5662,Nehru Nagar,,Moderate
2022-04-22,Window 1 (Jul 2021 - Oct 2022),,119.22727272727273,5662,Nehru Nagar,,Moderate
2022-04-23,Window 1 (Jul 2021 - Oct 2022),,115.58333333333333,5662,Nehru Nagar,,Moderate
2022-04-24,Window 1 (Jul 2021 - Oct 2022),,178.04166666666666,5662,Nehru Nagar,,Moderate
2022-04-25,Window 1 (Jul 2021 - Oct 2022),,164.33333333333334,5662,Nehru Nagar,,Moderate
2022-04-26,Window 1 (Jul 2021 - Oct 2022),,181.75,5662,Nehru Nagar,,Moderate
2022-04-28,Window 1 (Jul 2021 - Oct 2022),,129.20833333333334,5662,Nehru Nagar,,Moderate
2022-04-29,Window 1 (Jul 2021 - Oct 2022),,121.33333333333333,5662,Nehru Nagar,,Moderate
2022-04-30,Window 1 (Jul 2021 - Oct 2022),,132.08695652173913,5662,Nehru Nagar,,Moderate
2022-05-01,Window 1 (Jul 2021 - Oct 2022),,123.04166666666667,5662,Nehru Nagar,,Moderate
2022-05-02,Window 1 (Jul 2021 - Oct 2022),,76.5,5662,Nehru Nagar,,Satisfactory
2022-05-04,Window 1 (Jul 2021 - Oct 2022),,132.61111111111111,5662,Nehru Nagar,,Moderate
2022-05-05,Window 1 (Jul 2021 - Oct 2022),,72.5,5662,Nehru Nagar,,Satisfactory
2022-05-06,Window 1 (Jul 2021 - Oct 2022),,118.91666666666667,5662,Nehru Nagar,,Moderate
2022-05-07,Window 1 (Jul 2021 - Oct 2022),,115.0,5662,Nehru Nagar,,Moderate
2022-05-08,Window 1 (Jul 2021 - Oct 2022),,85.75,5662,Nehru Nagar,,Satisfactory
2022-05-09,Window 1 (Jul 2021 - Oct 2022),,212.47826086956522,5662,Nehru Nagar,,Moderate
2022-05-10,Window 1 (Jul 2021 - Oct 2022),,80.33333333333333,5662,Nehru Nagar,,Satisfactory
2022-05-11,Window 1 (Jul 2021 - Oct 2022),,75.17647058823529,5662,Nehru Nagar,,Satisfactory
2022-05-12,Window 1 (Jul 2021 - Oct 2022),,83.78260869565217,5662,Nehru Nagar,,Satisfactory
2022-05-13,Window 1 (Jul 2021 - Oct 2022),,127.78260869565217,5662,Nehru Nagar,,Moderate
2022-05-14,Window 1 (Jul 2021 - Oct 2022),,136.29166666666666,5662,Nehru Nagar,,Moderate
2022-05-15,Window 1 (Jul 2021 - Oct 2022),,126.86363636363636,5662,Nehru Nagar,,Moderate
2022-05-16,Window 1 (Jul 2021 - Oct 2022),,192.65,5662,Nehru Nagar,,Moderate
2022-05-17,Window 1 (Jul 2021 - Oct 2022),,135.72727272727272,5662,Nehru Nagar,,Moderate
2022-05-18,Window 1 (Jul 2021 - Oct 2022),,147.85,5662,Nehru Nagar,,Moderate
2022-05-19,Window 1 (Jul 2021 - Oct 2022),,132.14893617021278,5662,Nehru Nagar,,Moderate
2022-05-20,Window 1 (Jul 2021 - Oct 2022),,140.17391304347825,5662,Nehru Nagar,,Moderate
2022-05-21,Window 1 (Jul 2021 - Oct 2022),,91.4,5662,Nehru Nagar,,Satisfactory
2022-05-22,Window 1 (Jul 2021 - Oct 2022),,73.38095238095238,5662,Nehru Nagar,,Satisfactory
2022-05-23,Window 1 (Jul 2021 - Oct 2022),,74.15,5662,Nehru Nagar,,Satisfactory
2022-05-24,Window 1 (Jul 2021 - Oct 2022),,60.523809523809526,5662,Nehru Nagar,,Satisfactory
2022-05-25,Window 1 (Jul 2021 - Oct 2022),,129.38095238095238,5662,Nehru Nagar,,Moderate
2022-05-26,Window 1 (Jul 2021 - Oct 2022),,184.66666666666666,5662,Nehru Nagar,,Moderate
2022-05-28,Window 1 (Jul 2021 - Oct 2022),,78.76923076923077,5662,Nehru Nagar,,Satisfactory
2022-05-29,Window 1 (Jul 2021 - Oct 2022),,74.07692307692308,5662,Nehru Nagar,,Satisfactory
2022-05-30,Window 1 (Jul 2021 - Oct 2022),,126.1304347826087,5662,Nehru Nagar,,Moderate
2022-05-31,Window 1 (Jul 2021 - Oct 2022),,183.33333333333334,5662,Nehru Nagar,,Moderate
2022-06-01,Window 1 (Jul 2021 - Oct 2022),,159.27659574468086,5662,Nehru Nagar,,Moderate
2022-06-02,Window 1 (Jul 2021 - Oct 2022),,172.125,5662,Nehru Nagar,,Moderate
2022-06-03,Window 1 (Jul 2021 - Oct 2022),,127.5,5662,Nehru Nagar,,Moderate
2022-06-04,Window 1 (Jul 2021 - Oct 2022),,109.07142857142857,5662,Nehru Nagar,,Moderate
2022-06-05,Window 1 (Jul 2021 - Oct 2022),,108.45,5662,Nehru Nagar,,Moderate
2022-06-06,Window 1 (Jul 2021 - Oct 2022),,114.5,5662,Nehru Nagar,,Moderate
2022-06-07,Window 1 (Jul 2021 - Oct 2022),,131.29166666666666,5662,Nehru Nagar,,Moderate
2022-06-08,Window 1 (Jul 2021 - Oct 2022),,240.08695652173913,5662,Nehru Nagar,,Moderate
2022-06-09,Window 1 (Jul 2021 - Oct 2022),,146.45833333333334,5662,Nehru Nagar,,Moderate
2022-06-10,Window 1 (Jul 2021 - Oct 2022),,136.3953488372093,5662,Nehru Nagar,,Moderate
2022-06-11,Window 1 (Jul 2021 - Oct 2022),,146.52380952380952,5662,Nehru Nagar,,Moderate
2022-06-12,Window 1 (Jul 2021 - Oct 2022),,103.68181818181819,5662,Nehru Nagar,,Moderate
2022-06-13,Window 1 (Jul 2021 - Oct 2022),,97.5909090909091,5662,Nehru Nagar,,Satisfactory
2022-06-14,Window 1 (Jul 2021 - Oct 2022),,90.78571428571429,5662,Nehru Nagar,,Satisfactory
2022-06-15,Window 1 (Jul 2021 - Oct 2022),,75.38095238095238,5662,Nehru Nagar,,Satisfactory
2022-06-16,Window 1 (Jul 2021 - Oct 2022),,70.04166666666667,5662,Nehru Nagar,,Satisfactory
2022-06-17,Window 1 (Jul 2021 - Oct 2022),,80.23404255319149,5662,Nehru Nagar,,Satisfactory
2022-06-18,Window 1 (Jul 2021 - Oct 2022),,74.29166666666667,5662,Nehru Nagar,,Satisfactory
2022-06-19,Window 1 (Jul 2021 - Oct 2022),,45.4,5662,Nehru Nagar,,Good
2022-06-20,Window 1 (Jul 2021 - Oct 2022),,45.24,5662,Nehru Nagar,,Good
2022-06-21,Window 1 (Jul 2021 - Oct 2022),,82.90697674418605,5662,Nehru Nagar,,Satisfactory
2022-06-22,Window 1 (Jul 2021 - Oct 2022),,70.41176470588235,5662,Nehru Nagar,,Satisfactory
2022-07-04,Window 1 (Jul 2021 - Oct 2022),,62.35294117647059,5662,Nehru Nagar,,Satisfactory
2022-07-05,Window 1 (Jul 2021 - Oct 2022),,78.86363636363636,5662,Nehru Nagar,,Satisfactory
2022-07-06,Window 1 (Jul 2021 - Oct 2022),,71.83333333333333,5662,Nehru Nagar,,Satisfactory
2022-07-07,Window 1 (Jul 2021 - Oct 2022),,56.57446808510638,5662,Nehru Nagar,,Satisfactory
2022-07-08,Window 1 (Jul 2021 - Oct 2022),,69.5,5662,Nehru Nagar,,Satisfactory
2022-07-09,Window 1 (Jul 2021 - Oct 2022),,68.41666666666667,5662,Nehru Nagar,,Satisfactory
2022-07-10,Window 1 (Jul 2021 - Oct 2022),,52.458333333333336,5662,Nehru Nagar,,Satisfactory
2022-07-11,Window 1 (Jul 2021 - Oct 2022),,67.3,5662,Nehru Nagar,,Satisfactory
2022-07-12,Window 1 (Jul 2021 - Oct 2022),,62.541666666666664,5662,Nehru Nagar,,Satisfactory
2022-07-13,Window 1 (Jul 2021 - Oct 2022),,64.57777777777778,5662,Nehru Nagar,,Satisfactory
2022-07-14,Window 1 (Jul 2021 - Oct 2022),,69.7560975609756,5662,Nehru Nagar,,Satisfactory
2022-07-15,Window 1 (Jul 2021 - Oct 2022),,49.608695652173914,5662,Nehru Nagar,,Good
2022-07-16,Window 1 (Jul 2021 - Oct 2022),,43.84090909090909,5662,Nehru Nagar,,Good
2022-07-17,Window 1 (Jul 2021 - Oct 2022),,53.276595744680854,5662,Nehru Nagar,,Satisfactory
2022-07-18,Window 1 (Jul 2021 - Oct 2022),,60.97872340425532,5662,Nehru Nagar,,Satisfactory
2022-07-19,Window 1 (Jul 2021 - Oct 2022),,73.20833333333333,5662,Nehru Nagar,,Satisfactory
2022-07-20,Window 1 (Jul 2021 - Oct 2022),,35.6,5662,Nehru Nagar,,Good
2022-07-21,Window 1 (Jul 2021 - Oct 2022),,28.195652173913043,5662,Nehru Nagar,,Good
2022-07-22,Window 1 (Jul 2021 - Oct 2022),,39.28260869565217,5662,Nehru Nagar,,Good
2022-07-23,Window 1 (Jul 2021 - Oct 2022),,40.60526315789474,5662,Nehru Nagar,,Good
2022-07-24,Window 1 (Jul 2021 - Oct 2022),,36.30769230769231,5662,Nehru Nagar,,Good
2022-07-25,Window 1 (Jul 2021 - Oct 2022),,32.973684210526315,5662,Nehru Nagar,,Good
2022-07-27,Window 1 (Jul 2021 - Oct 2022),,34.6,5662,Nehru Nagar,,Good
2022-07-28,Window 1 (Jul 2021 - Oct 2022),,38.041666666666664,5662,Nehru Nagar,,Good
2022-07-29,Window 1 (Jul 2021 - Oct 2022),,40.79545454545455,5662,Nehru Nagar,,Good
2022-07-30,Window 1 (Jul 2021 - Oct 2022),,39.391304347826086,5662,Nehru Nagar,,Good
2022-07-31,Window 1 (Jul 2021 - Oct 2022),,71.91489361702128,5662,Nehru Nagar,,Satisfactory
2022-08-01,Window 1 (Jul 2021 - Oct 2022),,67.86363636363636,5662,Nehru Nagar,,Satisfactory
2022-08-02,Window 1 (Jul 2021 - Oct 2022),,37.89473684210526,5662,Nehru Nagar,,Good
2022-08-03,Window 1 (Jul 2021 - Oct 2022),,28.09090909090909,5662,Nehru Nagar,,Good
2022-09-13,Window 1 (Jul 2021 - Oct 2022),,23.041666666666668,5662,Nehru Nagar,,Good
2022-09-14,Window 1 (Jul 2021 - Oct 2022),,13.69767441860465,5662,Nehru Nagar,,Good
2022-09-15,Window 1 (Jul 2021 - Oct 2022),,22.928571428571427,5662,Nehru Nagar,,Good
2022-09-16,Window 1 (Jul 2021 - Oct 2022),,49.61538461538461,5662,Nehru Nagar,,Good
2022-09-17,Window 1 (Jul 2021 - Oct 2022),,34.55882352941177,5662,Nehru Nagar,,Good
2022-09-18,Window 1 (Jul 2021 - Oct 2022),,35.0,5662,Nehru Nagar,,Good
2022-09-19,Window 1 (Jul 2021 - Oct 2022),,41.375,5662,Nehru Nagar,,Good
2022-09-20,Window 1 (Jul 2021 - Oct 2022),,34.4054054054054,5662,Nehru Nagar,,Good
2022-09-21,Window 1 (Jul 2021 - Oct 2022),,30.0,5662,Nehru Nagar,,Good
2022-09-22,Window 1 (Jul 2021 - Oct 2022),,41.0625,5662,Nehru Nagar,,Good
2022-09-23,Window 1 (Jul 2021 - Oct 2022),,39.333333333333336,5662,Nehru Nagar,,Good
2022-09-25,Window 1 (Jul 2021 - Oct 2022),,59.40909090909091,5662,Nehru Nagar,,Satisfactory
2022-09-26,Window 1 (Jul 2021 - Oct 2022),,56.27272727272727,5662,Nehru Nagar,,Satisfactory
2022-09-27,Window 1 (Jul 2021 - Oct 2022),,81.68181818181819,5662,Nehru Nagar,,Satisfactory
2022-09-28,Window 1 (Jul 2021 - Oct 2022),,129.85,5662,Nehru Nagar,,Moderate
2022-09-29,Window 1 (Jul 2021 - Oct 2022),,144.27272727272728,5662,Nehru Nagar,,Moderate
2022-09-30,Window 1 (Jul 2021 - Oct 2022),,122.0,5662,Nehru Nagar,,Moderate
2022-10-01,Window 1 (Jul 2021 - Oct 2022),,170.0,5662,Nehru Nagar,,Moderate
2022-10-02,Window 1 (Jul 2021 - Oct 2022),,163.11627906976744,5662,Nehru Nagar,,Moderate
2022-10-03,Window 1 (Jul 2021 - Oct 2022),,182.94444444444446,5662,Nehru Nagar,,Moderate
2022-10-04,Window 1 (Jul 2021 - Oct 2022),,57.2,5662,Nehru Nagar,,Satisfactory
2022-10-05,Window 1 (Jul 2021 - Oct 2022),,13.083333333333334,5662,Nehru Nagar,,Good
2022-10-06,Window 1 (Jul 2021 - Oct 2022),,19.285714285714285,5662,Nehru Nagar,,Good
2022-10-07,Window 1 (Jul 2021 - Oct 2022),,26.0,5662,Nehru Nagar,,Good
2022-10-08,Window 1 (Jul 2021 - Oct 2022),,30.125,5662,Nehru Nagar,,Good
2022-10-09,Window 1 (Jul 2021 - Oct 2022),,24.7,5662,Nehru Nagar,,Good
2022-10-10,Window 1 (Jul 2021 - Oct 2022),,19.38095238095238,5662,Nehru Nagar,,Good
2022-10-11,Window 1 (Jul 2021 - Oct 2022),,43.869565217391305,5662,Nehru Nagar,,Good
2022-10-12,Window 1 (Jul 2021 - Oct 2022),,61.46153846153846,5662,Nehru Nagar,,Satisfactory
2022-10-13,Window 1 (Jul 2021 - Oct 2022),,101.9047619047619,5662,Nehru Nagar,,Moderate
2022-10-14,Window 1 (Jul 2021 - Oct 2022),,154.14814814814815,5662,Nehru Nagar,,Moderate
2022-10-16,Window 1 (Jul 2021 - Oct 2022),,165.25,5662,Nehru Nagar,,Moderate
2025-02-18,Window 2 (Feb 2025 - present),42.1,62.7,5662,Nehru Nagar,Satisfactory,Satisfactory
2025-02-19,Window 2 (Feb 2025 - present),33.125,49.958333333333336,5662,Nehru Nagar,Satisfactory,Good
2025-02-20,Window 2 (Feb 2025 - present),42.862500000000004,64.38333333333334,5662,Nehru Nagar,Satisfactory,Satisfactory
2025-02-21,Window 2 (Feb 2025 - present),39.9375,59.99583333333334,5662,Nehru Nagar,Satisfactory,Satisfactory
2025-02-22,Window 2 (Feb 2025 - present),26.5625,39.770833333333336,5662,Nehru Nagar,Good,Good
2025-02-23,Window 2 (Feb 2025 - present),24.65416666666667,36.90833333333333,5662,Nehru Nagar,Good,Good
2025-02-24,Window 2 (Feb 2025 - present),25.9375,39.083333333333336,5662,Nehru Nagar,Good,Good
2025-02-25,Window 2 (Feb 2025 - present),45.89166666666667,68.99583333333334,5662,Nehru Nagar,Satisfactory,Satisfactory
2025-02-26,Window 2 (Feb 2025 - present),44.80833333333334,66.91666666666667,5662,Nehru Nagar,Satisfactory,Satisfactory
2025-02-27,Window 2 (Feb 2025 - present),30.925,46.59583333333333,5662,Nehru Nagar,Satisfactory,Good
2025-02-28,Window 2 (Feb 2025 - present),42.637499999999996,64.35833333333333,5662,Nehru Nagar,Satisfactory,Satisfactory
2025-03-01,Window 2 (Feb 2025 - present),35.770833333333336,53.75416666666666,5662,Nehru Nagar,Satisfactory,Satisfactory
2025-03-02,Window 2 (Feb 2025 - present),17.270833333333332,25.879166666666666,5662,Nehru Nagar,Good,Good
2025-03-03,Window 2 (Feb 2025 - present),19.5125,29.304166666666664,5662,Nehru Nagar,Good,Good
2025-03-04,Window 2 (Feb 2025 - present),14.055416666666666,21.116666666666667,5662,Nehru Nagar,Good,Good
2025-03-05,Window 2 (Feb 2025 - present),8.8475,13.254166666666668,5662,Nehru Nagar,Good,Good
2025-03-06,Window 2 (Feb 2025 - present),48.88333333333333,73.41666666666667,5662,Nehru Nagar,Satisfactory,Satisfactory
2025-03-07,Window 2 (Feb 2025 - present),45.645833333333336,68.39583333333333,5662,Nehru Nagar,Satisfactory,Satisfactory
2025-03-08,Window 2 (Feb 2025 - present),70.29130434782608,105.45652173913044,5662,Nehru Nagar,Moderate,Moderate
2025-03-09,Window 2 (Feb 2025 - present),82.04583333333333,123.03750000000001,5662,Nehru Nagar,Moderate,Moderate
2025-03-10,Window 2 (Feb 2025 - present),71.80833333333334,108.125,5662,Nehru Nagar,Moderate,Moderate
2025-03-11,Window 2 (Feb 2025 - present),64.90416666666667,97.44583333333333,5662,Nehru Nagar,Moderate,Satisfactory
2025-03-12,Window 2 (Feb 2025 - present),48.20416666666667,72.36666666666666,5662,Nehru Nagar,Satisfactory,Satisfactory
2025-03-13,Window 2 (Feb 2025 - present),72.72916666666667,109.1875,5662,Nehru Nagar,Moderate,Moderate
2025-03-14,Window 2 (Feb 2025 - present),50.104166666666664,75.02083333333333,5662,Nehru Nagar,Satisfactory,Satisfactory
2025-03-15,Window 2 (Feb 2025 - present),42.854166666666664,64.45416666666667,5662,Nehru Nagar,Satisfactory,Satisfactory
2025-03-16,Window 2 (Feb 2025 - present),27.758333333333336,41.574999999999996,5662,Nehru Nagar,Good,Good
2025-03-17,Window 2 (Feb 2025 - present),22.3875,33.625,5662,Nehru Nagar,Good,Good
2025-03-18,Window 2 (Feb 2025 - present),23.0,34.47083333333333,5662,Nehru Nagar,Good,Good
2025-03-19,Window 2 (Feb 2025 - present),32.1875,48.52916666666667,5662,Nehru Nagar,Satisfactory,Good
2025-03-20,Window 2 (Feb 2025 - present),41.78333333333333,62.68333333333334,5662,Nehru Nagar,Satisfactory,Satisfactory
2025-03-21,Window 2 (Feb 2025 - present),22.84583333333333,34.237500000000004,5662,Nehru Nagar,Good,Good
2025-03-22,Window 2 (Feb 2025 - present),21.59583333333333,32.550000000000004,5662,Nehru Nagar,Good,Good
2025-03-23,Window 2 (Feb 2025 - present),43.0,64.54166666666667,5662,Nehru Nagar,Satisfactory,Satisfactory
2025-03-24,Window 2 (Feb 2025 - present),52.23333333333333,78.25416666666666,5662,Nehru Nagar,Satisfactory,Satisfactory
2025-03-25,Window 2 (Feb 2025 - present),75.17916666666666,112.65833333333335,5662,Nehru Nagar,Moderate,Moderate
2025-03-26,Window 2 (Feb 2025 - present),79.6375,119.3125,5662,Nehru Nagar,Moderate,Moderate
2025-03-27,Window 2 (Feb 2025 - present),39.49583333333333,59.38333333333333,5662,Nehru Nagar,Satisfactory,Satisfactory
2025-03-28,Window 2 (Feb 2025 - present),28.108333333333334,42.233333333333334,5662,Nehru Nagar,Good,Good
2025-03-29,Window 2 (Feb 2025 - present),20.520833333333332,30.770833333333332,5662,Nehru Nagar,Good,Good
2025-03-30,Window 2 (Feb 2025 - present),25.079166666666666,37.725,5662,Nehru Nagar,Good,Good
2025-03-31,Window 2 (Feb 2025 - present),46.1625,69.4375,5662,Nehru Nagar,Satisfactory,Satisfactory
2025-04-01,Window 2 (Feb 2025 - present),53.43888888888889,80.4388888888889,5662,Nehru Nagar,Satisfactory,Satisfactory
2025-04-02,Window 2 (Feb 2025 - present),72.75,109.22916666666667,5662,Nehru Nagar,Moderate,Moderate
2025-04-03,Window 2 (Feb 2025 - present),97.0909090909091,145.70454545454547,5662,Nehru Nagar,Poor,Moderate
2025-04-04,Window 2 (Feb 2025 - present),59.46666666666667,89.08888888888889,5662,Nehru Nagar,Satisfactory,Satisfactory
2025-04-05,Window 2 (Feb 2025 - present),56.5,84.54166666666667,5662,Nehru Nagar,Satisfactory,Satisfactory
2025-04-06,Window 2 (Feb 2025 - present),63.64166666666667,95.425,5662,Nehru Nagar,Moderate,Satisfactory
2025-04-07,Window 2 (Feb 2025 - present),59.72083333333333,89.8125,5662,Nehru Nagar,Satisfactory,Satisfactory
2025-04-08,Window 2 (Feb 2025 - present),68.80416666666666,103.22916666666667,5662,Nehru Nagar,Moderate,Moderate
2025-04-11,Window 2 (Feb 2025 - present),37.85454545454545,56.99090909090909,5662,Nehru Nagar,Satisfactory,Satisfactory
2025-04-12,Window 2 (Feb 2025 - present),48.86,73.53999999999999,5662,Nehru Nagar,Satisfactory,Satisfactory
2025-04-13,Window 2 (Feb 2025 - present),29.46521739130435,44.495652173913044,5662,Nehru Nagar,Good,Good
2025-04-14,Window 2 (Feb 2025 - present),45.88,69.08,5662,Nehru Nagar,Satisfactory,Satisfactory
2025-04-15,Window 2 (Feb 2025 - present),57.34615384615385,86.46153846153847,5662,Nehru Nagar,Satisfactory,Satisfactory
2025-04-16,Window 2 (Feb 2025 - present),48.63157894736842,73.23684210526316,5662,Nehru Nagar,Satisfactory,Satisfactory
2025-04-17,Window 2 (Feb 2025 - present),56.3125,84.72916666666667,5662,Nehru Nagar,Satisfactory,Satisfactory
2025-04-18,Window 2 (Feb 2025 - present),67.87083333333334,102.20833333333333,5662,Nehru Nagar,Moderate,Moderate
2025-04-19,Window 2 (Feb 2025 - present),39.37916666666667,59.300000000000004,5662,Nehru Nagar,Satisfactory,Satisfactory
2025-04-20,Window 2 (Feb 2025 - present),68.00416666666666,102.32083333333333,5662,Nehru Nagar,Moderate,Moderate
2025-04-21,Window 2 (Feb 2025 - present),72.15416666666667,108.47916666666667,5662,Nehru Nagar,Moderate,Moderate
2025-04-22,Window 2 (Feb 2025 - present),56.18333333333334,84.49583333333334,5662,Nehru Nagar,Satisfactory,Satisfactory
2025-04-23,Window 2 (Feb 2025 - present),54.525,82.00833333333334,5662,Nehru Nagar,Satisfactory,Satisfactory
2025-04-24,Window 2 (Feb 2025 - present),75.425,113.22916666666667,5662,Nehru Nagar,Moderate,Moderate
2025-04-25,Window 2 (Feb 2025 - present),72.14444444444445,108.35555555555555,5662,Nehru Nagar,Moderate,Moderate
2025-04-26,Window 2 (Feb 2025 - present),37.26315789473684,56.16842105263158,5662,Nehru Nagar,Satisfactory,Satisfactory
2025-04-27,Window 2 (Feb 2025 - present),52.9625,79.55,5662,Nehru Nagar,Satisfactory,Satisfactory
2025-04-28,Window 2 (Feb 2025 - present),53.104166666666664,79.90833333333333,5662,Nehru Nagar,Satisfactory,Satisfactory
2025-04-29,Window 2 (Feb 2025 - present),59.61363636363637,89.72727272727273,5662,Nehru Nagar,Satisfactory,Satisfactory
2025-04-30,Window 2 (Feb 2025 - present),62.11666666666667,93.34583333333335,5662,Nehru Nagar,Moderate,Satisfactory
2025-05-01,Window 2 (Feb 2025 - present),63.583333333333336,95.52499999999999,5662,Nehru Nagar,Moderate,Satisfactory
2025-05-02,Window 2 (Feb 2025 - present),61.583333333333336,92.55416666666667,5662,Nehru Nagar,Moderate,Satisfactory
2025-05-03,Window 2 (Feb 2025 - present),66.5,100.04166666666667,5662,Nehru Nagar,Moderate,Moderate
2025-05-04,Window 2 (Feb 2025 - present),38.46666666666667,57.9625,5662,Nehru Nagar,Satisfactory,Satisfactory
2025-05-05,Window 2 (Feb 2025 - present),36.10434782608696,54.47826086956522,5662,Nehru Nagar,Satisfactory,Satisfactory
2025-05-06,Window 2 (Feb 2025 - present),37.75,56.52916666666667,5662,Nehru Nagar,Satisfactory,Satisfactory
2025-05-07,Window 2 (Feb 2025 - present),43.300000000000004,65.0,5662,Nehru Nagar,Satisfactory,Satisfactory
2025-05-08,Window 2 (Feb 2025 - present),37.425000000000004,56.28333333333333,5662,Nehru Nagar,Satisfactory,Satisfactory
2025-05-09,Window 2 (Feb 2025 - present),50.21818181818182,75.47727272727273,5662,Nehru Nagar,Satisfactory,Satisfactory
2025-05-10,Window 2 (Feb 2025 - present),47.291666666666664,71.07916666666667,5662,Nehru Nagar,Satisfactory,Satisfactory
2025-05-11,Window 2 (Feb 2025 - present),45.56842105263158,68.3578947368421,5662,Nehru Nagar,Satisfactory,Satisfactory
2025-05-12,Window 2 (Feb 2025 - present),56.574999999999996,84.92083333333333,5662,Nehru Nagar,Satisfactory,Satisfactory
2025-05-13,Window 2 (Feb 2025 - present),40.21,60.435,5662,Nehru Nagar,Satisfactory,Satisfactory
2025-05-14,Window 2 (Feb 2025 - present),54.67,82.05,5662,Nehru Nagar,Satisfactory,Satisfactory
2025-05-15,Window 2 (Feb 2025 - present),60.88095238095238,91.57142857142857,5662,Nehru Nagar,Moderate,Satisfactory
2025-05-16,Window 2 (Feb 2025 - present),66.3625,99.675,5662,Nehru Nagar,Moderate,Satisfactory
2025-05-17,Window 2 (Feb 2025 - present),49.09583333333333,73.71666666666667,5662,Nehru Nagar,Satisfactory,Satisfactory
2025-05-18,Window 2 (Feb 2025 - present),50.02916666666667,75.0125,5662,Nehru Nagar,Satisfactory,Satisfactory
2025-05-19,Window 2 (Feb 2025 - present),48.0625,72.06666666666666,5662,Nehru Nagar,Satisfactory,Satisfactory
2025-05-20,Window 2 (Feb 2025 - present),52.65217391304348,78.97826086956522,5662,Nehru Nagar,Satisfactory,Satisfactory
2025-05-21,Window 2 (Feb 2025 - present),46.1,69.14999999999999,5662,Nehru Nagar,Satisfactory,Satisfactory
2025-05-22,Window 2 (Feb 2025 - present),29.325,44.074999999999996,5662,Nehru Nagar,Good,Good
2025-05-23,Window 2 (Feb 2025 - present),42.4,63.50833333333333,5662,Nehru Nagar,Satisfactory,Satisfactory
2025-05-24,Window 2 (Feb 2025 - present),46.229166666666664,69.36666666666666,5662,Nehru Nagar,Satisfactory,Satisfactory
2025-05-25,Window 2 (Feb 2025 - present),35.43333333333333,52.93333333333334,5662,Nehru Nagar,Satisfactory,Satisfactory
2025-05-26,Window 2 (Feb 2025 - present),33.766666666666666,50.84166666666667,5662,Nehru Nagar,Satisfactory,Satisfactory
2025-05-27,Window 2 (Feb 2025 - present),28.2,42.25,5662,Nehru Nagar,Good,Good
2025-05-28,Window 2 (Feb 2025 - present),22.959999999999997,34.46666666666667,5662,Nehru Nagar,Good,Good
2025-05-29,Window 2 (Feb 2025 - present),26.150000000000002,39.25,5662,Nehru Nagar,Good,Good
2025-05-30,Window 2 (Feb 2025 - present),38.791666666666664,58.07083333333333,5662,Nehru Nagar,Satisfactory,Satisfactory
2025-05-31,Window 2 (Feb 2025 - present),40.7125,61.21666666666667,5662,Nehru Nagar,Satisfactory,Satisfactory
2025-06-01,Window 2 (Feb 2025 - present),35.38636363636363,53.18636363636363,5662,Nehru Nagar,Satisfactory,Satisfactory
2025-06-02,Window 2 (Feb 2025 - present),39.88421052631579,60.1,5662,Nehru Nagar,Satisfactory,Satisfactory
2025-06-03,Window 2 (Feb 2025 - present),35.81428571428571,53.92857142857143,5662,Nehru Nagar,Satisfactory,Satisfactory
2025-06-04,Window 2 (Feb 2025 - present),29.46666666666667,44.074999999999996,5662,Nehru Nagar,Good,Good
2025-06-05,Window 2 (Feb 2025 - present),39.324999999999996,58.80833333333334,5662,Nehru Nagar,Satisfactory,Satisfactory
2025-06-06,Window 2 (Feb 2025 - present),42.4375,63.824999999999996,5662,Nehru Nagar,Satisfactory,Satisfactory
2025-06-07,Window 2 (Feb 2025 - present),48.63333333333333,73.05416666666666,5662,Nehru Nagar,Satisfactory,Satisfactory
2025-06-08,Window 2 (Feb 2025 - present),46.24166666666667,69.14583333333333,5662,Nehru Nagar,Satisfactory,Satisfactory
2025-06-09,Window 2 (Feb 2025 - present),54.90833333333333,82.36666666666666,5662,Nehru Nagar,Satisfactory,Satisfactory
2025-06-10,Window 2 (Feb 2025 - present),58.583333333333336,87.75,5662,Nehru Nagar,Satisfactory,Satisfactory
2025-06-11,Window 2 (Feb 2025 - present),60.324999999999996,90.8,5662,Nehru Nagar,Moderate,Satisfactory
2025-06-12,Window 2 (Feb 2025 - present),45.55217391304348,68.33478260869565,5662,Nehru Nagar,Satisfactory,Satisfactory
2025-06-13,Window 2 (Feb 2025 - present),36.94782608695652,55.28260869565217,5662,Nehru Nagar,Satisfactory,Satisfactory
2025-06-14,Window 2 (Feb 2025 - present),40.25,60.26666666666667,5662,Nehru Nagar,Satisfactory,Satisfactory
2025-06-15,Window 2 (Feb 2025 - present),31.579166666666666,47.291666666666664,5662,Nehru Nagar,Satisfactory,Good
2025-06-16,Window 2 (Feb 2025 - present),29.791666666666668,44.65,5662,Nehru Nagar,Good,Good
2025-06-17,Window 2 (Feb 2025 - present),28.162499999999998,42.362500000000004,5662,Nehru Nagar,Good,Good
2025-06-18,Window 2 (Feb 2025 - present),25.03478260869565,37.573913043478264,5662,Nehru Nagar,Good,Good
2025-06-19,Window 2 (Feb 2025 - present),24.172727272727272,36.28181818181818,5662,Nehru Nagar,Good,Good
2025-06-20,Window 2 (Feb 2025 - present),17.875,26.791666666666668,5662,Nehru Nagar,Good,Good
2025-06-21,Window 2 (Feb 2025 - present),16.126315789473683,24.25263157894737,5662,Nehru Nagar,Good,Good
2025-06-22,Window 2 (Feb 2025 - present),18.92608695652174,28.278260869565216,5662,Nehru Nagar,Good,Good
2025-06-23,Window 2 (Feb 2025 - present),20.204761904761906,29.38095238095238,5662,Nehru Nagar,Good,Good
2025-06-24,Window 2 (Feb 2025 - present),23.188235294117646,34.870588235294115,5662,Nehru Nagar,Good,Good
2025-06-25,Window 2 (Feb 2025 - present),20.366666666666667,30.78333333333333,5662,Nehru Nagar,Good,Good
2025-06-26,Window 2 (Feb 2025 - present),14.66125,21.991666666666664,5662,Nehru Nagar,Good,Good
2025-06-27,Window 2 (Feb 2025 - present),15.21875,22.78125,5662,Nehru Nagar,Good,Good
2025-06-28,Window 2 (Feb 2025 - present),17.030434782608694,25.291304347826088,5662,Nehru Nagar,Good,Good
2025-06-29,Window 2 (Feb 2025 - present),16.850625,25.35625,5662,Nehru Nagar,Good,Good
2025-06-30,Window 2 (Feb 2025 - present),16.259999999999998,24.395,5662,Nehru Nagar,Good,Good
2025-07-01,Window 2 (Feb 2025 - present),17.570833333333333,26.358333333333334,5662,Nehru Nagar,Good,Good
2025-07-02,Window 2 (Feb 2025 - present),20.886363636363637,31.6,5662,Nehru Nagar,Good,Good
2025-07-03,Window 2 (Feb 2025 - present),20.041666666666668,29.875,5662,Nehru Nagar,Good,Good
2025-07-04,Window 2 (Feb 2025 - present),14.06842105263158,21.089473684210525,5662,Nehru Nagar,Good,Good
2025-07-05,Window 2 (Feb 2025 - present),28.31125,42.38333333333333,5662,Nehru Nagar,Good,Good
2025-07-06,Window 2 (Feb 2025 - present),25.380000000000003,38.005,5662,Nehru Nagar,Good,Good
2025-07-07,Window 2 (Feb 2025 - present),21.704166666666666,32.733333333333334,5662,Nehru Nagar,Good,Good
2025-07-08,Window 2 (Feb 2025 - present),25.27916666666667,37.77916666666667,5662,Nehru Nagar,Good,Good
2025-07-09,Window 2 (Feb 2025 - present),16.095833333333335,24.320833333333336,5662,Nehru Nagar,Good,Good
2025-07-10,Window 2 (Feb 2025 - present),17.591666666666665,26.4375,5662,Nehru Nagar,Good,Good
2025-07-11,Window 2 (Feb 2025 - present),16.284583333333334,24.354166666666668,5662,Nehru Nagar,Good,Good
2025-07-12,Window 2 (Feb 2025 - present),19.341666666666665,29.075,5662,Nehru Nagar,Good,Good
2025-07-13,Window 2 (Feb 2025 - present),19.025000000000002,28.570833333333336,5662,Nehru Nagar,Good,Good
2025-07-14,Window 2 (Feb 2025 - present),13.091666666666667,19.6875,5662,Nehru Nagar,Good,Good
2025-07-15,Window 2 (Feb 2025 - present),15.483333333333334,23.141666666666666,5662,Nehru Nagar,Good,Good
2025-07-16,Window 2 (Feb 2025 - present),12.682608695652174,18.9,5662,Nehru Nagar,Good,Good
2025-07-17,Window 2 (Feb 2025 - present),16.481052631578947,24.905263157894737,5662,Nehru Nagar,Good,Good
2025-07-18,Window 2 (Feb 2025 - present),11.7475,17.666666666666668,5662,Nehru Nagar,Good,Good
2025-07-19,Window 2 (Feb 2025 - present),30.875,46.166666666666664,5662,Nehru Nagar,Satisfactory,Good
2025-07-20,Window 2 (Feb 2025 - present),25.45,37.94166666666667,5662,Nehru Nagar,Good,Good
2025-07-21,Window 2 (Feb 2025 - present),26.883333333333336,40.34166666666667,5662,Nehru Nagar,Good,Good
2025-07-22,Window 2 (Feb 2025 - present),26.156521739130437,39.047826086956526,5662,Nehru Nagar,Good,Good
2025-07-23,Window 2 (Feb 2025 - present),26.377272727272725,39.695454545454545,5662,Nehru Nagar,Good,Good
2025-07-24,Window 2 (Feb 2025 - present),25.475,38.055,5662,Nehru Nagar,Good,Good
2025-07-25,Window 2 (Feb 2025 - present),17.458333333333332,26.222083333333334,5662,Nehru Nagar,Good,Good
2025-07-26,Window 2 (Feb 2025 - present),13.666666666666666,20.595833333333335,5662,Nehru Nagar,Good,Good
2025-07-27,Window 2 (Feb 2025 - present),20.138749999999998,30.55541666666667,5662,Nehru Nagar,Good,Good
2025-07-28,Window 2 (Feb 2025 - present),12.341666666666667,18.479166666666668,5662,Nehru Nagar,Good,Good
2025-07-29,Window 2 (Feb 2025 - present),14.541666666666666,21.804166666666664,5662,Nehru Nagar,Good,Good
2025-07-30,Window 2 (Feb 2025 - present),21.733333333333334,32.40416666666667,5662,Nehru Nagar,Good,Good
2025-07-31,Window 2 (Feb 2025 - present),14.929130434782609,22.523043478260867,5662,Nehru Nagar,Good,Good
2025-08-01,Window 2 (Feb 2025 - present),24.11111111111111,36.09444444444445,5662,Nehru Nagar,Good,Good
2025-08-02,Window 2 (Feb 2025 - present),21.791304347826088,32.660869565217396,5662,Nehru Nagar,Good,Good
2025-08-03,Window 2 (Feb 2025 - present),20.6875,31.03333333333333,5662,Nehru Nagar,Good,Good
2025-08-04,Window 2 (Feb 2025 - present),13.7935,20.81,5662,Nehru Nagar,Good,Good
2025-08-05,Window 2 (Feb 2025 - present),21.7375,32.541666666666664,5662,Nehru Nagar,Good,Good
2025-08-06,Window 2 (Feb 2025 - present),22.90416666666667,34.291666666666664,5662,Nehru Nagar,Good,Good
2025-08-07,Window 2 (Feb 2025 - present),29.287499999999998,43.7125,5662,Nehru Nagar,Good,Good
2025-08-08,Window 2 (Feb 2025 - present),19.6,29.44347826086957,5662,Nehru Nagar,Good,Good
2025-08-09,Window 2 (Feb 2025 - present),18.35125,27.525000000000002,5662,Nehru Nagar,Good,Good
2025-08-10,Window 2 (Feb 2025 - present),16.054166666666667,24.020833333333332,5662,Nehru Nagar,Good,Good
2025-08-11,Window 2 (Feb 2025 - present),17.575,26.21666666666667,5662,Nehru Nagar,Good,Good
2025-08-12,Window 2 (Feb 2025 - present),22.420833333333334,33.75833333333333,5662,Nehru Nagar,Good,Good
2025-08-13,Window 2 (Feb 2025 - present),22.825,33.95125,5662,Nehru Nagar,Good,Good
2025-08-14,Window 2 (Feb 2025 - present),25.55,38.2875,5662,Nehru Nagar,Good,Good
2025-08-15,Window 2 (Feb 2025 - present),19.47625,29.224999999999998,5662,Nehru Nagar,Good,Good
2025-08-16,Window 2 (Feb 2025 - present),23.866666666666664,35.550000000000004,5662,Nehru Nagar,Good,Good
2025-08-17,Window 2 (Feb 2025 - present),22.441666666666666,33.637499999999996,5662,Nehru Nagar,Good,Good
2025-08-18,Window 2 (Feb 2025 - present),17.31869565217391,25.869565217391305,5662,Nehru Nagar,Good,Good
2025-08-19,Window 2 (Feb 2025 - present),16.886363636363637,25.329545454545453,5662,Nehru Nagar,Good,Good
2025-08-20,Window 2 (Feb 2025 - present),20.0625,30.320833333333336,5662,Nehru Nagar,Good,Good
2025-08-21,Window 2 (Feb 2025 - present),33.03333333333334,49.77142857142857,5662,Nehru Nagar,Satisfactory,Good
2025-08-22,Window 2 (Feb 2025 - present),17.09047619047619,25.9,5662,Nehru Nagar,Good,Good
2025-08-23,Window 2 (Feb 2025 - present),16.095,24.315,5662,Nehru Nagar,Good,Good
2025-08-24,Window 2 (Feb 2025 - present),21.025000000000002,31.679166666666664,5662,Nehru Nagar,Good,Good
2025-08-25,Window 2 (Feb 2025 - present),13.841666666666667,21.045833333333334,5662,Nehru Nagar,Good,Good
2025-08-26,Window 2 (Feb 2025 - present),24.446818181818184,36.96818181818182,5662,Nehru Nagar,Good,Good
2025-08-27,Window 2 (Feb 2025 - present),38.515,58.089999999999996,5662,Nehru Nagar,Satisfactory,Satisfactory
2025-08-28,Window 2 (Feb 2025 - present),35.08571428571428,53.023809523809526,5662,Nehru Nagar,Satisfactory,Satisfactory
2025-08-29,Window 2 (Feb 2025 - present),37.92857142857143,57.142857142857146,5662,Nehru Nagar,Satisfactory,Satisfactory
2025-09-02,Window 2 (Feb 2025 - present),26.673684210526318,40.33157894736842,5662,Nehru Nagar,Good,Good
2025-09-03,Window 2 (Feb 2025 - present),20.75,31.454166666666666,5662,Nehru Nagar,Good,Good
2025-09-04,Window 2 (Feb 2025 - present),15.75,23.916666666666668,5662,Nehru Nagar,Good,Good
2025-09-05,Window 2 (Feb 2025 - present),33.012499999999996,49.75,5662,Nehru Nagar,Satisfactory,Good
2025-09-06,Window 2 (Feb 2025 - present),34.15238095238095,51.34285714285714,5662,Nehru Nagar,Satisfactory,Satisfactory
2025-09-07,Window 2 (Feb 2025 - present),25.891304347826086,39.160869565217396,5662,Nehru Nagar,Good,Good
2025-09-08,Window 2 (Feb 2025 - present),38.08125,57.45,5662,Nehru Nagar,Satisfactory,Satisfactory
2025-09-09,Window 2 (Feb 2025 - present),31.569565217391304,47.6,5662,Nehru Nagar,Satisfactory,Good
2025-09-10,Window 2 (Feb 2025 - present),29.013636363636362,43.690909090909095,5662,Nehru Nagar,Good,Good
2025-09-11,Window 2 (Feb 2025 - present),45.65,68.77916666666667,5662,Nehru Nagar,Satisfactory,Satisfactory
2025-09-12,Window 2 (Feb 2025 - present),46.81666666666666,70.57083333333334,5662,Nehru Nagar,Satisfactory,Satisfactory
2025-09-13,Window 2 (Feb 2025 - present),24.900000000000002,37.833333333333336,5662,Nehru Nagar,Good,Good
2025-09-14,Window 2 (Feb 2025 - present),40.53333333333333,61.03333333333333,5662,Nehru Nagar,Satisfactory,Satisfactory
2025-09-15,Window 2 (Feb 2025 - present),31.05,46.887499999999996,5662,Nehru Nagar,Satisfactory,Good
2025-09-16,Window 2 (Feb 2025 - present),29.983333333333334,45.40555555555555,5662,Nehru Nagar,Good,Good
2025-09-17,Window 2 (Feb 2025 - present),21.520833333333332,32.5,5662,Nehru Nagar,Good,Good
2025-09-18,Window 2 (Feb 2025 - present),25.710526315789473,38.71052631578947,5662,Nehru Nagar,Good,Good
2025-09-19,Window 2 (Feb 2025 - present),35.800000000000004,53.925000000000004,5662,Nehru Nagar,Satisfactory,Satisfactory
2025-09-20,Window 2 (Feb 2025 - present),52.916666666666664,79.78333333333333,5662,Nehru Nagar,Satisfactory,Satisfactory
2025-09-21,Window 2 (Feb 2025 - present),48.02272727272727,72.30454545454546,5662,Nehru Nagar,Satisfactory,Satisfactory
2025-09-22,Window 2 (Feb 2025 - present),51.45416666666667,77.4375,5662,Nehru Nagar,Satisfactory,Satisfactory
2025-09-23,Window 2 (Feb 2025 - present),46.666666666666664,70.27916666666667,5662,Nehru Nagar,Satisfactory,Satisfactory
2025-09-24,Window 2 (Feb 2025 - present),44.01666666666667,66.28750000000001,5662,Nehru Nagar,Satisfactory,Satisfactory
2025-09-25,Window 2 (Feb 2025 - present),62.449999999999996,93.9375,5662,Nehru Nagar,Moderate,Satisfactory
2025-09-26,Window 2 (Feb 2025 - present),52.985,79.575,5662,Nehru Nagar,Satisfactory,Satisfactory
2025-09-27,Window 2 (Feb 2025 - present),24.1125,36.15416666666667,5662,Nehru Nagar,Good,Good
2025-09-28,Window 2 (Feb 2025 - present),19.195652173913043,28.847826086956523,5662,Nehru Nagar,Good,Good
2025-09-29,Window 2 (Feb 2025 - present),29.104166666666668,43.645833333333336,5662,Nehru Nagar,Good,Good
2025-09-30,Window 2 (Feb 2025 - present),20.991666666666667,31.575,5662,Nehru Nagar,Good,Good
2025-10-01,Window 2 (Feb 2025 - present),27.40416666666667,40.954166666666666,5662,Nehru Nagar,Good,Good
2025-10-02,Window 2 (Feb 2025 - present),16.4375,24.4375,5662,Nehru Nagar,Good,Good
2025-10-03,Window 2 (Feb 2025 - present),14.470833333333333,21.583333333333332,5662,Nehru Nagar,Good,Good
2025-10-04,Window 2 (Feb 2025 - present),14.318181818181818,21.424090909090907,5662,Nehru Nagar,Good,Good
2025-10-05,Window 2 (Feb 2025 - present),43.21666666666667,65.15833333333333,5662,Nehru Nagar,Satisfactory,Satisfactory
2025-10-06,Window 2 (Feb 2025 - present),30.145833333333332,45.416666666666664,5662,Nehru Nagar,Satisfactory,Good
2025-10-07,Window 2 (Feb 2025 - present),35.520833333333336,53.525,5662,Nehru Nagar,Satisfactory,Satisfactory
2025-10-08,Window 2 (Feb 2025 - present),32.416666666666664,48.84166666666667,5662,Nehru Nagar,Satisfactory,Good
2025-10-09,Window 2 (Feb 2025 - present),57.78333333333333,87.02083333333333,5662,Nehru Nagar,Satisfactory,Satisfactory
2025-10-10,Window 2 (Feb 2025 - present),75.02380952380952,112.77142857142856,5662,Nehru Nagar,Moderate,Moderate
2025-10-11,Window 2 (Feb 2025 - present),70.07083333333334,105.41666666666667,5662,Nehru Nagar,Moderate,Moderate
2025-10-12,Window 2 (Feb 2025 - present),87.575,131.58333333333334,5662,Nehru Nagar,Moderate,Moderate
2025-10-13,Window 2 (Feb 2025 - present),68.13333333333334,102.42083333333333,5662,Nehru Nagar,Moderate,Moderate
2025-10-14,Window 2 (Feb 2025 - present),75.32142857142857,111.46428571428571,5662,Nehru Nagar,Moderate,Moderate
2025-10-15,Window 2 (Feb 2025 - present),88.3,132.35333333333332,5662,Nehru Nagar,Moderate,Moderate
2025-10-16,Window 2 (Feb 2025 - present),78.82083333333334,118.15833333333335,5662,Nehru Nagar,Moderate,Moderate
2025-10-17,Window 2 (Feb 2025 - present),130.57500000000002,195.95833333333334,5662,Nehru Nagar,Very Poor,Moderate
2025-10-18,Window 2 (Feb 2025 - present),132.625,198.85416666666666,5662,Nehru Nagar,Very Poor,Moderate
2025-10-19,Window 2 (Feb 2025 - present),112.75,169.16666666666666,5662,Nehru Nagar,Poor,Moderate
2025-10-20,Window 2 (Feb 2025 - present),147.31666666666666,199.83333333333334,5662,Nehru Nagar,Very Poor,Moderate
2025-10-21,Window 2 (Feb 2025 - present),113.825,170.96666666666667,5662,Nehru Nagar,Poor,Moderate
2025-10-22,Window 2 (Feb 2025 - present),86.30434782608695,129.49565217391304,5662,Nehru Nagar,Moderate,Moderate
2025-10-23,Window 2 (Feb 2025 - present),89.91666666666667,134.75,5662,Nehru Nagar,Moderate,Moderate
2025-10-24,Window 2 (Feb 2025 - present),61.050000000000004,91.39583333333333,5662,Nehru Nagar,Moderate,Satisfactory
2025-10-25,Window 2 (Feb 2025 - present),48.23333333333333,72.04166666666667,5662,Nehru Nagar,Satisfactory,Satisfactory
2025-10-26,Window 2 (Feb 2025 - present),53.82222222222222,80.33333333333333,5662,Nehru Nagar,Satisfactory,Satisfactory
2025-10-27,Window 2 (Feb 2025 - present),60.958333333333336,91.27083333333333,5662,Nehru Nagar,Moderate,Satisfactory
2025-10-28,Window 2 (Feb 2025 - present),21.636363636363637,32.43636363636364,5662,Nehru Nagar,Good,Good
2025-10-29,Window 2 (Feb 2025 - present),27.349999999999998,40.87916666666667,5662,Nehru Nagar,Good,Good
2025-10-30,Window 2 (Feb 2025 - present),11.210526315789474,16.642105263157895,5662,Nehru Nagar,Good,Good
2025-10-31,Window 2 (Feb 2025 - present),12.120434782608696,17.982608695652175,5662,Nehru Nagar,Good,Good
2025-11-01,Window 2 (Feb 2025 - present),36.99583333333333,55.262499999999996,5662,Nehru Nagar,Satisfactory,Satisfactory
2025-11-02,Window 2 (Feb 2025 - present),57.108695652173914,85.48695652173913,5662,Nehru Nagar,Satisfactory,Satisfactory
2025-11-03,Window 2 (Feb 2025 - present),62.97692307692308,94.34615384615384,5662,Nehru Nagar,Moderate,Satisfactory
2025-11-04,Window 2 (Feb 2025 - present),61.51578947368421,92.4421052631579,5662,Nehru Nagar,Moderate,Satisfactory
2025-11-05,Window 2 (Feb 2025 - present),62.6875,94.04583333333333,5662,Nehru Nagar,Moderate,Satisfactory
2025-11-06,Window 2 (Feb 2025 - present),50.29130434782609,75.52173913043478,5662,Nehru Nagar,Satisfactory,Satisfactory
2025-11-07,Window 2 (Feb 2025 - present),108.19375,92.10625,5662,Nehru Nagar,Poor,Satisfactory
2025-11-08,Window 2 (Feb 2025 - present),159.4,161.73684210526315,5662,Nehru Nagar,Very Poor,Moderate
2025-11-09,Window 2 (Feb 2025 - present),137.11363636363637,158.66666666666666,5662,Nehru Nagar,Very Poor,Moderate
2025-11-10,Window 2 (Feb 2025 - present),132.5625,198.8125,5662,Nehru Nagar,Very Poor,Moderate
2025-11-11,Window 2 (Feb 2025 - present),113.33333333333333,170.04166666666666,5662,Nehru Nagar,Poor,Moderate
2025-11-12,Window 2 (Feb 2025 - present),151.04545454545453,167.45454545454547,5662,Nehru Nagar,Very Poor,Moderate
2025-11-13,Window 2 (Feb 2025 - present),82.79130434782608,124.04347826086956,5662,Nehru Nagar,Moderate,Moderate
2025-11-14,Window 2 (Feb 2025 - present),97.30588235294118,145.71764705882353,5662,Nehru Nagar,Poor,Moderate
2025-11-15,Window 2 (Feb 2025 - present),88.14583333333333,132.30416666666667,5662,Nehru Nagar,Moderate,Moderate
2025-11-16,Window 2 (Feb 2025 - present),64.72083333333333,97.2625,5662,Nehru Nagar,Moderate,Satisfactory
2025-11-17,Window 2 (Feb 2025 - present),56.17083333333333,84.22083333333333,5662,Nehru Nagar,Satisfactory,Satisfactory
2025-11-18,Window 2 (Feb 2025 - present),67.85555555555555,101.44999999999999,5662,Nehru Nagar,Moderate,Moderate
2025-11-19,Window 2 (Feb 2025 - present),84.75,127.2,5662,Nehru Nagar,Moderate,Moderate
2025-11-20,Window 2 (Feb 2025 - present),126.66250000000001,189.65416666666667,5662,Nehru Nagar,Very Poor,Moderate
2025-11-21,Window 2 (Feb 2025 - present),77.34583333333333,115.79166666666667,5662,Nehru Nagar,Moderate,Moderate
2025-11-22,Window 2 (Feb 2025 - present),104.45833333333333,156.32083333333333,5662,Nehru Nagar,Poor,Moderate
2025-11-23,Window 2 (Feb 2025 - present),121.98636363636363,183.13636363636363,5662,Nehru Nagar,Very Poor,Moderate
2025-11-24,Window 2 (Feb 2025 - present),79.47916666666667,119.14583333333333,5662,Nehru Nagar,Moderate,Moderate
2025-11-25,Window 2 (Feb 2025 - present),67.35416666666667,101.02083333333333,5662,Nehru Nagar,Moderate,Moderate
2025-11-26,Window 2 (Feb 2025 - present),58.237500000000004,87.27916666666665,5662,Nehru Nagar,Satisfactory,Satisfactory
2025-11-27,Window 2 (Feb 2025 - present),62.3125,93.35416666666667,5662,Nehru Nagar,Moderate,Satisfactory
2025-11-28,Window 2 (Feb 2025 - present),51.625,77.22916666666667,5662,Nehru Nagar,Satisfactory,Satisfactory
2025-11-29,Window 2 (Feb 2025 - present),75.02173913043478,76.04347826086956,5662,Nehru Nagar,Moderate,Satisfactory
2025-11-30,Window 2 (Feb 2025 - present),48.324999999999996,72.41666666666667,5662,Nehru Nagar,Satisfactory,Satisfactory
2025-12-01,Window 2 (Feb 2025 - present),68.68260869565218,103.10000000000001,5662,Nehru Nagar,Moderate,Moderate
2025-12-02,Window 2 (Feb 2025 - present),78.985,118.475,5662,Nehru Nagar,Moderate,Moderate
2025-12-03,Window 2 (Feb 2025 - present),57.3,85.92857142857143,5662,Nehru Nagar,Satisfactory,Satisfactory
2025-12-04,Window 2 (Feb 2025 - present),54.46666666666666,81.46666666666667,5662,Nehru Nagar,Satisfactory,Satisfactory
2025-12-05,Window 2 (Feb 2025 - present),48.854166666666664,73.21249999999999,5662,Nehru Nagar,Satisfactory,Satisfactory
2025-12-06,Window 2 (Feb 2025 - present),87.65217391304348,77.78181818181818,5662,Nehru Nagar,Moderate,Satisfactory
2025-12-07,Window 2 (Feb 2025 - present),52.12083333333334,78.14166666666667,5662,Nehru Nagar,Satisfactory,Satisfactory
2025-12-08,Window 2 (Feb 2025 - present),58.65652173913043,75.77391304347826,5662,Nehru Nagar,Satisfactory,Satisfactory
2025-12-09,Window 2 (Feb 2025 - present),34.954166666666666,52.38333333333333,5662,Nehru Nagar,Satisfactory,Satisfactory
2025-12-10,Window 2 (Feb 2025 - present),38.34166666666667,57.458333333333336,5662,Nehru Nagar,Satisfactory,Satisfactory
2025-12-11,Window 2 (Feb 2025 - present),87.19565217391305,130.7130434782609,5662,Nehru Nagar,Moderate,Moderate
2025-12-12,Window 2 (Feb 2025 - present),76.81666666666666,115.30833333333334,5662,Nehru Nagar,Moderate,Moderate
2025-12-13,Window 2 (Feb 2025 - present),96.91250000000001,145.53333333333333,5662,Nehru Nagar,Poor,Moderate
2025-12-14,Window 2 (Feb 2025 - present),65.51666666666667,98.24166666666667,5662,Nehru Nagar,Moderate,Satisfactory
2025-12-15,Window 2 (Feb 2025 - present),66.99583333333334,100.58333333333333,5662,Nehru Nagar,Moderate,Moderate
2025-12-16,Window 2 (Feb 2025 - present),70.30499999999999,105.455,5662,Nehru Nagar,Moderate,Moderate
2025-12-17,Window 2 (Feb 2025 - present),65.87391304347825,98.92608695652174,5662,Nehru Nagar,Moderate,Satisfactory
2025-12-18,Window 2 (Feb 2025 - present),62.95652173913044,94.58260869565218,5662,Nehru Nagar,Moderate,Satisfactory
2025-12-19,Window 2 (Feb 2025 - present),69.31739130434782,104.07826086956523,5662,Nehru Nagar,Moderate,Moderate
2025-12-20,Window 2 (Feb 2025 - present),63.010000000000005,94.565,5662,Nehru Nagar,Moderate,Satisfactory
2025-12-22,Window 2 (Feb 2025 - present),101.75,106.75,5662,Nehru Nagar,Poor,Moderate
2025-12-23,Window 2 (Feb 2025 - present),73.61363636363636,110.30909090909091,5662,Nehru Nagar,Moderate,Moderate
2025-12-24,Window 2 (Feb 2025 - present),35.766666666666666,53.23333333333333,5662,Nehru Nagar,Satisfactory,Satisfactory
2025-12-26,Window 2 (Feb 2025 - present),42.4125,63.4875,5662,Nehru Nagar,Satisfactory,Satisfactory
2025-12-27,Window 2 (Feb 2025 - present),64.0125,95.94583333333333,5662,Nehru Nagar,Moderate,Satisfactory
2025-12-28,Window 2 (Feb 2025 - present),58.35909090909092,87.4090909090909,5662,Nehru Nagar,Satisfactory,Satisfactory
2025-12-29,Window 2 (Feb 2025 - present),106.1304347826087,122.97826086956522,5662,Nehru Nagar,Poor,Moderate
2025-12-30,Window 2 (Feb 2025 - present),77.7,116.7625,5662,Nehru Nagar,Moderate,Moderate
2025-12-31,Window 2 (Feb 2025 - present),71.0625,106.41666666666667,5662,Nehru Nagar,Moderate,Moderate
2026-01-01,Window 2 (Feb 2025 - present),92.65833333333335,100.0125,5662,Nehru Nagar,Poor,Moderate
2026-01-02,Window 2 (Feb 2025 - present),71.54285714285714,107.28571428571429,5662,Nehru Nagar,Moderate,Moderate
2026-01-03,Window 2 (Feb 2025 - present),101.015,150.02631578947367,5662,Nehru Nagar,Poor,Moderate
2026-01-04,Window 2 (Feb 2025 - present),99.42916666666667,148.97916666666666,5662,Nehru Nagar,Poor,Moderate
2026-01-05,Window 2 (Feb 2025 - present),80.07894736842105,101.1842105263158,5662,Nehru Nagar,Moderate,Moderate
2026-01-06,Window 2 (Feb 2025 - present),72.46666666666667,108.93333333333334,5662,Nehru Nagar,Moderate,Moderate
2026-01-07,Window 2 (Feb 2025 - present),69.35000000000001,104.16666666666667,5662,Nehru Nagar,Moderate,Moderate
2026-01-08,Window 2 (Feb 2025 - present),82.52083333333333,123.8,5662,Nehru Nagar,Moderate,Moderate
2026-01-09,Window 2 (Feb 2025 - present),135.13333333333333,202.69583333333333,5662,Nehru Nagar,Very Poor,Moderate
2026-01-10,Window 2 (Feb 2025 - present),103.95833333333333,156.125,5662,Nehru Nagar,Poor,Moderate
2026-01-20,Window 2 (Feb 2025 - present),103.15,155.07999999999998,5662,Nehru Nagar,Poor,Moderate
2026-01-21,Window 2 (Feb 2025 - present),64.33333333333333,96.69166666666666,5662,Nehru Nagar,Moderate,Satisfactory
2026-01-22,Window 2 (Feb 2025 - present),83.33333333333333,124.89999999999999,5662,Nehru Nagar,Moderate,Moderate
2026-01-23,Window 2 (Feb 2025 - present),54.949999999999996,82.57916666666667,5662,Nehru Nagar,Satisfactory,Satisfactory
2026-01-24,Window 2 (Feb 2025 - present),50.512499999999996,75.77083333333333,5662,Nehru Nagar,Satisfactory,Satisfactory
2026-01-25,Window 2 (Feb 2025 - present),32.637499999999996,48.833333333333336,5662,Nehru Nagar,Satisfactory,Good
2026-01-26,Window 2 (Feb 2025 - present),38.64666666666667,58.24666666666667,5662,Nehru Nagar,Satisfactory,Satisfactory
2026-01-27,Window 2 (Feb 2025 - present),46.55294117647059,69.70588235294117,5662,Nehru Nagar,Satisfactory,Satisfactory
2026-01-28,Window 2 (Feb 2025 - present),31.745833333333334,41.46666666666667,5662,Nehru Nagar,Satisfactory,Good
2026-01-29,Window 2 (Feb 2025 - present),54.55833333333334,68.31666666666666,5662,Nehru Nagar,Satisfactory,Satisfactory
2026-01-30,Window 2 (Feb 2025 - present),63.80434782608695,79.80434782608695,5662,Nehru Nagar,Moderate,Satisfactory
2026-01-31,Window 2 (Feb 2025 - present),80.89583333333333,101.14999999999999,5662,Nehru Nagar,Moderate,Moderate
2026-02-01,Window 2 (Feb 2025 - present),100.375,125.33333333333333,5662,Nehru Nagar,Poor,Moderate
2026-02-02,Window 2 (Feb 2025 - present),81.10416666666667,101.2375,5662,Nehru Nagar,Moderate,Moderate
2026-02-03,Window 2 (Feb 2025 - present),45.55555555555556,56.96666666666667,5662,Nehru Nagar,Satisfactory,Satisfactory
2026-02-04,Window 2 (Feb 2025 - present),52.421052631578945,65.43684210526315,5662,Nehru Nagar,Satisfactory,Satisfactory
2026-02-05,Window 2 (Feb 2025 - present),58.074999999999996,72.6125,5662,Nehru Nagar,Satisfactory,Satisfactory
2026-02-06,Window 2 (Feb 2025 - present),48.083333333333336,60.0625,5662,Nehru Nagar,Satisfactory,Satisfactory
2026-02-07,Window 2 (Feb 2025 - present),45.82631578947369,64.82105263157894,5662,Nehru Nagar,Satisfactory,Satisfactory
2026-02-08,Window 2 (Feb 2025 - present),96.0,143.38888888888889,5662,Nehru Nagar,Poor,Moderate
2026-02-09,Window 2 (Feb 2025 - present),79.30416666666666,118.37916666666666,5662,Nehru Nagar,Moderate,Moderate
2026-02-10,Window 2 (Feb 2025 - present),84.8913043478261,126.97826086956522,5662,Nehru Nagar,Moderate,Moderate
2026-02-11,Window 2 (Feb 2025 - present),64.02173913043478,95.70434782608694,5662,Nehru Nagar,Moderate,Satisfactory
2026-02-12,Window 2 (Feb 2025 - present),42.958333333333336,64.11666666666666,5662,Nehru Nagar,Satisfactory,Satisfactory
2026-02-13,Window 2 (Feb 2025 - present),64.69166666666666,96.60416666666667,5662,Nehru Nagar,Moderate,Satisfactory
2026-02-14,Window 2 (Feb 2025 - present),49.416666666666664,73.85000000000001,5662,Nehru Nagar,Satisfactory,Satisfactory
2026-02-15,Window 2 (Feb 2025 - present),53.19166666666666,79.57083333333334,5662,Nehru Nagar,Satisfactory,Satisfactory
2026-02-16,Window 2 (Feb 2025 - present),56.5,84.0,5662,Nehru Nagar,Satisfactory,Satisfactory
2026-02-17,Window 2 (Feb 2025 - present),59.17999999999999,87.83,5662,Nehru Nagar,Satisfactory,Satisfactory
2026-02-18,Window 2 (Feb 2025 - present),50.906666666666666,76.04666666666667,5662,Nehru Nagar,Satisfactory,Satisfactory
2026-02-19,Window 2 (Feb 2025 - present),50.26875,75.03125,5662,Nehru Nagar,Satisfactory,Satisfactory
2026-02-20,Window 2 (Feb 2025 - present),34.2695652173913,50.904347826086955,5662,Nehru Nagar,Satisfactory,Satisfactory
2026-02-21,Window 2 (Feb 2025 - present),68.6608695652174,102.73913043478261,5662,Nehru Nagar,Moderate,Moderate
2026-02-22,Window 2 (Feb 2025 - present),62.69583333333333,93.825,5662,Nehru Nagar,Moderate,Satisfactory
2026-02-23,Window 2 (Feb 2025 - present),72.91666666666667,109.25,5662,Nehru Nagar,Moderate,Moderate
2026-02-24,Window 2 (Feb 2025 - present),101.0,151.1,5662,Nehru Nagar,Poor,Moderate
2026-02-25,Window 2 (Feb 2025 - present),54.699999999999996,82.16250000000001,5662,Nehru Nagar,Satisfactory,Satisfactory
2026-02-26,Window 2 (Feb 2025 - present),53.13333333333333,79.6875,5662,Nehru Nagar,Satisfactory,Satisfactory
2026-02-27,Window 2 (Feb 2025 - present),56.59583333333333,85.075,5662,Nehru Nagar,Satisfactory,Satisfactory
2026-02-28,Window 2 (Feb 2025 - present),54.108695652173914,81.26086956521739,5662,Nehru Nagar,Satisfactory,Satisfactory
2026-03-01,Window 2 (Feb 2025 - present),33.44347826086957,50.26086956521739,5662,Nehru Nagar,Satisfactory,Satisfactory
2026-03-02,Window 2 (Feb 2025 - present),43.5,65.56666666666668,5662,Nehru Nagar,Satisfactory,Satisfactory
2026-03-03,Window 2 (Feb 2025 - present),37.869565217391305,56.84782608695652,5662,Nehru Nagar,Satisfactory,Satisfactory
2026-03-04,Window 2 (Feb 2025 - present),34.199999999999996,51.35,5662,Nehru Nagar,Satisfactory,Satisfactory
2026-03-05,Window 2 (Feb 2025 - present),44.86086956521739,67.28260869565217,5662,Nehru Nagar,Satisfactory,Satisfactory
2026-03-06,Window 2 (Feb 2025 - present),71.75416666666666,107.83333333333333,5662,Nehru Nagar,Moderate,Moderate
2026-03-07,Window 2 (Feb 2025 - present),119.55,179.45,5662,Nehru Nagar,Poor,Moderate
2026-03-08,Window 2 (Feb 2025 - present),97.77916666666665,146.47916666666666,5662,Nehru Nagar,Poor,Moderate
2026-03-09,Window 2 (Feb 2025 - present),61.916666666666664,92.88888888888889,5662,Nehru Nagar,Moderate,Satisfactory
2026-03-10,Window 2 (Feb 2025 - present),82.58823529411765,124.07058823529411,5662,Nehru Nagar,Moderate,Moderate
2026-03-11,Window 2 (Feb 2025 - present),81.38695652173914,121.98695652173912,5662,Nehru Nagar,Moderate,Moderate
2026-03-12,Window 2 (Feb 2025 - present),59.895833333333336,89.88333333333333,5662,Nehru Nagar,Satisfactory,Satisfactory
2026-03-13,Window 2 (Feb 2025 - present),45.190909090909095,67.8409090909091,5662,Nehru Nagar,Satisfactory,Satisfactory
2026-03-14,Window 2 (Feb 2025 - present),45.24583333333334,67.92916666666666,5662,Nehru Nagar,Satisfactory,Satisfactory
2026-03-15,Window 2 (Feb 2025 - present),26.679166666666664,40.0,5662,Nehru Nagar,Good,Good
2026-03-16,Window 2 (Feb 2025 - present),42.17916666666667,63.34583333333333,5662,Nehru Nagar,Satisfactory,Satisfactory
2026-03-17,Window 2 (Feb 2025 - present),68.59583333333333,111.81904761904761,5662,Nehru Nagar,Moderate,Moderate
2026-03-18,Window 2 (Feb 2025 - present),49.520833333333336,74.35416666666667,5662,Nehru Nagar,Satisfactory,Satisfactory
2026-03-19,Window 2 (Feb 2025 - present),42.57083333333333,63.79583333333333,5662,Nehru Nagar,Satisfactory,Satisfactory
2026-03-20,Window 2 (Feb 2025 - present),33.8125,50.895833333333336,5662,Nehru Nagar,Satisfactory,Satisfactory
2026-03-21,Window 2 (Feb 2025 - present),25.65833333333333,38.44166666666667,5662,Nehru Nagar,Good,Good
2026-03-22,Window 2 (Feb 2025 - present),35.833333333333336,53.74166666666667,5662,Nehru Nagar,Satisfactory,Satisfactory
2026-03-23,Window 2 (Feb 2025 - present),42.97272727272727,64.51363636363637,5662,Nehru Nagar,Satisfactory,Satisfactory
2026-03-24,Window 2 (Feb 2025 - present),30.665217391304346,46.10434782608696,5662,Nehru Nagar,Satisfactory,Good
2026-03-25,Window 2 (Feb 2025 - present),38.85,58.24090909090909,5662,Nehru Nagar,Satisfactory,Satisfactory
2026-03-26,Window 2 (Feb 2025 - present),41.612500000000004,62.574999999999996,5662,Nehru Nagar,Satisfactory,Satisfactory
2026-03-27,Window 2 (Feb 2025 - present),45.583333333333336,68.1125,5662,Nehru Nagar,Satisfactory,Satisfactory
2026-03-28,Window 2 (Feb 2025 - present),46.85,70.33749999999999,5662,Nehru Nagar,Satisfactory,Satisfactory
2026-03-29,Window 2 (Feb 2025 - present),53.369565217391305,79.94782608695652,5662,Nehru Nagar,Satisfactory,Satisfactory
2026-03-30,Window 2 (Feb 2025 - present),35.62173913043478,53.56521739130435,5662,Nehru Nagar,Satisfactory,Satisfactory
2026-03-31,Window 2 (Feb 2025 - present),36.050000000000004,54.34583333333333,5662,Nehru Nagar,Satisfactory,Satisfactory
2026-04-01,Window 2 (Feb 2025 - present),24.925,37.28333333333333,5662,Nehru Nagar,Good,Good
2026-04-02,Window 2 (Feb 2025 - present),56.275,84.46666666666667,5662,Nehru Nagar,Satisfactory,Satisfactory
2026-04-03,Window 2 (Feb 2025 - present),38.699999999999996,57.895833333333336,5662,Nehru Nagar,Satisfactory,Satisfactory
2026-04-04,Window 2 (Feb 2025 - present),69.03076923076922,103.72307692307693,5662,Nehru Nagar,Moderate,Moderate
2026-04-05,Window 2 (Feb 2025 - present),18.0,26.0,5662,Nehru Nagar,Good,Good
2026-04-06,Window 2 (Feb 2025 - present),56.04375,84.625,5662,Nehru Nagar,Satisfactory,Satisfactory
2026-04-07,Window 2 (Feb 2025 - present),36.63333333333333,55.233333333333334,5662,Nehru Nagar,Satisfactory,Satisfactory
2026-04-08,Window 2 (Feb 2025 - present),27.029411764705884,40.30588235294118,5662,Nehru Nagar,Good,Good
2026-04-09,Window 2 (Feb 2025 - present),41.5,62.535000000000004,5662,Nehru Nagar,Satisfactory,Satisfactory
2026-04-10,Window 2 (Feb 2025 - present),83.35,125.01666666666668,5662,Nehru Nagar,Moderate,Moderate
2026-04-11,Window 2 (Feb 2025 - present),69.5,104.225,5662,Nehru Nagar,Moderate,Moderate
2026-04-12,Window 2 (Feb 2025 - present),42.372727272727275,63.76363636363636,5662,Nehru Nagar,Satisfactory,Satisfactory
2026-04-13,Window 2 (Feb 2025 - present),54.77272727272727,64.86363636363636,5662,Nehru Nagar,Satisfactory,Satisfactory
2026-04-14,Window 2 (Feb 2025 - present),116.21428571428571,113.23076923076923,5662,Nehru Nagar,Poor,Moderate
2026-04-15,Window 2 (Feb 2025 - present),78.22222222222223,117.27777777777777,5662,Nehru Nagar,Moderate,Moderate
2026-04-16,Window 2 (Feb 2025 - present),95.13333333333334,143.0,5662,Nehru Nagar,Poor,Moderate
2026-04-17,Window 2 (Feb 2025 - present),64.7,96.96190476190476,5662,Nehru Nagar,Moderate,Satisfactory
2026-04-18,Window 2 (Feb 2025 - present),47.92,71.61,5662,Nehru Nagar,Satisfactory,Satisfactory
2026-04-19,Window 2 (Feb 2025 - present),61.35,92.00416666666666,5662,Nehru Nagar,Moderate,Satisfactory
2026-04-20,Window 2 (Feb 2025 - present),38.88636363636363,58.43636363636363,5662,Nehru Nagar,Satisfactory,Satisfactory
2026-04-21,Window 2 (Feb 2025 - present),45.2875,68.02916666666667,5662,Nehru Nagar,Satisfactory,Satisfactory
2026-04-22,Window 2 (Feb 2025 - present),52.20416666666667,78.45416666666667,5662,Nehru Nagar,Satisfactory,Satisfactory
2026-04-23,Window 2 (Feb 2025 - present),70.3409090909091,105.69545454545455,5662,Nehru Nagar,Moderate,Moderate
2026-04-24,Window 2 (Feb 2025 - present),93.435,140.22,5662,Nehru Nagar,Poor,Moderate
2026-04-25,Window 2 (Feb 2025 - present),74.69090909090909,112.03181818181817,5662,Nehru Nagar,Moderate,Moderate
2026-04-26,Window 2 (Feb 2025 - present),66.50833333333334,99.82916666666667,5662,Nehru Nagar,Moderate,Satisfactory
2026-04-27,Window 2 (Feb 2025 - present),64.92916666666666,97.52083333333333,5662,Nehru Nagar,Moderate,Satisfactory
2026-04-28,Window 2 (Feb 2025 - present),52.404347826086955,78.63913043478261,5662,Nehru Nagar,Satisfactory,Satisfactory
2026-04-29,Window 2 (Feb 2025 - present),75.22083333333333,113.10416666666667,5662,Nehru Nagar,Moderate,Moderate
2026-04-30,Window 2 (Feb 2025 - present),27.21666666666667,41.00833333333333,5662,Nehru Nagar,Good,Good
2026-05-01,Window 2 (Feb 2025 - present),33.25,50.06666666666666,5662,Nehru Nagar,Satisfactory,Satisfactory
2026-05-02,Window 2 (Feb 2025 - present),44.40555555555555,66.67777777777778,5662,Nehru Nagar,Satisfactory,Satisfactory
2026-05-03,Window 2 (Feb 2025 - present),31.825,47.59166666666667,5662,Nehru Nagar,Satisfactory,Good
2026-05-04,Window 2 (Feb 2025 - present),23.238095238095237,35.061904761904756,5662,Nehru Nagar,Good,Good
2026-05-05,Window 2 (Feb 2025 - present),22.558333333333334,34.05833333333333,5662,Nehru Nagar,Good,Good
2026-05-06,Window 2 (Feb 2025 - present),24.321428571428573,36.392857142857146,5662,Nehru Nagar,Good,Good
2026-05-07,Window 2 (Feb 2025 - present),28.627777777777776,43.111111111111114,5662,Nehru Nagar,Good,Good
2026-05-08,Window 2 (Feb 2025 - present),37.979166666666664,57.074999999999996,5662,Nehru Nagar,Satisfactory,Satisfactory
2026-05-09,Window 2 (Feb 2025 - present),45.05416666666667,67.6375,5662,Nehru Nagar,Satisfactory,Satisfactory
2026-05-10,Window 2 (Feb 2025 - present),49.020833333333336,73.53333333333333,5662,Nehru Nagar,Satisfactory,Satisfactory
2026-05-11,Window 2 (Feb 2025 - present),40.38333333333333,60.74583333333334,5662,Nehru Nagar,Satisfactory,Satisfactory
2026-05-12,Window 2 (Feb 2025 - present),56.605,84.77000000000001,5662,Nehru Nagar,Satisfactory,Satisfactory
2026-05-13,Window 2 (Feb 2025 - present),52.15652173913043,78.30869565217391,5662,Nehru Nagar,Satisfactory,Satisfactory
2026-05-14,Window 2 (Feb 2025 - present),45.25,67.83333333333333,5662,Nehru Nagar,Satisfactory,Satisfactory
2026-05-15,Window 2 (Feb 2025 - present),55.04782608695652,82.35652173913044,5662,Nehru Nagar,Satisfactory,Satisfactory
2026-05-16,Window 2 (Feb 2025 - present),87.04166666666667,103.8,5662,Nehru Nagar,Moderate,Moderate
2026-05-17,Window 2 (Feb 2025 - present),65.7,98.74583333333334,5662,Nehru Nagar,Moderate,Satisfactory
2026-05-18,Window 2 (Feb 2025 - present),52.97083333333333,79.70833333333333,5662,Nehru Nagar,Satisfactory,Satisfactory
2026-05-19,Window 2 (Feb 2025 - present),65.8875,98.45,5662,Nehru Nagar,Moderate,Satisfactory
2026-05-20,Window 2 (Feb 2025 - present),51.737500000000004,77.625,5662,Nehru Nagar,Satisfactory,Satisfactory
2026-05-21,Window 2 (Feb 2025 - present),53.479166666666664,80.33333333333333,5662,Nehru Nagar,Satisfactory,Satisfactory
2026-05-22,Window 2 (Feb 2025 - present),52.480952380952374,78.78571428571429,5662,Nehru Nagar,Satisfactory,Satisfactory
2026-05-23,Window 2 (Feb 2025 - present),44.12173913043478,66.1086956521739,5662,Nehru Nagar,Satisfactory,Satisfactory
2026-05-24,Window 2 (Feb 2025 - present),50.94166666666666,76.61958333333332,5662,Nehru Nagar,Satisfactory,Satisfactory
2026-05-25,Window 2 (Feb 2025 - present),45.57083333333333,68.39166666666667,5662,Nehru Nagar,Satisfactory,Satisfactory
2026-05-26,Window 2 (Feb 2025 - present),47.99583333333334,71.99166666666666,5662,Nehru Nagar,Satisfactory,Satisfactory
2026-05-27,Window 2 (Feb 2025 - present),42.44,63.52,5662,Nehru Nagar,Satisfactory,Satisfactory
2026-05-28,Window 2 (Feb 2025 - present),34.690909090909095,52.11818181818182,5662,Nehru Nagar,Satisfactory,Satisfactory
2026-05-29,Window 2 (Feb 2025 - present),13.334782608695651,19.68130434782609,5662,Nehru Nagar,Good,Good
2026-05-30,Window 2 (Feb 2025 - present),19.55,29.354166666666668,5662,Nehru Nagar,Good,Good
2026-05-31,Window 2 (Feb 2025 - present),21.78333333333333,32.71666666666667,5662,Nehru Nagar,Good,Good
2026-06-01,Window 2 (Feb 2025 - present),30.599999999999998,45.74583333333334,5662,Nehru Nagar,Satisfactory,Good
2026-06-02,Window 2 (Feb 2025 - present),39.23913043478261,58.660869565217396,5662,Nehru Nagar,Satisfactory,Satisfactory
2026-06-03,Window 2 (Feb 2025 - present),43.08695652173913,64.47826086956522,5662,Nehru Nagar,Satisfactory,Satisfactory
2026-06-04,Window 2 (Feb 2025 - present),42.5304347826087,63.6,5662,Nehru Nagar,Satisfactory,Satisfactory
2026-06-05,Window 2 (Feb 2025 - present),30.76086956521739,46.23913043478261,5662,Nehru Nagar,Satisfactory,Good
2026-06-06,Window 2 (Feb 2025 - present),48.74782608695652,73.20869565217392,5662,Nehru Nagar,Satisfactory,Satisfactory
2026-06-07,Window 2 (Feb 2025 - present),34.017391304347825,51.24347826086956,5662,Nehru Nagar,Satisfactory,Satisfactory
2026-06-08,Window 2 (Feb 2025 - present),30.400000000000002,45.67391304347826,5662,Nehru Nagar,Satisfactory,Good
2026-06-09,Window 2 (Feb 2025 - present),26.0,39.170833333333334,5662,Nehru Nagar,Good,Good
2026-06-10,Window 2 (Feb 2025 - present),31.80952380952381,47.75714285714285,5662,Nehru Nagar,Satisfactory,Good
2026-06-11,Window 2 (Feb 2025 - present),19.02913043478261,28.52173913043478,5662,Nehru Nagar,Good,Good
2026-06-12,Window 2 (Feb 2025 - present),31.1375,46.612500000000004,5662,Nehru Nagar,Satisfactory,Good
2026-06-13,Window 2 (Feb 2025 - present),20.279166666666665,30.516666666666666,5662,Nehru Nagar,Good,Good
2026-06-14,Window 2 (Feb 2025 - present),33.67391304347826,50.891304347826086,5662,Nehru Nagar,Satisfactory,Satisfactory
2026-06-15,Window 2 (Feb 2025 - present),49.0,73.56315789473685,5662,Nehru Nagar,Satisfactory,Satisfactory
2026-06-16,Window 2 (Feb 2025 - present),76.04545454545455,114.06818181818181,5662,Nehru Nagar,Moderate,Moderate
2026-06-17,Window 2 (Feb 2025 - present),153.89583333333334,230.83333333333334,5662,Nehru Nagar,Very Poor,Moderate
2026-06-18,Window 2 (Feb 2025 - present),45.805263157894736,68.47894736842105,5662,Nehru Nagar,Satisfactory,Satisfactory
2026-06-19,Window 2 (Feb 2025 - present),25.092272727272725,37.300000000000004,5662,Nehru Nagar,Good,Good
2026-06-20,Window 2 (Feb 2025 - present),28.175,32.824999999999996,5662,Nehru Nagar,Good,Good
2026-06-21,Window 2 (Feb 2025 - present),25.445833333333336,25.395833333333332,5662,Nehru Nagar,Good,Good
2026-06-22,Window 2 (Feb 2025 - present),37.582608695652176,47.55652173913043,5662,Nehru Nagar,Satisfactory,Good
2026-06-23,Window 2 (Feb 2025 - present),24.96,34.0,5662,Nehru Nagar,Good,Good
2026-06-25,Window 2 (Feb 2025 - present),55.34444444444445,83.12222222222222,5662,Nehru Nagar,Satisfactory,Satisfactory
2026-06-26,Window 2 (Feb 2025 - present),30.041666666666668,45.145833333333336,5662,Nehru Nagar,Satisfactory,Good
2026-06-27,Window 2 (Feb 2025 - present),31.754166666666666,47.87916666666666,5662,Nehru Nagar,Satisfactory,Good
2026-06-28,Window 2 (Feb 2025 - present),21.65416666666667,32.425000000000004,5662,Nehru Nagar,Good,Good
2026-06-29,Window 2 (Feb 2025 - present),27.29375,40.516666666666666,5662,Nehru Nagar,Good,Good
2026-06-30,Window 2 (Feb 2025 - present),19.891304347826086,29.91304347826087,5662,Nehru Nagar,Good,Good
2026-07-01,Window 2 (Feb 2025 - present),25.308333333333334,37.62083333333333,5662,Nehru Nagar,Good,Good
2026-07-02,Window 2 (Feb 2025 - present),32.130434782608695,48.47826086956522,5662,Nehru Nagar,Satisfactory,Good
2026-07-03,Window 2 (Feb 2025 - present),50.28947368421053,19.36842105263158,5662,Nehru Nagar,Satisfactory,Good
2026-07-04,Window 2 (Feb 2025 - present),13.029411764705882,19.647058823529413,5662,Nehru Nagar,Good,Good
2026-07-05,Window 2 (Feb 2025 - present),2.0454545454545454,3.227272727272727,5662,Nehru Nagar,Good,Good
2026-07-06,Window 2 (Feb 2025 - present),4.847222222222222,7.305555555555555,5662,Nehru Nagar,Good,Good
2026-07-07,Window 2 (Feb 2025 - present),2.25,3.375,5662,Nehru Nagar,Good,Good
2026-07-08,Window 2 (Feb 2025 - present),4.46875,6.6625,5662,Nehru Nagar,Good,Good
2026-07-09,Window 2 (Feb 2025 - present),16.14761904761905,24.17142857142857,5662,Nehru Nagar,Good,Good
2026-07-10,Window 2 (Feb 2025 - present),38.666666666666664,57.82083333333333,5662,Nehru Nagar,Satisfactory,Satisfactory
2026-07-11,Window 2 (Feb 2025 - present),43.074999999999996,64.64583333333333,5662,Nehru Nagar,Satisfactory,Satisfactory
2026-07-12,Window 2 (Feb 2025 - present),45.1875,67.8125,5662,Nehru Nagar,Satisfactory,Satisfactory
2026-07-13,Window 2 (Feb 2025 - present),47.07083333333333,70.71249999999999,5662,Nehru Nagar,Satisfactory,Satisfactory
2026-07-14,Window 2 (Feb 2025 - present),40.43333333333333,60.6,5662,Nehru Nagar,Satisfactory,Satisfactory
2026-07-15,Window 2 (Feb 2025 - present),36.84583333333333,55.15833333333333,5662,Nehru Nagar,Satisfactory,Satisfactory
2026-07-16,Window 2 (Feb 2025 - present),44.770833333333336,66.8625,5662,Nehru Nagar,Satisfactory,Satisfactory
2026-07-17,Window 2 (Feb 2025 - present),32.94166666666667,49.42083333333333,5662,Nehru Nagar,Satisfactory,Good
2026-07-18,Window 2 (Feb 2025 - present),25.479166666666668,38.0625,5662,Nehru Nagar,Good,Good
2026-07-19,Window 2 (Feb 2025 - present),23.72083333333333,35.512499999999996,5662,Nehru Nagar,Good,Good
2026-07-20,Window 2 (Feb 2025 - present),22.656521739130437,34.11304347826087,5662,Nehru Nagar,Good,Good
2026-07-21,Window 2 (Feb 2025 - present),17.545238095238094,26.30952380952381,5662,Nehru Nagar,Good,Good
2026-07-22,Window 2 (Feb 2025 - present),27.9375,41.5625,5662,Nehru Nagar,Good,Good
2026-07-23,Window 2 (Feb 2025 - present),30.96666666666667,46.4375,5662,Nehru Nagar,Satisfactory,Good
2026-07-24,Window 2 (Feb 2025 - present),18.446153846153848,27.73846153846154,5662,Nehru Nagar,Good,Good
2026-07-25,Window 2 (Feb 2025 - present),24.086842105263155,36.22631578947368,5662,Nehru Nagar,Good,Good
2026-07-26,Window 2 (Feb 2025 - present),34.608333333333334,51.925000000000004,5662,Nehru Nagar,Satisfactory,Satisfactory
2026-07-27,Window 2 (Feb 2025 - present),32.49583333333333,48.612500000000004,5662,Nehru Nagar,Satisfactory,Good
2026-07-28,Window 2 (Feb 2025 - present),31.172727272727272,46.695454545454545,5662,Nehru Nagar,Satisfactory,Good
2026-07-29,Window 2 (Feb 2025 - present),28.358333333333334,42.56666666666667,5662,Nehru Nagar,Good,Good
2026-07-30,Window 2 (Feb 2025 - present),22.53478260869565,33.65652173913043,5662,Nehru Nagar,Good,Good
2026-07-31,Window 2 (Feb 2025 - present),24.322222222222223,36.28888888888889,5662,Nehru Nagar,Good,Good
2026-08-01,Window 2 (Feb 2025 - present),28.370833333333334,42.525,5662,Nehru Nagar,Good,Good
2026-08-02,Window 2 (Feb 2025 - present),19.633333333333333,29.441666666666666,5662,Nehru Nagar,Good,Good
2026-08-03,Window 2 (Feb 2025 - present),16.912499999999998,25.27916666666667,5662,Nehru Nagar,Good,Good
2026-08-04,Window 2 (Feb 2025 - present),12.938333333333333,19.354166666666668,5662,Nehru Nagar,Good,Good
2026-08-05,Window 2 (Feb 2025 - present),22.5,33.791666666666664,5662,Nehru Nagar,Good,Good
2026-08-06,Window 2 (Feb 2025 - present),25.03,37.5875,5662,Nehru Nagar,Good,Good
2026-08-07,Window 2 (Feb 2025 - present),21.008333333333333,31.520833333333332,5662,Nehru Nagar,Good,Good
2026-08-08,Window 2 (Feb 2025 - present),33.13913043478261,49.643478260869564,5662,Nehru Nagar,Satisfactory,Good
2026-08-09,Window 2 (Feb 2025 - present),28.014285714285712,41.92142857142857,5662,Nehru Nagar,Good,Good
