Date,Year,Month,Day,Season,LST_Skin_C,Air_Temp_2M_C,Temp_Max_2M_C,Temp_Min_2M_C,Delta_T_Skin_Air_C,Diurnal_Thermal_Range_C,Solar_Radiation_MJ_m2,Relative_Humidity_Pct,Wind_Speed_2M_mps
2017-01-01,2017,1,1,Winter,14.23,15.37,22.86,9.76,-1.1399999999999988,13.1,8.2,60.88,1.6
2017-01-02,2017,1,2,Winter,15.91,16.38,23.44,10.47,-0.46999999999999886,12.97,4.07,65.77,1.28
2017-01-03,2017,1,3,Winter,16.11,16.64,24.32,11.04,-0.5300000000000011,13.280000000000001,5.1,58.21,1.05
2017-01-04,2017,1,4,Winter,15.81,16.84,25.39,9.87,-1.0299999999999994,15.520000000000001,8.46,49.05,1.5
2017-01-05,2017,1,5,Winter,15.95,17.3,26.21,9.31,-1.3500000000000014,16.9,9.58,49.33,1.65
2017-01-06,2017,1,6,Winter,16.69,17.21,26.64,9.59,-0.5199999999999996,17.05,10.91,49.03,1.86
2017-01-07,2017,1,7,Winter,16.96,16.94,26.22,9.44,0.019999999999999574,16.78,8.95,55.05,2.16
2017-01-08,2017,1,8,Winter,17.16,16.93,24.58,11.15,0.23000000000000043,13.429999999999998,4.16,58.77,1.75
2017-01-09,2017,1,9,Winter,16.81,16.26,23.16,10.6,0.5499999999999972,12.56,7.24,65.94,1.71
2017-01-10,2017,1,10,Winter,14.56,14.4,22.7,8.57,0.16000000000000014,14.129999999999999,12.9,33.59,2.7
2017-01-11,2017,1,11,Winter,11.08,11.3,21.57,3.6,-0.22000000000000064,17.97,14.92,27.16,2.1
2017-01-12,2017,1,12,Winter,9.56,10.36,19.45,3.24,-0.7999999999999989,16.21,13.35,28.96,1.6
2017-01-13,2017,1,13,Winter,9.19,10.97,19.4,2.61,-1.7800000000000011,16.79,12.92,29.52,1.53
2017-01-14,2017,1,14,Winter,11.71,13.51,22.87,4.35,-1.799999999999999,18.520000000000003,12.23,30.21,1.16
2017-01-15,2017,1,15,Winter,13.2,14.87,23.84,7.18,-1.67,16.66,11.98,27.85,1.2
2017-01-16,2017,1,16,Winter,15.22,16.88,26.26,7.94,-1.6599999999999984,18.32,11.66,35.32,1.33
2017-01-17,2017,1,17,Winter,14.7,14.74,24.1,7.69,-0.040000000000000924,16.41,9.77,40.36,1.55
2017-01-18,2017,1,18,Winter,14.67,15.53,24.5,7.41,-0.8599999999999994,17.09,8.28,33.94,1.36
2017-01-19,2017,1,19,Winter,15.05,15.26,25.06,7.83,-0.20999999999999908,17.229999999999997,10.33,35.24,1.72
2017-01-20,2017,1,20,Winter,15.54,15.46,25.94,7.82,0.0799999999999983,18.12,13.59,31.2,2.55
2017-01-21,2017,1,21,Winter,15.39,15.84,25.34,7.49,-0.4499999999999993,17.85,12.49,32.92,1.75
2017-01-22,2017,1,22,Winter,17.26,17.69,27.89,9.89,-0.4299999999999997,18.0,12.84,33.2,1.6
2017-01-23,2017,1,23,Winter,18.55,18.57,28.69,11.0,-0.019999999999999574,17.69,13.14,43.12,2.14
2017-01-24,2017,1,24,Winter,18.33,19.59,28.6,10.93,-1.2600000000000016,17.67,13.77,39.95,1.52
2017-01-25,2017,1,25,Winter,18.76,20.0,28.86,12.91,-1.2399999999999984,15.95,14.21,44.42,1.04
2017-01-26,2017,1,26,Winter,19.39,19.57,29.44,11.31,-0.17999999999999972,18.130000000000003,13.6,46.31,1.6
2017-01-27,2017,1,27,Winter,14.87,15.12,20.8,11.34,-0.25,9.46,8.59,74.38,1.81
2017-01-28,2017,1,28,Winter,15.96,15.63,24.87,8.49,0.33000000000000007,16.380000000000003,16.38,63.34,2.2
2017-01-29,2017,1,29,Winter,16.28,16.32,26.15,8.44,-0.03999999999999915,17.71,13.09,50.88,2.05
2017-01-30,2017,1,30,Winter,16.52,17.91,26.76,8.97,-1.3900000000000006,17.79,11.71,39.64,1.47
2017-01-31,2017,1,31,Winter,16.91,18.57,26.83,10.19,-1.6600000000000001,16.64,13.1,38.89,1.58
2017-02-01,2017,2,1,Winter,17.34,17.82,26.77,10.14,-0.4800000000000004,16.63,12.9,46.74,1.49
2017-02-02,2017,2,2,Winter,16.83,17.77,26.44,11.26,-0.9400000000000013,15.180000000000001,12.95,40.11,1.26
2017-02-03,2017,2,3,Winter,16.3,18.0,26.19,10.36,-1.6999999999999993,15.830000000000002,13.9,36.76,0.94
2017-02-04,2017,2,4,Winter,16.44,17.87,26.22,11.29,-1.4299999999999997,14.93,13.46,40.19,1.38
2017-02-05,2017,2,5,Winter,18.18,18.63,28.8,9.59,-0.4499999999999993,19.21,15.24,43.09,1.74
2017-02-06,2017,2,6,Winter,20.45,20.2,29.54,14.15,0.25,15.389999999999999,14.48,46.27,1.41
2017-02-07,2017,2,7,Winter,17.62,17.45,27.1,10.8,0.1700000000000017,16.3,17.78,32.93,2.76
2017-02-08,2017,2,8,Winter,17.4,18.36,29.14,8.05,-0.9600000000000009,21.09,17.47,31.77,1.6
2017-02-09,2017,2,9,Winter,18.53,18.61,28.51,11.99,-0.0799999999999983,16.520000000000003,16.52,33.24,1.86
2017-02-10,2017,2,10,Winter,15.8,15.85,25.36,8.11,-0.049999999999998934,17.25,18.13,35.79,2.17
2017-02-11,2017,2,11,Winter,16.92,18.09,27.68,8.12,-1.1699999999999982,19.560000000000002,17.16,31.43,1.21
2017-02-12,2017,2,12,Winter,18.67,18.97,26.22,12.44,-0.29999999999999716,13.78,13.51,53.48,1.13
2017-02-13,2017,2,13,Winter,20.24,20.11,29.2,12.35,0.129999999999999,16.85,14.12,43.96,1.53
2017-02-14,2017,2,14,Winter,18.43,18.61,29.46,10.53,-0.17999999999999972,18.93,17.85,32.52,1.83
2017-02-15,2017,2,15,Winter,18.31,18.98,29.2,10.12,-0.6700000000000017,19.08,17.38,31.99,1.5
2017-02-16,2017,2,16,Winter,21.16,21.16,31.41,11.28,0.0,20.130000000000003,15.82,36.17,1.68
2017-02-17,2017,2,17,Winter,22.46,22.35,31.57,14.1,0.10999999999999943,17.47,15.8,39.12,1.44
2017-02-18,2017,2,18,Winter,22.43,22.52,32.04,13.77,-0.08999999999999986,18.27,15.29,42.13,1.51
2017-02-19,2017,2,19,Winter,22.86,23.26,33.49,14.58,-0.40000000000000213,18.910000000000004,16.42,35.28,1.89
2017-02-20,2017,2,20,Winter,23.78,25.01,34.47,16.54,-1.2300000000000004,17.93,18.83,30.17,1.69
2017-02-21,2017,2,21,Winter,23.3,23.41,33.43,15.35,-0.10999999999999943,18.08,19.42,28.81,2.36
2017-02-22,2017,2,22,Winter,20.45,20.32,30.93,12.12,0.129999999999999,18.810000000000002,19.55,27.3,2.22
2017-02-23,2017,2,23,Winter,19.85,19.68,30.63,10.39,0.1700000000000017,20.24,21.28,17.54,2.89
2017-02-24,2017,2,24,Winter,19.51,19.39,30.35,10.43,0.120000000000001,19.92,22.01,17.66,3.22
2017-02-25,2017,2,25,Winter,20.64,20.58,31.92,10.92,0.060000000000002274,21.0,21.21,18.36,2.9
2017-02-26,2017,2,26,Winter,21.66,21.95,32.63,13.17,-0.28999999999999915,19.46,21.01,18.38,2.29
2017-02-27,2017,2,27,Winter,21.19,21.57,32.66,11.22,-0.379999999999999,21.439999999999998,21.54,16.75,1.99
2017-02-28,2017,2,28,Winter,22.67,24.08,34.37,13.39,-1.4099999999999966,20.979999999999997,20.87,17.03,1.85
2017-03-01,2017,3,1,Summer,24.55,25.02,34.82,15.01,-0.46999999999999886,19.810000000000002,20.63,24.05,1.73
2017-03-02,2017,3,2,Summer,26.89,25.87,35.18,17.88,1.0199999999999996,17.3,18.33,28.78,1.55
2017-03-03,2017,3,3,Summer,26.56,25.23,33.67,17.45,1.3299999999999983,16.220000000000002,19.88,28.2,1.98
2017-03-04,2017,3,4,Summer,25.91,24.62,33.31,17.73,1.2899999999999991,15.580000000000002,17.39,17.74,2.28
2017-03-05,2017,3,5,Summer,22.59,21.78,31.5,12.65,0.8099999999999987,18.85,22.45,15.19,2.42
2017-03-06,2017,3,6,Summer,22.57,22.3,32.46,13.24,0.2699999999999996,19.22,23.13,16.99,2.76
2017-03-07,2017,3,7,Summer,23.49,24.79,33.1,14.83,-1.3000000000000007,18.270000000000003,21.41,17.17,1.65
2017-03-08,2017,3,8,Summer,25.58,25.68,33.89,17.36,-0.10000000000000142,16.53,16.12,19.98,1.12
2017-03-09,2017,3,9,Summer,26.8,25.59,32.4,20.48,1.2100000000000009,11.919999999999998,18.37,26.79,2.34
2017-03-10,2017,3,10,Summer,22.08,20.88,27.2,15.4,1.1999999999999993,11.799999999999999,9.11,56.34,3.17
2017-03-11,2017,3,11,Summer,21.6,20.55,28.07,14.04,1.0500000000000007,14.030000000000001,17.43,52.91,1.88
2017-03-12,2017,3,12,Summer,20.46,19.65,27.85,12.46,0.8100000000000023,15.39,22.45,30.93,2.75
2017-03-13,2017,3,13,Summer,19.82,19.17,29.08,10.08,0.6499999999999986,19.0,22.98,22.61,2.46
2017-03-14,2017,3,14,Summer,21.12,20.47,30.63,10.92,0.6500000000000021,19.71,21.5,20.19,1.92
2017-03-15,2017,3,15,Summer,22.57,22.08,32.17,13.92,0.490000000000002,18.25,22.03,21.15,2.23
2017-03-16,2017,3,16,Summer,24.72,24.05,34.6,13.94,0.6699999999999982,20.660000000000004,22.51,22.1,2.1
2017-03-17,2017,3,17,Summer,24.93,24.15,33.24,16.84,0.7800000000000011,16.400000000000002,21.84,25.23,1.96
2017-03-18,2017,3,18,Summer,25.35,24.59,34.12,15.5,0.7600000000000016,18.619999999999997,22.84,24.88,2.45
2017-03-19,2017,3,19,Summer,24.18,23.23,29.2,19.34,0.9499999999999993,9.86,17.43,36.05,1.96
2017-03-20,2017,3,20,Summer,25.2,24.31,34.42,15.72,0.8900000000000006,18.700000000000003,22.74,29.25,2.08
2017-03-21,2017,3,21,Summer,25.95,25.5,36.05,15.76,0.4499999999999993,20.29,23.53,18.32,2.32
2017-03-22,2017,3,22,Summer,28.44,28.57,39.39,17.91,-0.129999999999999,21.48,23.41,18.52,2.23
2017-03-23,2017,3,23,Summer,29.54,30.26,39.96,20.52,-0.7200000000000024,19.44,22.55,20.06,1.93
2017-03-24,2017,3,24,Summer,31.35,30.66,40.24,21.06,0.6900000000000013,19.180000000000003,22.18,19.55,1.44
2017-03-25,2017,3,25,Summer,30.59,29.84,40.21,21.31,0.75,18.900000000000002,24.34,16.03,2.98
2017-03-26,2017,3,26,Summer,30.71,29.89,40.03,20.02,0.8200000000000003,20.01,24.17,16.1,2.81
2017-03-27,2017,3,27,Summer,31.94,30.97,41.22,20.89,0.9700000000000024,20.33,24.41,20.44,2.41
2017-03-28,2017,3,28,Summer,31.9,31.76,41.34,23.13,0.13999999999999702,18.210000000000004,23.02,19.54,2.06
2017-03-29,2017,3,29,Summer,32.91,32.34,43.05,22.37,0.5699999999999932,20.679999999999996,24.16,15.93,2.55
2017-03-30,2017,3,30,Summer,33.83,33.16,43.06,23.44,0.6700000000000017,19.62,24.75,18.88,2.97
2017-03-31,2017,3,31,Summer,34.57,33.67,44.0,24.27,0.8999999999999986,19.73,24.78,15.89,2.1
2017-04-01,2017,4,1,Summer,33.75,33.08,43.32,23.75,0.6700000000000017,19.57,24.56,14.53,2.47
2017-04-02,2017,4,2,Summer,35.24,34.08,43.16,26.1,1.1600000000000037,17.059999999999995,25.06,15.63,2.32
2017-04-03,2017,4,3,Summer,34.74,33.95,43.41,25.21,0.7899999999999991,18.199999999999996,25.11,13.04,2.44
2017-04-04,2017,4,4,Summer,35.69,34.26,43.49,25.91,1.4299999999999997,17.580000000000002,24.02,15.05,1.31
2017-04-05,2017,4,5,Summer,35.57,33.92,42.67,25.64,1.6499999999999986,17.03,23.07,16.46,2.2
2017-04-06,2017,4,6,Summer,34.88,33.23,40.88,24.59,1.6500000000000057,16.290000000000003,19.03,24.82,2.37
2017-04-07,2017,4,7,Summer,34.89,33.4,41.79,25.08,1.490000000000002,16.71,23.39,18.42,2.21
2017-04-08,2017,4,8,Summer,31.73,30.66,39.69,23.45,1.0700000000000003,16.24,22.71,10.54,2.22
2017-04-09,2017,4,9,Summer,30.08,29.12,39.06,20.07,0.9599999999999973,18.990000000000002,25.84,8.8,3.47
2017-04-10,2017,4,10,Summer,29.57,28.73,38.41,19.28,0.8399999999999999,19.129999999999995,28.31,8.21,4.26
2017-04-11,2017,4,11,Summer,29.9,29.24,39.58,19.91,0.6600000000000001,19.669999999999998,26.83,10.97,3.41
2017-04-12,2017,4,12,Summer,31.71,31.35,41.32,20.67,0.35999999999999943,20.65,26.34,12.19,2.08
2017-04-13,2017,4,13,Summer,33.02,32.97,42.38,24.83,0.05000000000000426,17.550000000000004,26.41,11.27,1.37
2017-04-14,2017,4,14,Summer,33.73,32.51,42.17,22.79,1.2199999999999989,19.380000000000003,24.12,14.6,1.69
2017-04-15,2017,4,15,Summer,34.49,34.1,43.64,24.0,0.39000000000000057,19.64,24.31,14.16,1.98
2017-04-16,2017,4,16,Summer,35.21,33.66,43.93,24.3,1.5500000000000043,19.63,25.03,13.8,1.97
2017-04-17,2017,4,17,Summer,35.11,33.12,42.79,23.64,1.990000000000002,19.15,24.15,19.75,1.86
2017-04-18,2017,4,18,Summer,36.57,35.4,44.87,25.76,1.1700000000000017,19.109999999999996,23.69,21.24,1.6
2017-04-19,2017,4,19,Summer,36.1,36.34,45.63,26.3,-0.240000000000002,19.330000000000002,23.08,14.98,2.07
2017-04-20,2017,4,20,Summer,36.75,36.79,45.42,26.6,-0.03999999999999915,18.82,25.4,12.21,1.94
2017-04-21,2017,4,21,Summer,37.67,36.58,45.49,26.67,1.0900000000000034,18.82,22.69,18.67,2.06
2017-04-22,2017,4,22,Summer,37.45,36.82,44.71,28.61,0.6300000000000026,16.1,21.45,16.65,2.29
2017-04-23,2017,4,23,Summer,38.36,36.21,43.83,27.65,2.1499999999999986,16.18,21.95,17.23,1.21
2017-04-24,2017,4,24,Summer,36.77,35.3,43.14,27.62,1.470000000000006,15.52,23.33,19.72,2.22
2017-04-25,2017,4,25,Summer,35.78,34.58,42.14,28.61,1.2000000000000028,13.530000000000001,25.56,16.28,3.77
2017-04-26,2017,4,26,Summer,35.03,33.79,41.83,26.21,1.240000000000002,15.619999999999997,25.8,17.19,2.8
2017-04-27,2017,4,27,Summer,35.62,34.22,42.38,25.64,1.3999999999999986,16.740000000000002,26.79,15.76,1.95
2017-04-28,2017,4,28,Summer,35.9,34.97,43.14,26.4,0.9299999999999997,16.740000000000002,25.65,15.59,2.17
2017-04-29,2017,4,29,Summer,37.14,35.45,43.67,27.24,1.6899999999999977,16.430000000000003,26.16,14.91,1.8
2017-04-30,2017,4,30,Summer,37.07,34.97,41.22,29.06,2.1000000000000014,12.16,24.06,21.06,1.73
2017-05-01,2017,5,1,Summer,36.08,33.9,41.07,27.06,2.1799999999999997,14.010000000000002,24.39,26.04,2.22
2017-05-02,2017,5,2,Summer,35.63,33.99,41.57,25.23,1.6400000000000006,16.34,26.49,18.04,1.56
2017-05-03,2017,5,3,Summer,37.88,36.79,45.03,28.1,1.0900000000000034,16.93,21.55,12.47,2.45
2017-05-04,2017,5,4,Summer,38.24,36.25,42.89,29.6,1.990000000000002,13.29,25.51,18.73,2.01
2017-05-05,2017,5,5,Summer,36.88,35.64,43.71,27.43,1.240000000000002,16.28,25.85,14.47,3.09
2017-05-06,2017,5,6,Summer,38.74,38.12,45.59,31.1,0.6200000000000045,14.490000000000002,25.6,12.13,1.48
2017-05-07,2017,5,7,Summer,39.19,38.7,46.49,31.99,0.4899999999999949,14.500000000000004,25.91,13.31,1.7
2017-05-08,2017,5,8,Summer,39.27,37.33,45.29,28.61,1.9400000000000048,16.68,24.21,16.94,1.7
2017-05-09,2017,5,9,Summer,38.37,36.09,43.61,28.61,2.279999999999994,15.0,22.79,25.84,2.72
2017-05-10,2017,5,10,Summer,39.3,36.35,43.98,29.0,2.9499999999999957,14.979999999999997,22.91,28.07,2.81
2017-05-11,2017,5,11,Summer,39.61,36.41,43.07,29.06,3.200000000000003,14.010000000000002,24.57,26.65,2.02
2017-05-12,2017,5,12,Summer,41.29,38.13,45.61,29.73,3.1599999999999966,15.879999999999999,24.22,22.25,1.6
2017-05-13,2017,5,13,Summer,39.52,37.56,45.49,29.73,1.9600000000000009,15.760000000000002,25.14,21.97,2.43
2017-05-14,2017,5,14,Summer,40.35,39.5,47.14,33.14,0.8500000000000014,14.0,25.11,16.19,2.65
2017-05-15,2017,5,15,Summer,40.64,39.13,46.84,29.87,1.509999999999998,16.970000000000002,25.63,16.23,3.72
2017-05-16,2017,5,16,Summer,41.59,39.44,47.28,31.52,2.1500000000000057,15.760000000000002,26.7,16.54,3.08
2017-05-17,2017,5,17,Summer,40.46,37.63,44.74,30.92,2.8299999999999983,13.82,17.48,24.17,2.64
2017-05-18,2017,5,18,Summer,38.81,36.07,42.59,29.08,2.740000000000002,13.510000000000005,25.27,30.92,1.4
2017-05-19,2017,5,19,Summer,39.92,37.47,44.27,30.02,2.450000000000003,14.250000000000004,22.34,25.03,2.29
2017-05-20,2017,5,20,Summer,40.3,37.77,44.38,32.01,2.529999999999994,12.370000000000005,26.37,21.99,1.87
2017-05-21,2017,5,21,Summer,40.58,38.82,45.17,32.69,1.759999999999998,12.480000000000004,25.36,19.92,1.8
2017-05-22,2017,5,22,Summer,40.69,37.79,43.72,32.31,2.8999999999999986,11.409999999999997,24.02,21.61,2.04
2017-05-23,2017,5,23,Summer,39.31,36.88,43.12,30.04,2.4299999999999997,13.079999999999998,25.88,22.77,2.7
2017-05-24,2017,5,24,Summer,40.46,37.7,43.53,32.38,2.759999999999998,11.149999999999999,23.88,23.54,1.53
2017-05-25,2017,5,25,Summer,41.79,39.07,45.13,33.04,2.719999999999999,12.090000000000003,23.32,21.53,1.61
2017-05-26,2017,5,26,Summer,42.35,39.43,46.12,31.03,2.9200000000000017,15.089999999999996,22.8,19.64,1.6
2017-05-27,2017,5,27,Summer,41.74,39.49,47.43,32.21,2.25,15.219999999999999,23.91,22.88,3.3
2017-05-28,2017,5,28,Summer,40.81,37.13,43.39,30.14,3.6799999999999997,13.25,16.16,28.54,2.73
2017-05-29,2017,5,29,Summer,36.54,34.07,39.57,28.39,2.469999999999999,11.18,21.5,39.17,2.17
2017-05-30,2017,5,30,Summer,37.43,34.85,40.92,28.01,2.5799999999999983,12.91,21.98,34.02,1.5
2017-05-31,2017,5,31,Summer,39.01,35.97,41.47,30.39,3.039999999999999,11.079999999999998,23.9,31.66,1.21
2017-06-01,2017,6,1,Monsoon,38.59,35.75,42.2,29.08,2.8400000000000034,13.120000000000005,21.14,33.77,2.69
2017-06-02,2017,6,2,Monsoon,37.93,35.89,42.9,28.9,2.039999999999999,14.0,25.35,28.7,2.5
2017-06-03,2017,6,3,Monsoon,39.48,38.08,45.72,29.56,1.3999999999999986,16.16,25.32,24.44,3.15
2017-06-04,2017,6,4,Monsoon,41.6,39.89,48.06,32.15,1.7100000000000009,15.910000000000004,23.97,20.9,2.53
2017-06-05,2017,6,5,Monsoon,41.42,39.87,47.97,31.89,1.5500000000000043,16.08,22.14,21.87,3.19
2017-06-06,2017,6,6,Monsoon,41.41,38.55,44.93,33.14,2.8599999999999994,11.79,21.3,28.79,2.45
2017-06-07,2017,6,7,Monsoon,38.96,35.96,41.82,30.44,3.0,11.379999999999999,15.02,38.63,2.78
2017-06-08,2017,6,8,Monsoon,39.54,36.53,42.49,30.58,3.009999999999998,11.910000000000004,21.31,33.24,2.77
2017-06-09,2017,6,9,Monsoon,38.26,35.49,40.39,30.69,2.769999999999996,9.7,23.99,31.6,1.64
2017-06-10,2017,6,10,Monsoon,39.94,36.89,41.63,32.51,3.049999999999997,9.120000000000005,23.92,28.24,0.92
2017-06-11,2017,6,11,Monsoon,41.1,38.09,44.12,30.93,3.009999999999998,13.189999999999998,20.8,23.56,1.8
2017-06-12,2017,6,12,Monsoon,39.42,37.28,42.83,30.86,2.1400000000000006,11.969999999999999,26.4,25.62,2.6
2017-06-13,2017,6,13,Monsoon,39.9,38.55,44.76,29.88,1.3500000000000014,14.879999999999999,23.71,21.02,2.8
2017-06-14,2017,6,14,Monsoon,42.15,39.67,46.23,33.4,2.479999999999997,12.829999999999998,23.68,21.56,2.41
2017-06-15,2017,6,15,Monsoon,40.83,38.35,44.14,32.62,2.479999999999997,11.520000000000003,24.42,23.86,2.29
2017-06-16,2017,6,16,Monsoon,40.56,37.49,42.99,31.24,3.0700000000000003,11.750000000000004,20.3,25.08,2.1
2017-06-17,2017,6,17,Monsoon,35.65,34.51,39.87,29.19,1.1400000000000006,10.679999999999996,21.42,44.61,2.17
2017-06-18,2017,6,18,Monsoon,37.77,35.99,41.89,29.67,1.7800000000000011,12.219999999999999,24.27,39.99,2.29
2017-06-19,2017,6,19,Monsoon,37.97,35.99,42.22,31.69,1.9799999999999969,10.529999999999998,19.21,44.89,2.56
2017-06-20,2017,6,20,Monsoon,35.74,34.09,38.98,30.47,1.6499999999999986,8.509999999999998,18.94,54.66,1.64
2017-06-21,2017,6,21,Monsoon,35.18,33.94,38.84,29.41,1.240000000000002,9.430000000000003,20.99,54.18,1.82
2017-06-22,2017,6,22,Monsoon,36.18,34.45,39.8,29.19,1.7299999999999969,10.609999999999996,23.51,44.36,3.24
2017-06-23,2017,6,23,Monsoon,36.78,34.31,39.28,28.72,2.469999999999999,10.560000000000002,19.37,44.28,1.67
2017-06-24,2017,6,24,Monsoon,38.43,35.67,40.78,30.17,2.759999999999998,10.61,19.94,42.14,0.94
2017-06-25,2017,6,25,Monsoon,37.73,35.62,40.49,30.24,2.1099999999999994,10.250000000000004,22.6,44.03,2.58
2017-06-26,2017,6,26,Monsoon,38.12,35.74,41.19,30.6,2.3799999999999955,10.589999999999996,23.53,45.73,3.29
2017-06-27,2017,6,27,Monsoon,37.98,35.7,41.02,30.5,2.279999999999994,10.520000000000003,23.6,46.87,3.38
2017-06-28,2017,6,28,Monsoon,37.51,35.77,40.75,31.13,1.7399999999999949,9.620000000000001,22.76,46.08,3.56
2017-06-29,2017,6,29,Monsoon,35.03,33.67,37.43,29.37,1.3599999999999994,8.059999999999999,14.98,58.94,2.89
2017-06-30,2017,6,30,Monsoon,35.05,33.45,37.33,29.95,1.5999999999999943,7.379999999999999,15.16,59.48,1.85
2017-07-01,2017,7,1,Monsoon,33.78,32.63,36.81,29.05,1.1499999999999986,7.760000000000002,14.93,64.62,1.94
2017-07-02,2017,7,2,Monsoon,31.09,30.92,34.1,27.26,0.16999999999999815,6.84,10.15,74.65,1.43
2017-07-03,2017,7,3,Monsoon,31.74,30.95,33.99,28.3,0.7899999999999991,5.690000000000001,14.66,74.35,1.24
2017-07-04,2017,7,4,Monsoon,28.55,28.64,30.88,27.15,-0.08999999999999986,3.7300000000000004,8.97,88.62,2.09
2017-07-05,2017,7,5,Monsoon,28.02,28.2,31.16,26.19,-0.17999999999999972,4.969999999999999,4.5,87.99,2.41
2017-07-06,2017,7,6,Monsoon,27.67,27.83,29.85,26.24,-0.1599999999999966,3.610000000000003,9.18,86.2,2.55
2017-07-07,2017,7,7,Monsoon,28.67,28.53,32.37,25.55,0.14000000000000057,6.819999999999997,9.65,82.13,2.44
2017-07-08,2017,7,8,Monsoon,28.94,28.71,32.02,25.96,0.23000000000000043,6.060000000000002,14.21,84.8,2.71
2017-07-09,2017,7,9,Monsoon,28.61,28.64,30.72,26.81,-0.030000000000001137,3.91,12.25,84.32,1.25
2017-07-10,2017,7,10,Monsoon,27.9,27.96,30.39,26.18,-0.060000000000002274,4.210000000000001,4.01,88.87,2.04
2017-07-11,2017,7,11,Monsoon,28.57,28.33,31.98,25.94,0.240000000000002,6.039999999999999,9.09,85.51,1.95
2017-07-12,2017,7,12,Monsoon,28.4,28.26,31.84,25.6,0.13999999999999702,6.239999999999998,9.43,85.7,4.93
2017-07-13,2017,7,13,Monsoon,28.75,28.66,32.37,25.02,0.08999999999999986,7.349999999999998,16.73,83.78,4.58
2017-07-14,2017,7,14,Monsoon,29.8,29.3,33.14,25.8,0.5,7.34,20.38,81.27,2.18
2017-07-15,2017,7,15,Monsoon,29.72,29.51,32.95,26.33,0.2099999999999973,6.6200000000000045,13.07,82.94,1.96
2017-07-16,2017,7,16,Monsoon,30.51,30.25,34.02,26.71,0.26000000000000156,7.310000000000002,22.77,80.38,1.61
2017-07-17,2017,7,17,Monsoon,31.29,31.37,34.39,28.08,-0.08000000000000185,6.310000000000002,12.24,75.24,1.35
2017-07-18,2017,7,18,Monsoon,30.14,30.32,33.1,27.89,-0.17999999999999972,5.210000000000001,19.65,82.36,1.15
2017-07-19,2017,7,19,Monsoon,30.51,30.68,34.0,27.49,-0.16999999999999815,6.510000000000002,19.81,81.47,1.59
2017-07-20,2017,7,20,Monsoon,29.45,29.28,32.11,26.49,0.16999999999999815,5.620000000000001,20.23,84.06,3.21
2017-07-21,2017,7,21,Monsoon,29.11,28.93,32.12,26.59,0.17999999999999972,5.529999999999998,11.88,87.96,2.98
2017-07-22,2017,7,22,Monsoon,28.9,28.66,31.94,26.21,0.23999999999999844,5.73,15.55,84.98,3.31
2017-07-23,2017,7,23,Monsoon,29.2,28.99,32.43,26.33,0.21000000000000085,6.100000000000001,14.17,85.42,2.68
2017-07-24,2017,7,24,Monsoon,28.83,28.62,31.72,26.11,0.2099999999999973,5.609999999999999,17.87,85.85,1.61
2017-07-25,2017,7,25,Monsoon,29.26,28.81,32.18,26.02,0.45000000000000284,6.16,15.02,84.06,1.48
2017-07-26,2017,7,26,Monsoon,29.17,28.89,33.19,25.47,0.28000000000000114,7.719999999999999,18.37,82.09,3.09
2017-07-27,2017,7,27,Monsoon,28.54,28.46,32.19,25.39,0.0799999999999983,6.799999999999997,14.14,85.4,5.14
2017-07-28,2017,7,28,Monsoon,29.19,28.94,32.69,26.19,0.25,6.4999999999999964,18.46,84.29,3.59
2017-07-29,2017,7,29,Monsoon,29.09,29.03,31.98,26.23,0.05999999999999872,5.75,17.72,84.13,1.76
2017-07-30,2017,7,30,Monsoon,28.21,28.48,31.23,25.76,-0.2699999999999996,5.469999999999999,15.12,82.23,1.67
2017-07-31,2017,7,31,Monsoon,29.38,29.08,32.6,25.68,0.3000000000000007,6.920000000000002,18.76,81.58,1.48
2017-08-01,2017,8,1,Monsoon,29.2,29.18,32.12,26.46,0.019999999999999574,5.659999999999997,15.66,84.59,2.04
2017-08-02,2017,8,2,Monsoon,29.13,29.23,32.86,26.5,-0.10000000000000142,6.359999999999999,15.29,81.8,2.25
2017-08-03,2017,8,3,Monsoon,29.6,29.66,33.96,26.01,-0.05999999999999872,7.949999999999999,13.75,78.73,3.01
2017-08-04,2017,8,4,Monsoon,29.71,29.71,33.86,26.11,0.0,7.75,16.22,76.19,2.16
2017-08-05,2017,8,5,Monsoon,30.15,29.97,34.09,26.68,0.17999999999999972,7.410000000000004,16.5,76.89,1.08
2017-08-06,2017,8,6,Monsoon,30.2,30.16,33.7,26.26,0.03999999999999915,7.440000000000001,15.39,80.0,0.97
2017-08-07,2017,8,7,Monsoon,30.09,30.07,32.91,27.73,0.019999999999999574,5.179999999999996,15.55,84.0,1.0
2017-08-08,2017,8,8,Monsoon,30.83,30.73,34.01,27.16,0.09999999999999787,6.849999999999998,15.25,80.44,1.1
2017-08-09,2017,8,9,Monsoon,29.27,29.4,31.69,27.51,-0.129999999999999,4.18,11.75,89.15,1.53
2017-08-10,2017,8,10,Monsoon,27.86,28.0,29.89,26.49,-0.14000000000000057,3.400000000000002,9.47,92.22,2.38
2017-08-11,2017,8,11,Monsoon,28.14,28.41,31.89,25.25,-0.2699999999999996,6.640000000000001,10.56,86.1,3.42
2017-08-12,2017,8,12,Monsoon,28.17,28.51,32.57,25.91,-0.33999999999999986,6.66,14.1,83.71,3.79
2017-08-13,2017,8,13,Monsoon,28.57,28.53,32.33,25.33,0.03999999999999915,7.0,14.02,83.57,2.86
2017-08-14,2017,8,14,Monsoon,28.97,28.58,32.5,25.06,0.39000000000000057,7.440000000000001,13.79,81.32,1.39
2017-08-15,2017,8,15,Monsoon,28.88,28.96,32.81,25.94,-0.08000000000000185,6.870000000000001,18.99,81.12,2.23
2017-08-16,2017,8,16,Monsoon,29.35,29.46,34.24,25.6,-0.10999999999999943,8.64,19.4,78.32,2.58
2017-08-17,2017,8,17,Monsoon,29.91,30.17,34.55,25.92,-0.26000000000000156,8.629999999999995,18.4,74.09,1.8
2017-08-18,2017,8,18,Monsoon,29.93,29.92,33.79,27.15,0.00999999999999801,6.640000000000001,11.84,77.24,1.15
2017-08-19,2017,8,19,Monsoon,28.58,28.64,32.12,26.06,-0.060000000000002274,6.059999999999999,18.11,85.61,2.9
2017-08-20,2017,8,20,Monsoon,29.11,28.95,32.88,25.99,0.16000000000000014,6.890000000000004,21.64,82.73,2.79
2017-08-21,2017,8,21,Monsoon,29.31,28.98,32.67,25.48,0.3299999999999983,7.190000000000001,20.88,82.46,2.38
2017-08-22,2017,8,22,Monsoon,28.63,28.59,31.98,26.08,0.03999999999999915,5.900000000000002,13.93,86.67,1.48
2017-08-23,2017,8,23,Monsoon,27.58,27.71,29.98,25.36,-0.13000000000000256,4.620000000000001,7.38,88.29,1.12
2017-08-24,2017,8,24,Monsoon,29.41,29.09,33.55,24.35,0.3200000000000003,9.199999999999996,19.23,77.16,0.83
2017-08-25,2017,8,25,Monsoon,28.85,28.79,32.09,26.35,0.060000000000002274,5.740000000000002,17.15,82.44,1.2
2017-08-26,2017,8,26,Monsoon,27.91,27.87,30.28,25.73,0.03999999999999915,4.550000000000001,11.7,90.82,1.08
2017-08-27,2017,8,27,Monsoon,28.23,28.3,31.21,26.41,-0.07000000000000028,4.800000000000001,8.94,88.6,1.73
2017-08-28,2017,8,28,Monsoon,27.83,28.0,30.46,26.02,-0.1700000000000017,4.440000000000001,15.73,90.16,3.23
2017-08-29,2017,8,29,Monsoon,28.06,28.18,30.97,26.1,-0.120000000000001,4.869999999999997,16.13,89.86,4.38
2017-08-30,2017,8,30,Monsoon,28.59,28.59,32.02,25.94,0.0,6.080000000000002,17.35,86.73,2.5
2017-08-31,2017,8,31,Monsoon,28.38,28.46,31.41,25.84,-0.08000000000000185,5.57,19.83,86.45,1.91
2017-09-01,2017,9,1,Monsoon,28.26,28.33,32.07,25.53,-0.06999999999999673,6.539999999999999,18.06,85.36,2.21
2017-09-02,2017,9,2,Monsoon,27.48,27.55,30.97,24.97,-0.07000000000000028,6.0,18.35,85.49,2.74
2017-09-03,2017,9,3,Monsoon,27.51,27.59,31.45,24.51,-0.0799999999999983,6.939999999999998,19.09,83.94,2.24
2017-09-04,2017,9,4,Monsoon,28.16,28.22,32.09,24.55,-0.05999999999999872,7.540000000000003,21.95,82.04,1.75
2017-09-05,2017,9,5,Monsoon,28.76,28.76,33.33,24.82,0.0,8.509999999999998,21.01,81.58,1.67
2017-09-06,2017,9,6,Monsoon,28.95,29.12,33.38,24.71,-0.1700000000000017,8.670000000000002,21.77,78.66,1.34
2017-09-07,2017,9,7,Monsoon,29.49,29.55,33.23,25.79,-0.060000000000002274,7.439999999999998,20.31,77.27,0.84
2017-09-08,2017,9,8,Monsoon,29.01,29.1,32.85,25.18,-0.08999999999999986,7.670000000000002,20.61,79.18,1.25
2017-09-09,2017,9,9,Monsoon,28.56,28.93,33.22,24.67,-0.370000000000001,8.549999999999997,21.35,77.33,1.68
2017-09-10,2017,9,10,Monsoon,29.11,29.46,33.97,25.11,-0.3500000000000014,8.86,20.79,72.81,0.84
2017-09-11,2017,9,11,Monsoon,30.11,30.17,34.91,25.66,-0.060000000000002274,9.249999999999996,20.21,75.59,1.0
2017-09-12,2017,9,12,Monsoon,29.43,29.5,34.09,25.49,-0.07000000000000028,8.600000000000005,20.24,77.32,1.46
2017-09-13,2017,9,13,Monsoon,29.27,29.38,33.69,25.09,-0.10999999999999943,8.599999999999998,20.29,76.34,1.03
2017-09-14,2017,9,14,Monsoon,28.98,29.18,32.93,25.81,-0.1999999999999993,7.120000000000001,14.86,77.75,1.06
2017-09-15,2017,9,15,Monsoon,29.18,29.36,33.62,24.95,-0.17999999999999972,8.669999999999998,16.34,74.95,1.0
2017-09-16,2017,9,16,Monsoon,29.71,29.66,34.25,24.99,0.05000000000000071,9.260000000000002,18.62,74.28,0.92
2017-09-17,2017,9,17,Monsoon,30.35,30.25,34.85,26.0,0.10000000000000142,8.850000000000001,19.49,73.66,0.76
2017-09-18,2017,9,18,Monsoon,29.25,29.26,33.1,26.48,-0.010000000000001563,6.620000000000001,11.54,81.23,1.3
2017-09-19,2017,9,19,Monsoon,28.87,28.89,32.36,25.65,-0.019999999999999574,6.710000000000001,19.97,78.45,1.03
2017-09-20,2017,9,20,Monsoon,28.71,28.69,32.74,25.87,0.019999999999999574,6.870000000000001,15.92,83.59,1.85
2017-09-21,2017,9,21,Monsoon,27.14,27.21,29.19,25.95,-0.07000000000000028,3.240000000000002,8.88,92.31,2.82
2017-09-22,2017,9,22,Monsoon,27.71,27.79,31.36,25.75,-0.0799999999999983,5.609999999999999,10.47,89.96,3.57
2017-09-23,2017,9,23,Monsoon,27.49,27.64,31.84,24.63,-0.15000000000000213,7.210000000000001,13.22,82.49,2.2
2017-09-24,2017,9,24,Monsoon,27.38,27.33,32.78,23.28,0.05000000000000071,9.5,16.98,81.49,1.66
2017-09-25,2017,9,25,Monsoon,26.14,26.56,31.93,21.34,-0.41999999999999815,10.59,17.54,75.37,1.89
2017-09-26,2017,9,26,Monsoon,26.34,27.17,32.74,21.74,-0.8300000000000018,11.000000000000004,18.7,71.11,1.31
2017-09-27,2017,9,27,Monsoon,26.81,27.99,33.12,23.56,-1.1799999999999997,9.559999999999999,18.86,66.32,0.97
2017-09-28,2017,9,28,Monsoon,27.0,27.81,33.88,22.31,-0.8099999999999987,11.570000000000004,17.79,65.35,1.18
2017-09-29,2017,9,29,Monsoon,27.04,27.38,33.41,21.93,-0.33999999999999986,11.479999999999997,18.67,66.94,1.2
2017-09-30,2017,9,30,Monsoon,27.16,27.2,32.47,21.99,-0.03999999999999915,10.48,17.4,74.3,1.12
2017-10-01,2017,10,1,Post-Monsoon,27.61,27.6,32.97,23.05,0.00999999999999801,9.919999999999998,17.33,74.95,0.94
2017-10-02,2017,10,2,Post-Monsoon,27.53,28.29,34.77,21.68,-0.759999999999998,13.090000000000003,18.75,65.09,1.07
2017-10-03,2017,10,3,Post-Monsoon,26.57,27.26,33.05,21.83,-0.6900000000000013,11.219999999999999,18.99,64.65,0.89
2017-10-04,2017,10,4,Post-Monsoon,26.81,26.82,32.31,21.77,-0.010000000000001563,10.540000000000003,17.67,73.51,0.89
2017-10-05,2017,10,5,Post-Monsoon,27.74,27.83,33.16,22.92,-0.08999999999999986,10.239999999999995,19.35,71.82,1.0
2017-10-06,2017,10,6,Post-Monsoon,28.75,28.66,34.69,23.23,0.08999999999999986,11.459999999999997,18.95,68.2,0.76
2017-10-07,2017,10,7,Post-Monsoon,29.42,29.38,35.32,24.23,0.0400000000000027,11.09,19.23,68.02,0.72
2017-10-08,2017,10,8,Post-Monsoon,29.07,28.98,34.63,24.46,0.08999999999999986,10.170000000000002,19.53,69.49,1.21
2017-10-09,2017,10,9,Post-Monsoon,28.6,28.77,34.64,23.98,-0.16999999999999815,10.66,18.68,65.75,1.45
2017-10-10,2017,10,10,Post-Monsoon,27.15,28.2,33.52,24.19,-1.0500000000000007,9.330000000000002,18.93,58.3,1.03
2017-10-11,2017,10,11,Post-Monsoon,28.21,28.28,33.06,23.7,-0.07000000000000028,9.360000000000003,17.98,67.4,1.12
2017-10-12,2017,10,12,Post-Monsoon,28.82,28.76,34.27,24.22,0.05999999999999872,10.050000000000004,15.47,68.49,1.23
2017-10-13,2017,10,13,Post-Monsoon,27.16,28.45,34.3,22.51,-1.2899999999999991,11.789999999999996,15.58,54.9,1.12
2017-10-14,2017,10,14,Post-Monsoon,26.55,28.7,35.81,21.66,-2.1499999999999986,14.150000000000002,18.29,46.32,0.88
2017-10-15,2017,10,15,Post-Monsoon,25.73,28.21,35.84,21.46,-2.4800000000000004,14.380000000000003,18.44,42.83,1.22
2017-10-16,2017,10,16,Post-Monsoon,25.57,27.54,35.34,21.46,-1.9699999999999989,13.880000000000003,17.79,42.65,0.94
2017-10-17,2017,10,17,Post-Monsoon,24.51,25.32,33.81,19.08,-0.8099999999999987,14.730000000000004,17.07,54.13,0.99
2017-10-18,2017,10,18,Post-Monsoon,24.84,25.62,32.85,19.69,-0.7800000000000011,13.16,16.25,58.86,0.96
2017-10-19,2017,10,19,Post-Monsoon,27.44,27.98,33.85,21.97,-0.5399999999999991,11.880000000000003,17.14,63.5,1.31
2017-10-20,2017,10,20,Post-Monsoon,28.68,28.53,33.74,24.25,0.14999999999999858,9.490000000000002,14.19,72.15,1.25
2017-10-21,2017,10,21,Post-Monsoon,27.38,28.72,34.49,24.13,-1.3399999999999999,10.360000000000003,17.0,57.38,1.0
2017-10-22,2017,10,22,Post-Monsoon,24.55,27.16,35.02,19.51,-2.6099999999999994,15.510000000000002,16.77,40.08,1.31
2017-10-23,2017,10,23,Post-Monsoon,24.48,26.08,35.28,17.76,-1.5999999999999979,17.52,17.7,44.64,1.77
2017-10-24,2017,10,24,Post-Monsoon,24.06,26.57,34.41,20.3,-2.5100000000000016,14.109999999999996,16.7,38.09,1.08
2017-10-25,2017,10,25,Post-Monsoon,23.01,25.48,33.08,19.65,-2.469999999999999,13.43,16.01,39.85,0.85
2017-10-26,2017,10,26,Post-Monsoon,22.66,23.68,32.44,16.31,-1.0199999999999996,16.13,15.27,52.08,1.25
2017-10-27,2017,10,27,Post-Monsoon,22.89,24.11,32.67,17.34,-1.2199999999999989,15.330000000000002,14.79,50.05,1.07
2017-10-28,2017,10,28,Post-Monsoon,22.27,23.22,31.88,17.74,-0.9499999999999993,14.14,14.59,52.25,1.08
2017-10-29,2017,10,29,Post-Monsoon,22.43,22.54,31.14,15.68,-0.10999999999999943,15.46,14.62,59.57,1.4
2017-10-30,2017,10,30,Post-Monsoon,22.67,23.27,29.77,18.58,-0.5999999999999979,11.190000000000001,13.95,60.12,0.91
2017-10-31,2017,10,31,Post-Monsoon,22.8,22.79,29.96,17.03,0.010000000000001563,12.93,14.82,63.27,1.38
2017-11-01,2017,11,1,Post-Monsoon,23.22,22.87,30.03,17.13,0.34999999999999787,12.900000000000002,14.8,69.2,1.3
2017-11-02,2017,11,2,Post-Monsoon,22.89,22.68,29.59,17.54,0.21000000000000085,12.05,12.9,67.34,1.19
2017-11-03,2017,11,3,Post-Monsoon,22.31,22.46,29.03,17.04,-0.15000000000000213,11.990000000000002,13.12,68.97,1.38
2017-11-04,2017,11,4,Post-Monsoon,22.76,23.34,30.38,17.26,-0.5799999999999983,13.119999999999997,15.18,63.81,1.06
2017-11-05,2017,11,5,Post-Monsoon,23.38,24.29,30.45,19.0,-0.9100000000000001,11.45,15.27,57.71,0.73
2017-11-06,2017,11,6,Post-Monsoon,22.8,23.95,30.88,17.45,-1.1499999999999986,13.43,14.22,54.83,1.18
2017-11-07,2017,11,7,Post-Monsoon,21.41,23.56,30.06,17.45,-2.1499999999999986,12.61,13.12,47.16,0.9
2017-11-08,2017,11,8,Post-Monsoon,20.07,22.1,28.92,16.44,-2.030000000000001,12.48,11.65,49.45,1.1
2017-11-09,2017,11,9,Post-Monsoon,19.05,21.33,27.45,15.36,-2.2799999999999976,12.09,11.05,46.46,1.02
2017-11-10,2017,11,10,Post-Monsoon,20.01,22.03,29.32,15.42,-2.0199999999999996,13.9,10.49,48.13,0.98
2017-11-11,2017,11,11,Post-Monsoon,21.4,22.62,29.93,16.61,-1.2200000000000024,13.32,12.15,53.03,0.92
2017-11-12,2017,11,12,Post-Monsoon,20.65,22.25,29.96,15.17,-1.6000000000000014,14.790000000000001,13.49,47.54,1.25
2017-11-13,2017,11,13,Post-Monsoon,19.59,22.02,29.41,17.24,-2.4299999999999997,12.170000000000002,11.6,41.43,0.93
2017-11-14,2017,11,14,Post-Monsoon,20.07,20.54,29.03,14.09,-0.46999999999999886,14.940000000000001,12.38,51.96,1.87
2017-11-15,2017,11,15,Post-Monsoon,21.11,21.17,29.43,14.71,-0.060000000000002274,14.719999999999999,12.37,56.91,1.81
2017-11-16,2017,11,16,Post-Monsoon,22.51,22.32,29.73,16.1,0.19000000000000128,13.629999999999999,12.52,66.09,1.41
2017-11-17,2017,11,17,Post-Monsoon,23.85,23.96,30.77,18.38,-0.10999999999999943,12.39,14.15,60.5,1.12
2017-11-18,2017,11,18,Post-Monsoon,21.72,21.93,30.76,14.89,-0.21000000000000085,15.870000000000001,13.52,48.95,1.23
2017-11-19,2017,11,19,Post-Monsoon,20.85,20.94,28.26,15.67,-0.08999999999999986,12.590000000000002,9.32,57.99,1.75
2017-11-20,2017,11,20,Post-Monsoon,19.59,19.78,28.61,14.59,-0.19000000000000128,14.02,13.48,45.18,2.73
2017-11-21,2017,11,21,Post-Monsoon,17.04,17.45,27.21,10.5,-0.41000000000000014,16.71,13.43,38.95,2.36
2017-11-22,2017,11,22,Post-Monsoon,16.46,16.91,26.99,10.06,-0.4499999999999993,16.93,12.87,42.62,2.16
2017-11-23,2017,11,23,Post-Monsoon,15.93,16.61,26.41,9.05,-0.6799999999999997,17.36,13.72,39.9,1.87
2017-11-24,2017,11,24,Post-Monsoon,15.56,16.61,26.27,9.11,-1.049999999999999,17.16,13.18,38.21,1.55
2017-11-25,2017,11,25,Post-Monsoon,15.18,17.92,26.05,9.19,-2.740000000000002,16.86,12.82,32.24,0.96
2017-11-26,2017,11,26,Post-Monsoon,15.27,18.53,26.5,11.43,-3.2600000000000016,15.07,12.08,31.48,1.23
2017-11-27,2017,11,27,Post-Monsoon,15.79,17.19,27.24,9.39,-1.4000000000000021,17.849999999999998,13.24,39.13,1.76
2017-11-28,2017,11,28,Post-Monsoon,15.82,18.27,27.76,9.6,-2.4499999999999993,18.160000000000004,13.65,35.06,1.69
2017-11-29,2017,11,29,Post-Monsoon,16.28,18.18,27.42,10.45,-1.8999999999999986,16.970000000000002,13.3,37.2,0.99
2017-11-30,2017,11,30,Post-Monsoon,16.12,18.11,27.08,9.63,-1.9899999999999984,17.449999999999996,12.18,40.66,1.2
2017-12-01,2017,12,1,Winter,16.22,18.57,27.24,11.8,-2.3500000000000014,15.439999999999998,11.58,40.07,1.02
2017-12-02,2017,12,2,Winter,16.17,18.62,26.85,12.3,-2.4499999999999993,14.55,11.6,38.15,1.0
2017-12-03,2017,12,3,Winter,15.64,18.06,23.33,12.39,-2.419999999999998,10.939999999999998,10.43,36.56,0.81
2017-12-04,2017,12,4,Winter,17.06,18.61,25.56,11.11,-1.5500000000000007,14.45,9.69,38.62,1.04
2017-12-05,2017,12,5,Winter,17.94,18.7,25.09,14.85,-0.759999999999998,10.24,6.69,42.47,1.0
2017-12-06,2017,12,6,Winter,18.41,18.69,24.97,12.93,-0.28000000000000114,12.04,8.99,44.36,1.54
2017-12-07,2017,12,7,Winter,20.19,20.09,28.5,14.14,0.10000000000000142,14.36,11.8,47.95,2.04
2017-12-08,2017,12,8,Winter,18.75,19.19,28.63,11.66,-0.4400000000000013,16.97,14.14,38.39,1.74
2017-12-09,2017,12,9,Winter,17.35,19.15,26.61,11.89,-1.7999999999999972,14.719999999999999,12.61,34.62,0.94
2017-12-10,2017,12,10,Winter,18.0,19.34,26.46,13.28,-1.3399999999999999,13.180000000000001,11.56,41.04,0.83
2017-12-11,2017,12,11,Winter,18.3,19.61,26.88,13.77,-1.3099999999999987,13.11,11.6,44.65,1.11
2017-12-12,2017,12,12,Winter,19.14,19.49,26.23,14.35,-0.34999999999999787,11.88,7.9,48.05,1.22
2017-12-13,2017,12,13,Winter,19.8,20.01,26.78,15.38,-0.21000000000000085,11.4,10.92,51.25,1.31
2017-12-14,2017,12,14,Winter,18.28,18.03,25.98,12.11,0.25,13.870000000000001,10.94,48.05,1.95
2017-12-15,2017,12,15,Winter,18.08,17.87,27.04,11.16,0.2099999999999973,15.879999999999999,10.82,46.5,2.15
2017-12-16,2017,12,16,Winter,16.88,16.8,25.75,11.23,0.0799999999999983,14.52,11.73,37.39,2.51
2017-12-17,2017,12,17,Winter,14.1,14.7,24.95,6.82,-0.5999999999999996,18.13,13.49,32.27,2.34
2017-12-18,2017,12,18,Winter,14.09,15.47,24.69,7.09,-1.3800000000000008,17.6,12.64,31.63,1.43
2017-12-19,2017,12,19,Winter,14.38,15.45,22.67,10.67,-1.0699999999999985,12.000000000000002,9.59,37.72,1.11
2017-12-20,2017,12,20,Winter,14.12,15.38,20.73,11.65,-1.2600000000000016,9.08,6.67,39.45,0.91
2017-12-21,2017,12,21,Winter,14.99,16.74,23.39,11.46,-1.7499999999999982,11.93,7.24,39.0,0.64
2017-12-22,2017,12,22,Winter,16.48,16.97,27.69,9.56,-0.48999999999999844,18.130000000000003,10.36,41.41,1.88
2017-12-23,2017,12,23,Winter,14.9,16.39,25.24,8.91,-1.4900000000000002,16.33,11.93,35.91,2.22
2017-12-24,2017,12,24,Winter,14.87,17.26,26.21,9.39,-2.3900000000000023,16.82,12.85,31.05,0.97
2017-12-25,2017,12,25,Winter,14.22,15.88,24.67,8.28,-1.6600000000000001,16.39,10.46,38.37,1.64
2017-12-26,2017,12,26,Winter,14.06,15.4,25.25,7.76,-1.3399999999999999,17.490000000000002,11.1,40.49,1.62
2017-12-27,2017,12,27,Winter,13.19,16.29,24.62,8.02,-3.0999999999999996,16.6,10.27,31.49,1.25
2017-12-28,2017,12,28,Winter,13.68,17.04,25.18,11.5,-3.3599999999999994,13.68,8.72,31.93,0.83
2017-12-29,2017,12,29,Winter,13.74,16.71,24.45,10.34,-2.9700000000000006,14.11,7.37,38.19,0.76
2017-12-30,2017,12,30,Winter,14.16,16.35,24.68,9.13,-2.1900000000000013,15.549999999999999,5.34,42.25,0.88
2017-12-31,2017,12,31,Winter,14.12,17.0,24.34,10.77,-2.880000000000001,13.57,4.49,39.6,0.76
2018-01-01,2018,1,1,Winter,13.47,16.02,23.95,9.79,-2.549999999999999,14.16,5.81,37.12,1.05
2018-01-02,2018,1,2,Winter,11.83,13.89,21.2,7.43,-2.0600000000000005,13.77,6.39,36.41,1.26
2018-01-03,2018,1,3,Winter,11.52,12.74,22.1,5.4,-1.2200000000000006,16.700000000000003,6.22,36.5,1.57
2018-01-04,2018,1,4,Winter,11.5,14.37,23.33,5.75,-2.869999999999999,17.58,8.44,31.2,0.94
2018-01-05,2018,1,5,Winter,11.43,15.11,23.0,7.35,-3.6799999999999997,15.65,6.11,25.2,1.12
2018-01-06,2018,1,6,Winter,11.99,13.86,22.8,5.96,-1.8699999999999992,16.84,11.26,31.97,1.66
2018-01-07,2018,1,7,Winter,12.41,13.53,23.24,5.98,-1.1199999999999992,17.259999999999998,10.58,37.86,1.91
2018-01-08,2018,1,8,Winter,12.09,13.76,23.38,5.05,-1.67,18.33,12.67,32.39,1.5
2018-01-09,2018,1,9,Winter,11.47,13.88,22.89,6.55,-2.41,16.34,9.19,31.05,1.5
2018-01-10,2018,1,10,Winter,12.07,13.04,24.05,4.67,-0.9699999999999989,19.380000000000003,12.08,33.87,1.87
2018-01-11,2018,1,11,Winter,13.23,14.38,25.6,5.23,-1.1500000000000004,20.37,10.3,28.01,2.01
2018-01-12,2018,1,12,Winter,14.06,15.86,25.62,6.59,-1.799999999999999,19.03,10.52,25.1,1.39
2018-01-13,2018,1,13,Winter,14.86,16.26,26.16,8.37,-1.4000000000000021,17.79,9.81,30.39,1.75
2018-01-14,2018,1,14,Winter,14.34,17.13,25.76,8.7,-2.789999999999999,17.060000000000002,13.23,30.46,1.33
2018-01-15,2018,1,15,Winter,14.13,16.19,26.36,8.91,-2.0600000000000005,17.45,14.1,27.53,1.69
2018-01-16,2018,1,16,Winter,12.63,15.0,24.09,5.39,-2.369999999999999,18.7,14.01,26.58,1.29
2018-01-17,2018,1,17,Winter,12.35,16.38,25.66,8.27,-4.029999999999999,17.39,11.05,21.06,1.11
2018-01-18,2018,1,18,Winter,14.56,17.51,27.71,8.94,-2.950000000000001,18.770000000000003,12.14,24.9,1.73
2018-01-19,2018,1,19,Winter,16.0,18.01,27.57,8.97,-2.0100000000000016,18.6,14.12,33.78,1.7
2018-01-20,2018,1,20,Winter,15.48,16.59,27.23,8.19,-1.1099999999999994,19.04,14.76,33.63,2.01
2018-01-21,2018,1,21,Winter,13.84,16.19,25.49,7.72,-2.3500000000000014,17.77,14.08,24.23,1.21
2018-01-22,2018,1,22,Winter,13.96,16.12,25.76,8.43,-2.16,17.330000000000002,14.53,26.45,1.16
2018-01-23,2018,1,23,Winter,16.46,17.13,26.76,7.85,-0.6699999999999982,18.910000000000004,13.02,33.53,1.44
2018-01-24,2018,1,24,Winter,17.02,16.8,24.83,11.34,0.21999999999999886,13.489999999999998,13.12,47.85,1.52
2018-01-25,2018,1,25,Winter,14.69,14.67,23.61,7.7,0.019999999999999574,15.91,8.84,49.87,1.85
2018-01-26,2018,1,26,Winter,14.62,15.42,25.32,7.08,-0.8000000000000007,18.240000000000002,12.87,36.54,1.9
2018-01-27,2018,1,27,Winter,13.86,15.31,25.2,7.28,-1.450000000000001,17.919999999999998,12.92,31.59,1.83
2018-01-28,2018,1,28,Winter,13.71,16.15,25.27,7.63,-2.4399999999999977,17.64,14.16,27.43,1.51
2018-01-29,2018,1,29,Winter,14.61,16.09,26.75,6.99,-1.4800000000000004,19.759999999999998,15.41,25.78,1.83
2018-01-30,2018,1,30,Winter,17.8,18.15,30.37,7.85,-0.34999999999999787,22.520000000000003,16.83,25.34,3.11
2018-01-31,2018,1,31,Winter,18.67,19.06,29.57,11.05,-0.389999999999997,18.52,16.4,27.68,2.85
2018-02-01,2018,2,1,Winter,19.03,19.21,29.62,11.05,-0.17999999999999972,18.57,16.46,30.1,2.06
2018-02-02,2018,2,2,Winter,19.94,21.1,31.22,11.68,-1.1600000000000001,19.54,16.44,30.98,1.84
2018-02-03,2018,2,3,Winter,19.91,20.25,29.68,12.12,-0.33999999999999986,17.560000000000002,15.36,35.0,1.18
2018-02-04,2018,2,4,Winter,18.17,18.3,29.18,10.73,-0.129999999999999,18.45,15.29,27.81,2.09
2018-02-05,2018,2,5,Winter,18.35,18.26,28.27,9.45,0.08999999999999986,18.82,11.21,22.01,1.5
2018-02-06,2018,2,6,Winter,19.75,19.68,28.52,12.37,0.07000000000000028,16.15,10.87,20.43,2.16
2018-02-07,2018,2,7,Winter,19.89,20.09,28.97,14.55,-0.1999999999999993,14.419999999999998,9.0,20.72,2.79
2018-02-08,2018,2,8,Winter,19.57,19.29,28.78,10.68,0.28000000000000114,18.1,16.54,22.43,1.66
2018-02-09,2018,2,9,Winter,18.55,18.89,28.92,11.63,-0.33999999999999986,17.29,15.84,18.16,2.13
2018-02-10,2018,2,10,Winter,18.89,19.46,29.95,9.04,-0.5700000000000003,20.91,17.83,18.48,1.8
2018-02-11,2018,2,11,Winter,21.03,21.2,30.9,13.49,-0.16999999999999815,17.409999999999997,6.69,22.48,1.41
2018-02-12,2018,2,12,Winter,18.65,18.67,23.25,15.59,-0.020000000000003126,7.66,7.88,59.74,2.81
2018-02-13,2018,2,13,Winter,20.64,19.62,26.89,14.32,1.0199999999999996,12.57,11.23,62.85,1.43
2018-02-14,2018,2,14,Winter,18.55,18.26,27.26,11.91,0.28999999999999915,15.350000000000001,18.37,39.27,2.69
2018-02-15,2018,2,15,Winter,18.33,18.35,28.43,8.96,-0.020000000000003126,19.47,19.31,36.96,2.29
2018-02-16,2018,2,16,Winter,20.15,20.28,29.73,12.24,-0.13000000000000256,17.490000000000002,18.11,40.09,1.99
2018-02-17,2018,2,17,Winter,21.11,21.38,31.88,12.64,-0.2699999999999996,19.24,16.65,34.1,2.14
2018-02-18,2018,2,18,Winter,21.08,21.9,31.55,13.23,-0.8200000000000003,18.32,17.3,30.1,1.47
2018-02-19,2018,2,19,Winter,21.09,21.77,31.65,13.89,-0.6799999999999997,17.759999999999998,17.34,23.12,1.41
2018-02-20,2018,2,20,Winter,20.63,22.98,31.95,14.41,-2.3500000000000014,17.54,19.0,18.5,1.15
2018-02-21,2018,2,21,Winter,22.15,24.3,32.74,15.01,-2.150000000000002,17.730000000000004,18.4,22.56,1.56
2018-02-22,2018,2,22,Winter,24.27,25.64,34.6,16.2,-1.370000000000001,18.400000000000002,17.72,24.06,1.1
2018-02-23,2018,2,23,Winter,25.98,26.54,35.78,18.22,-0.5599999999999987,17.560000000000002,18.38,25.58,1.09
2018-02-24,2018,2,24,Winter,26.99,27.01,35.76,18.83,-0.020000000000003126,16.93,16.58,27.47,1.67
2018-02-25,2018,2,25,Winter,26.59,26.08,34.21,20.65,0.5100000000000016,13.560000000000002,15.23,28.75,1.45
2018-02-26,2018,2,26,Winter,24.33,23.82,33.86,15.59,0.509999999999998,18.27,20.61,25.11,2.79
2018-02-27,2018,2,27,Winter,24.24,24.06,33.35,14.89,0.17999999999999972,18.46,20.03,27.8,1.64
2018-02-28,2018,2,28,Winter,25.44,25.59,35.28,16.72,-0.14999999999999858,18.560000000000002,19.29,29.67,1.85
2018-03-01,2018,3,1,Summer,25.64,26.42,34.89,18.22,-0.7800000000000011,16.67,18.9,25.74,1.97
2018-03-02,2018,3,2,Summer,27.03,27.21,37.29,19.35,-0.17999999999999972,17.939999999999998,19.33,22.52,2.21
2018-03-03,2018,3,3,Summer,27.2,27.32,37.07,18.59,-0.120000000000001,18.48,20.65,22.62,2.5
2018-03-04,2018,3,4,Summer,27.55,26.92,36.65,17.43,0.629999999999999,19.22,19.3,22.95,2.68
2018-03-05,2018,3,5,Summer,27.95,26.8,34.9,20.82,1.1499999999999986,14.079999999999998,17.44,26.98,1.67
2018-03-06,2018,3,6,Summer,24.49,23.86,32.88,15.52,0.629999999999999,17.360000000000003,22.45,21.85,2.94
2018-03-07,2018,3,7,Summer,23.95,24.8,34.31,14.48,-0.8500000000000014,19.830000000000002,22.46,19.29,2.01
2018-03-08,2018,3,8,Summer,24.0,25.96,34.97,16.0,-1.9600000000000009,18.97,20.21,13.91,1.42
2018-03-09,2018,3,9,Summer,24.97,25.98,35.63,17.33,-1.0100000000000016,18.300000000000004,22.2,16.66,1.76
2018-03-10,2018,3,10,Summer,26.33,26.22,36.73,16.17,0.10999999999999943,20.559999999999995,21.55,19.34,2.39
2018-03-11,2018,3,11,Summer,26.83,26.7,36.64,16.66,0.129999999999999,19.98,21.6,20.33,1.86
2018-03-12,2018,3,12,Summer,27.04,27.21,36.82,19.81,-0.1700000000000017,17.01,21.97,20.29,1.82
2018-03-13,2018,3,13,Summer,27.82,28.86,38.68,18.43,-1.0399999999999991,20.25,22.15,17.41,1.85
2018-03-14,2018,3,14,Summer,29.33,29.49,39.7,18.67,-0.16000000000000014,21.03,19.78,16.13,1.7
2018-03-15,2018,3,15,Summer,29.56,28.65,36.85,22.03,0.9100000000000001,14.82,15.14,19.23,1.86
2018-03-16,2018,3,16,Summer,28.77,27.84,36.74,19.25,0.9299999999999997,17.490000000000002,21.37,19.72,1.62
2018-03-17,2018,3,17,Summer,27.36,26.35,35.64,18.18,1.009999999999998,17.46,22.45,19.54,2.43
2018-03-18,2018,3,18,Summer,26.21,25.98,36.91,15.57,0.23000000000000043,21.339999999999996,24.26,13.11,2.54
2018-03-19,2018,3,19,Summer,27.6,27.81,38.02,18.87,-0.2099999999999973,19.150000000000002,22.78,12.08,1.95
2018-03-20,2018,3,20,Summer,29.8,28.84,39.56,18.78,0.9600000000000009,20.78,21.72,21.12,2.36
2018-03-21,2018,3,21,Summer,28.85,28.38,37.13,22.52,0.4700000000000024,14.610000000000003,17.72,31.41,1.4
2018-03-22,2018,3,22,Summer,29.08,27.94,37.24,18.34,1.139999999999997,18.900000000000002,21.73,21.72,1.38
2018-03-23,2018,3,23,Summer,28.85,27.65,36.26,19.55,1.2000000000000028,16.709999999999997,21.84,26.32,2.13
2018-03-24,2018,3,24,Summer,28.44,27.21,35.79,18.78,1.2300000000000004,17.009999999999998,22.93,23.1,1.95
2018-03-25,2018,3,25,Summer,28.96,27.71,37.89,18.01,1.25,19.88,23.81,20.33,2.03
2018-03-26,2018,3,26,Summer,28.88,28.03,38.3,18.21,0.8499999999999979,20.089999999999996,23.62,16.42,2.37
2018-03-27,2018,3,27,Summer,29.09,29.87,40.18,20.01,-0.7800000000000011,20.169999999999998,23.3,11.17,2.04
2018-03-28,2018,3,28,Summer,30.18,31.44,41.15,20.23,-1.2600000000000016,20.919999999999998,23.13,8.99,1.33
2018-03-29,2018,3,29,Summer,29.87,29.88,39.8,19.73,-0.00999999999999801,20.069999999999997,24.16,10.59,1.95
2018-03-30,2018,3,30,Summer,30.45,30.79,40.29,22.41,-0.33999999999999986,17.88,24.12,10.75,1.36
2018-03-31,2018,3,31,Summer,30.63,29.58,39.36,20.9,1.0500000000000007,18.46,23.23,17.92,3.24
2018-04-01,2018,4,1,Summer,30.35,29.12,37.45,21.33,1.2300000000000004,16.120000000000005,20.08,29.66,2.87
2018-04-02,2018,4,2,Summer,31.77,30.02,38.38,21.08,1.75,17.300000000000004,21.7,28.96,1.29
2018-04-03,2018,4,3,Summer,32.84,31.17,39.32,22.87,1.6700000000000017,16.45,22.36,23.91,1.58
2018-04-04,2018,4,4,Summer,34.25,32.48,40.51,24.28,1.7700000000000031,16.229999999999997,21.46,20.71,1.96
2018-04-05,2018,4,5,Summer,34.38,32.68,41.63,24.07,1.7000000000000028,17.560000000000002,22.46,21.17,1.97
2018-04-06,2018,4,6,Summer,33.1,32.1,39.8,23.82,1.0,15.979999999999997,17.9,23.11,2.02
2018-04-07,2018,4,7,Summer,31.29,29.99,36.49,24.76,1.3000000000000007,11.73,19.29,43.06,3.43
2018-04-08,2018,4,8,Summer,31.55,30.0,36.74,23.82,1.5500000000000007,12.920000000000002,19.33,44.82,2.21
2018-04-09,2018,4,9,Summer,33.2,31.07,38.48,24.03,2.1300000000000026,14.449999999999996,18.7,38.14,1.68
2018-04-10,2018,4,10,Summer,32.81,31.48,39.31,23.45,1.3300000000000018,15.860000000000003,22.99,35.91,1.63
2018-04-11,2018,4,11,Summer,32.82,31.75,39.5,25.58,1.0700000000000003,13.920000000000002,16.49,32.69,2.64
2018-04-12,2018,4,12,Summer,30.82,29.88,35.46,23.63,0.9400000000000013,11.830000000000002,17.47,40.52,1.97
2018-04-13,2018,4,13,Summer,31.96,30.8,38.82,24.34,1.1600000000000001,14.48,24.99,31.41,1.86
2018-04-14,2018,4,14,Summer,31.24,30.99,40.27,23.56,0.25,16.710000000000004,24.96,19.58,2.27
2018-04-15,2018,4,15,Summer,33.08,32.71,41.29,23.27,0.36999999999999744,18.02,24.33,21.13,1.72
2018-04-16,2018,4,16,Summer,34.21,33.79,40.82,27.21,0.4200000000000017,13.61,22.25,22.99,1.12
2018-04-17,2018,4,17,Summer,35.38,33.96,42.33,27.0,1.4200000000000017,15.329999999999998,21.56,24.46,1.8
2018-04-18,2018,4,18,Summer,34.95,34.26,42.43,26.62,0.6900000000000048,15.809999999999999,25.83,22.15,2.89
2018-04-19,2018,4,19,Summer,34.54,34.16,42.61,24.67,0.38000000000000256,17.939999999999998,25.12,19.23,2.79
2018-04-20,2018,4,20,Summer,35.63,34.82,43.87,26.05,0.8100000000000023,17.819999999999997,23.78,18.38,2.19
2018-04-21,2018,4,21,Summer,34.43,32.93,40.82,26.36,1.5,14.46,24.82,16.98,3.42
2018-04-22,2018,4,22,Summer,31.88,30.74,39.72,23.12,1.1400000000000006,16.599999999999998,26.16,12.3,3.18
2018-04-23,2018,4,23,Summer,31.82,30.58,39.87,21.79,1.240000000000002,18.08,26.95,13.29,2.8
2018-04-24,2018,4,24,Summer,32.82,32.75,41.5,22.69,0.07000000000000028,18.81,26.69,11.54,1.92
2018-04-25,2018,4,25,Summer,34.09,34.28,43.38,23.46,-0.18999999999999773,19.92,25.94,9.99,2.0
2018-04-26,2018,4,26,Summer,35.88,34.22,44.37,23.57,1.6600000000000037,20.799999999999997,24.15,10.09,1.46
2018-04-27,2018,4,27,Summer,34.67,33.48,41.35,25.25,1.1900000000000048,16.1,22.42,27.77,3.34
2018-04-28,2018,4,28,Summer,37.06,34.66,42.09,27.53,2.4000000000000057,14.560000000000002,22.44,27.27,2.34
2018-04-29,2018,4,29,Summer,37.7,35.72,43.46,27.84,1.980000000000004,15.620000000000001,22.56,28.26,2.42
2018-04-30,2018,4,30,Summer,38.01,35.81,43.74,28.49,2.1999999999999957,15.250000000000004,22.52,28.04,3.3
2018-05-01,2018,5,1,Summer,36.95,34.28,41.41,27.36,2.6700000000000017,14.049999999999997,23.0,29.59,3.27
2018-05-02,2018,5,2,Summer,35.49,33.35,39.7,26.92,2.1400000000000006,12.780000000000001,24.13,37.57,2.58
2018-05-03,2018,5,3,Summer,34.79,32.74,39.38,27.17,2.049999999999997,12.21,21.55,42.33,3.97
2018-05-04,2018,5,4,Summer,36.01,33.51,40.65,25.53,2.5,15.119999999999997,23.17,38.76,2.29
2018-05-05,2018,5,5,Summer,37.37,34.93,42.63,27.08,2.4399999999999977,15.550000000000004,23.71,30.61,1.67
2018-05-06,2018,5,6,Summer,38.92,36.98,44.46,29.08,1.9400000000000048,15.380000000000003,22.35,22.65,1.68
2018-05-07,2018,5,7,Summer,38.56,37.07,44.64,30.93,1.490000000000002,13.71,24.78,20.48,2.32
2018-05-08,2018,5,8,Summer,37.33,35.25,43.47,27.3,2.0799999999999983,16.169999999999998,25.74,19.73,2.98
2018-05-09,2018,5,9,Summer,35.67,33.45,41.42,25.23,2.219999999999999,16.19,26.2,27.4,2.82
2018-05-10,2018,5,10,Summer,35.75,34.3,41.66,27.48,1.4500000000000028,14.179999999999996,25.46,20.84,2.28
2018-05-11,2018,5,11,Summer,37.31,36.64,44.42,28.22,0.6700000000000017,16.200000000000003,25.91,17.04,2.06
2018-05-12,2018,5,12,Summer,38.28,36.09,44.38,27.97,2.1899999999999977,16.410000000000004,23.94,17.86,2.05
2018-05-13,2018,5,13,Summer,38.57,36.39,44.56,28.28,2.1799999999999997,16.28,22.61,22.57,2.36
2018-05-14,2018,5,14,Summer,37.49,34.7,41.64,27.8,2.789999999999999,13.84,22.4,31.69,1.89
2018-05-15,2018,5,15,Summer,37.21,34.36,41.42,26.93,2.8500000000000014,14.490000000000002,21.1,31.46,1.93
2018-05-16,2018,5,16,Summer,38.48,36.69,44.79,28.75,1.7899999999999991,16.04,22.26,23.21,2.31
2018-05-17,2018,5,17,Summer,38.26,36.73,44.41,27.66,1.5300000000000011,16.749999999999996,22.29,23.36,2.01
2018-05-18,2018,5,18,Summer,39.16,37.55,45.01,29.91,1.6099999999999994,15.099999999999998,19.81,13.67,1.66
2018-05-19,2018,5,19,Summer,39.62,36.67,43.81,28.44,2.9499999999999957,15.370000000000001,22.65,19.01,1.43
2018-05-20,2018,5,20,Summer,38.67,36.8,43.89,29.76,1.8700000000000045,14.129999999999999,23.67,22.64,1.42
2018-05-21,2018,5,21,Summer,38.9,37.33,45.06,29.07,1.5700000000000003,15.990000000000002,24.28,18.68,1.85
2018-05-22,2018,5,22,Summer,39.17,38.02,46.74,28.32,1.1499999999999986,18.42,24.88,15.38,2.5
2018-05-23,2018,5,23,Summer,39.9,37.64,45.83,28.45,2.259999999999998,17.38,22.62,19.73,1.84
2018-05-24,2018,5,24,Summer,40.69,38.53,45.88,31.68,2.1599999999999966,14.200000000000003,20.89,18.99,2.83
2018-05-25,2018,5,25,Summer,39.4,37.47,45.33,30.07,1.9299999999999997,15.259999999999998,24.88,18.93,2.14
2018-05-26,2018,5,26,Summer,39.41,38.78,46.92,29.49,0.6299999999999955,17.430000000000003,26.12,12.17,1.76
2018-05-27,2018,5,27,Summer,41.0,38.61,46.61,29.66,2.3900000000000006,16.95,25.44,14.1,1.7
2018-05-28,2018,5,28,Summer,39.76,37.79,46.64,29.05,1.9699999999999989,17.59,22.17,15.83,2.48
2018-05-29,2018,5,29,Summer,39.66,36.58,43.59,29.26,3.0799999999999983,14.330000000000002,23.14,20.42,2.65
2018-05-30,2018,5,30,Summer,40.31,37.43,44.36,30.42,2.8800000000000026,13.939999999999998,14.14,28.29,2.93
2018-05-31,2018,5,31,Summer,41.02,37.67,43.71,30.9,3.3500000000000014,12.810000000000002,20.43,28.25,2.71
2018-06-01,2018,6,1,Monsoon,40.56,36.94,42.7,31.82,3.6200000000000045,10.880000000000003,21.69,35.23,3.69
2018-06-02,2018,6,2,Monsoon,40.48,36.48,43.05,29.59,4.0,13.459999999999997,21.63,37.95,2.39
2018-06-03,2018,6,3,Monsoon,40.55,37.1,43.21,30.61,3.4499999999999957,12.600000000000001,23.15,31.79,3.53
2018-06-04,2018,6,4,Monsoon,40.9,37.69,43.39,31.73,3.210000000000001,11.66,20.65,32.72,3.73
2018-06-05,2018,6,5,Monsoon,41.04,38.26,43.75,32.26,2.780000000000001,11.490000000000002,20.54,34.04,4.45
2018-06-06,2018,6,6,Monsoon,42.13,38.72,44.06,32.78,3.4100000000000037,11.280000000000001,20.05,33.77,3.1
2018-06-07,2018,6,7,Monsoon,41.96,38.85,43.14,34.15,3.1099999999999994,8.990000000000002,17.63,33.34,1.63
2018-06-08,2018,6,8,Monsoon,36.64,35.73,40.21,30.42,0.9100000000000037,9.79,14.73,48.85,2.9
2018-06-09,2018,6,9,Monsoon,36.79,35.15,39.99,29.46,1.6400000000000006,10.530000000000001,20.28,52.45,2.01
2018-06-10,2018,6,10,Monsoon,38.05,35.65,40.5,30.79,2.3999999999999986,9.71,20.31,45.46,2.15
2018-06-11,2018,6,11,Monsoon,38.78,36.83,42.61,31.34,1.9500000000000028,11.27,22.5,40.01,3.4
2018-06-12,2018,6,12,Monsoon,39.85,38.72,45.68,30.82,1.1300000000000026,14.86,22.9,31.27,3.8
2018-06-13,2018,6,13,Monsoon,38.63,38.13,44.48,31.69,0.5,12.789999999999996,18.98,33.28,5.05
2018-06-14,2018,6,14,Monsoon,37.7,36.92,42.6,31.98,0.7800000000000011,10.620000000000001,20.27,31.58,5.5
2018-06-15,2018,6,15,Monsoon,37.34,36.36,42.26,30.57,0.980000000000004,11.689999999999998,21.98,31.39,4.76
2018-06-16,2018,6,16,Monsoon,38.53,37.17,43.68,30.81,1.3599999999999994,12.870000000000001,22.04,32.39,4.45
2018-06-17,2018,6,17,Monsoon,39.08,37.45,44.13,30.57,1.6299999999999955,13.560000000000002,21.77,31.74,3.88
2018-06-18,2018,6,18,Monsoon,40.46,38.27,44.05,32.67,2.1899999999999977,11.379999999999995,20.65,31.93,1.71
2018-06-19,2018,6,19,Monsoon,35.65,34.85,39.76,31.26,0.7999999999999972,8.499999999999996,24.11,40.0,1.61
2018-06-20,2018,6,20,Monsoon,38.42,36.97,43.05,29.3,1.4500000000000028,13.749999999999996,24.43,34.0,1.58
2018-06-21,2018,6,21,Monsoon,40.84,39.03,45.04,32.72,1.8100000000000023,12.32,23.29,29.34,1.29
2018-06-22,2018,6,22,Monsoon,41.23,38.88,44.39,33.47,2.3499999999999943,10.920000000000002,20.76,35.37,2.36
2018-06-23,2018,6,23,Monsoon,41.36,38.61,44.13,32.66,2.75,11.470000000000006,23.85,36.25,1.61
2018-06-24,2018,6,24,Monsoon,40.9,38.86,45.12,32.6,2.039999999999999,12.519999999999996,22.6,31.95,2.91
2018-06-25,2018,6,25,Monsoon,40.6,38.38,45.71,31.39,2.219999999999999,14.32,21.98,33.63,3.78
2018-06-26,2018,6,26,Monsoon,38.88,36.64,41.71,32.7,2.240000000000002,9.009999999999998,20.67,42.15,2.3
2018-06-27,2018,6,27,Monsoon,32.36,31.38,34.81,28.64,0.9800000000000004,6.170000000000002,19.0,67.62,3.03
2018-06-28,2018,6,28,Monsoon,33.35,32.46,38.03,28.12,0.8900000000000006,9.91,20.55,60.89,5.44
2018-06-29,2018,6,29,Monsoon,35.65,33.58,39.15,28.6,2.0700000000000003,10.549999999999997,19.55,52.59,4.09
2018-06-30,2018,6,30,Monsoon,36.04,33.83,38.69,29.86,2.210000000000001,8.829999999999998,21.97,54.37,3.01
2018-07-01,2018,7,1,Monsoon,31.78,31.41,35.02,29.3,0.370000000000001,5.720000000000002,9.95,61.2,3.66
2018-07-02,2018,7,2,Monsoon,32.85,32.02,36.61,28.0,0.8299999999999983,8.61,10.87,61.49,4.38
2018-07-03,2018,7,3,Monsoon,34.01,32.93,38.06,28.6,1.0799999999999983,9.46,18.18,58.14,4.02
2018-07-04,2018,7,4,Monsoon,35.36,33.85,38.65,29.24,1.509999999999998,9.41,20.69,55.93,4.1
2018-07-05,2018,7,5,Monsoon,36.1,34.18,39.21,29.08,1.9200000000000017,10.130000000000003,21.78,52.75,2.92
2018-07-06,2018,7,6,Monsoon,37.7,35.91,41.72,30.47,1.7900000000000063,11.25,21.81,43.84,1.93
2018-07-07,2018,7,7,Monsoon,38.35,36.14,42.45,29.41,2.210000000000001,13.040000000000003,20.52,39.92,1.37
2018-07-08,2018,7,8,Monsoon,38.35,36.0,41.86,30.21,2.3500000000000014,11.649999999999999,18.39,46.19,2.56
2018-07-09,2018,7,9,Monsoon,37.97,35.76,40.55,31.19,2.210000000000001,9.359999999999996,19.45,49.74,3.16
2018-07-10,2018,7,10,Monsoon,36.35,34.43,39.11,30.72,1.9200000000000017,8.39,20.09,54.48,3.85
2018-07-11,2018,7,11,Monsoon,31.66,30.97,33.8,28.75,0.6900000000000013,5.049999999999997,11.08,74.66,2.23
2018-07-12,2018,7,12,Monsoon,31.2,30.82,34.39,27.54,0.379999999999999,6.850000000000001,8.62,77.69,1.93
2018-07-13,2018,7,13,Monsoon,32.02,31.36,35.54,27.56,0.6600000000000037,7.98,12.63,74.78,2.41
2018-07-14,2018,7,14,Monsoon,32.97,31.9,36.45,27.46,1.0700000000000003,8.990000000000002,10.74,70.43,2.33
2018-07-15,2018,7,15,Monsoon,33.47,32.64,38.27,27.84,0.8299999999999983,10.430000000000003,20.39,68.37,2.66
2018-07-16,2018,7,16,Monsoon,33.92,32.7,37.79,27.86,1.2199999999999989,9.93,24.04,64.76,3.87
2018-07-17,2018,7,17,Monsoon,33.97,32.62,37.47,28.34,1.3500000000000014,9.129999999999999,23.43,64.16,4.1
2018-07-18,2018,7,18,Monsoon,30.45,30.21,33.39,27.96,0.23999999999999844,5.43,19.36,75.84,3.89
2018-07-19,2018,7,19,Monsoon,32.24,31.55,35.43,27.31,0.6900000000000013,8.120000000000001,15.6,70.91,2.57
2018-07-20,2018,7,20,Monsoon,33.47,32.86,37.15,28.96,0.6099999999999994,8.189999999999998,17.43,68.07,1.87
2018-07-21,2018,7,21,Monsoon,31.07,30.71,33.9,28.07,0.35999999999999943,5.829999999999998,10.45,76.8,1.85
2018-07-22,2018,7,22,Monsoon,31.94,30.96,35.77,26.91,0.9800000000000004,8.860000000000003,22.72,74.03,2.49
2018-07-23,2018,7,23,Monsoon,31.72,30.8,35.29,26.71,0.9199999999999982,8.579999999999998,14.02,72.94,4.11
2018-07-24,2018,7,24,Monsoon,29.8,29.62,32.85,26.77,0.17999999999999972,6.080000000000002,11.13,82.6,3.35
2018-07-25,2018,7,25,Monsoon,28.54,28.62,30.82,26.52,-0.08000000000000185,4.300000000000001,12.51,89.82,2.42
2018-07-26,2018,7,26,Monsoon,29.81,29.46,32.65,26.32,0.34999999999999787,6.329999999999998,7.46,84.91,2.07
2018-07-27,2018,7,27,Monsoon,28.03,27.98,30.68,26.15,0.05000000000000071,4.530000000000001,10.96,87.98,2.25
2018-07-28,2018,7,28,Monsoon,28.13,28.07,31.54,25.34,0.05999999999999872,6.199999999999999,11.95,87.05,2.45
2018-07-29,2018,7,29,Monsoon,28.03,28.19,30.13,26.44,-0.16000000000000014,3.6899999999999977,8.46,88.73,1.86
2018-07-30,2018,7,30,Monsoon,27.83,27.82,30.19,26.13,0.00999999999999801,4.060000000000002,4.7,89.21,1.87
2018-07-31,2018,7,31,Monsoon,27.76,27.8,30.58,25.96,-0.03999999999999915,4.619999999999997,5.98,90.82,3.51
2018-08-01,2018,8,1,Monsoon,27.21,27.35,29.82,25.42,-0.14000000000000057,4.399999999999999,6.97,90.11,2.85
2018-08-02,2018,8,2,Monsoon,26.76,27.01,28.54,25.69,-0.25,2.849999999999998,7.81,92.73,2.48
2018-08-03,2018,8,3,Monsoon,26.93,27.17,29.26,25.5,-0.240000000000002,3.7600000000000016,5.25,90.8,2.79
2018-08-04,2018,8,4,Monsoon,27.36,27.45,30.66,25.16,-0.08999999999999986,5.5,13.62,89.0,2.22
2018-08-05,2018,8,5,Monsoon,27.55,27.46,30.22,25.69,0.08999999999999986,4.529999999999998,7.5,88.2,2.14
2018-08-06,2018,8,6,Monsoon,28.28,28.47,31.67,25.09,-0.18999999999999773,6.580000000000002,14.66,82.12,1.58
2018-08-07,2018,8,7,Monsoon,28.11,28.34,30.85,26.09,-0.23000000000000043,4.760000000000002,15.19,86.71,1.25
2018-08-08,2018,8,8,Monsoon,28.5,28.65,31.88,26.31,-0.14999999999999858,5.57,18.79,87.34,2.95
2018-08-09,2018,8,9,Monsoon,28.93,28.85,32.41,25.79,0.0799999999999983,6.619999999999997,18.46,85.06,2.54
2018-08-10,2018,8,10,Monsoon,29.47,29.2,33.18,25.66,0.2699999999999996,7.52,19.74,83.0,1.35
2018-08-11,2018,8,11,Monsoon,27.72,27.66,30.58,24.76,0.05999999999999872,5.819999999999997,8.49,91.82,1.58
2018-08-12,2018,8,12,Monsoon,27.72,27.84,30.42,26.0,-0.120000000000001,4.420000000000002,6.18,90.27,2.19
2018-08-13,2018,8,13,Monsoon,27.79,28.04,30.84,25.61,-0.25,5.23,12.72,88.05,0.96
2018-08-14,2018,8,14,Monsoon,28.49,28.73,31.14,25.75,-0.240000000000002,5.390000000000001,17.46,83.37,0.63
2018-08-15,2018,8,15,Monsoon,28.48,28.71,31.72,26.3,-0.23000000000000043,5.419999999999998,8.66,86.99,1.46
2018-08-16,2018,8,16,Monsoon,28.38,28.63,31.21,26.92,-0.25,4.289999999999999,18.53,90.91,2.36
2018-08-17,2018,8,17,Monsoon,29.01,29.07,32.45,26.58,-0.05999999999999872,5.8700000000000045,18.83,87.79,2.55
2018-08-18,2018,8,18,Monsoon,29.04,29.44,31.91,26.62,-0.40000000000000213,5.289999999999999,20.52,83.34,1.32
2018-08-19,2018,8,19,Monsoon,29.67,29.81,33.29,27.24,-0.13999999999999702,6.050000000000001,14.15,82.37,0.81
2018-08-20,2018,8,20,Monsoon,28.97,29.05,32.33,26.49,-0.08000000000000185,5.84,15.54,88.3,1.84
2018-08-21,2018,8,21,Monsoon,28.81,28.8,31.72,26.04,0.00999999999999801,5.68,17.93,88.56,3.04
2018-08-22,2018,8,22,Monsoon,29.13,29.21,32.42,27.03,-0.08000000000000185,5.390000000000001,14.66,88.15,1.99
2018-08-23,2018,8,23,Monsoon,29.2,29.43,32.56,26.17,-0.23000000000000043,6.390000000000001,11.95,84.12,1.04
2018-08-24,2018,8,24,Monsoon,27.52,27.71,29.42,26.17,-0.19000000000000128,3.25,9.41,93.76,1.73
2018-08-25,2018,8,25,Monsoon,27.02,27.16,28.75,25.85,-0.14000000000000057,2.8999999999999986,8.77,94.13,1.61
2018-08-26,2018,8,26,Monsoon,27.7,27.68,30.48,25.66,0.019999999999999574,4.82,10.24,91.39,1.54
2018-08-27,2018,8,27,Monsoon,28.61,28.82,31.27,26.04,-0.21000000000000085,5.23,15.59,86.73,1.02
2018-08-28,2018,8,28,Monsoon,27.31,27.55,29.27,26.22,-0.240000000000002,3.0500000000000007,15.43,92.14,2.2
2018-08-29,2018,8,29,Monsoon,28.19,28.29,31.18,25.13,-0.09999999999999787,6.050000000000001,12.28,87.67,1.84
2018-08-30,2018,8,30,Monsoon,28.7,28.55,32.09,25.98,0.14999999999999858,6.110000000000003,13.57,89.25,1.1
2018-08-31,2018,8,31,Monsoon,28.29,28.21,31.51,26.1,0.0799999999999983,5.41,7.2,90.05,1.05
2018-09-01,2018,9,1,Monsoon,28.37,28.24,31.2,25.94,0.13000000000000256,5.259999999999998,14.6,88.35,1.18
2018-09-02,2018,9,2,Monsoon,27.45,27.46,30.47,25.38,-0.010000000000001563,5.09,13.48,90.95,1.64
2018-09-03,2018,9,3,Monsoon,28.06,27.99,31.07,24.74,0.07000000000000028,6.330000000000002,8.27,86.07,1.02
2018-09-04,2018,9,4,Monsoon,27.54,27.55,30.38,25.57,-0.010000000000001563,4.809999999999999,9.08,89.52,1.53
2018-09-05,2018,9,5,Monsoon,27.52,27.58,30.65,24.81,-0.05999999999999872,5.84,8.29,90.8,1.72
2018-09-06,2018,9,6,Monsoon,27.62,27.85,30.17,25.45,-0.23000000000000043,4.720000000000002,13.04,88.88,1.33
2018-09-07,2018,9,7,Monsoon,26.54,26.76,28.61,25.3,-0.22000000000000242,3.3099999999999987,17.17,92.76,3.01
2018-09-08,2018,9,8,Monsoon,26.89,27.11,29.72,25.12,-0.21999999999999886,4.599999999999998,12.66,89.83,3.67
2018-09-09,2018,9,9,Monsoon,26.96,26.88,30.34,23.77,0.08000000000000185,6.57,21.54,88.43,1.88
2018-09-10,2018,9,10,Monsoon,27.06,26.99,30.33,24.03,0.07000000000000028,6.299999999999997,16.55,88.77,2.09
2018-09-11,2018,9,11,Monsoon,27.22,27.22,30.6,24.18,0.0,6.420000000000002,13.81,89.66,2.33
2018-09-12,2018,9,12,Monsoon,27.62,27.77,31.43,24.93,-0.14999999999999858,6.5,14.32,89.2,2.58
2018-09-13,2018,9,13,Monsoon,27.49,27.66,31.33,25.24,-0.1700000000000017,6.09,17.6,87.73,2.77
2018-09-14,2018,9,14,Monsoon,26.88,26.97,31.21,23.29,-0.08999999999999986,7.920000000000002,20.95,86.33,2.16
2018-09-15,2018,9,15,Monsoon,26.83,26.95,31.48,23.04,-0.120000000000001,8.440000000000001,20.55,85.71,2.0
2018-09-16,2018,9,16,Monsoon,26.35,26.52,30.97,22.62,-0.16999999999999815,8.349999999999998,21.29,84.31,2.03
2018-09-17,2018,9,17,Monsoon,26.86,27.01,31.82,22.32,-0.15000000000000213,9.5,21.43,83.49,1.57
2018-09-18,2018,9,18,Monsoon,26.57,26.76,31.19,23.0,-0.19000000000000128,8.190000000000001,20.96,84.86,1.61
2018-09-19,2018,9,19,Monsoon,26.48,27.0,31.75,21.86,-0.5199999999999996,9.89,21.59,80.71,1.31
2018-09-20,2018,9,20,Monsoon,27.2,27.49,31.67,22.72,-0.28999999999999915,8.950000000000003,19.85,83.11,1.34
2018-09-21,2018,9,21,Monsoon,26.49,26.65,29.47,24.72,-0.16000000000000014,4.75,11.48,90.68,4.31
2018-09-22,2018,9,22,Monsoon,26.07,26.24,28.71,24.1,-0.16999999999999815,4.609999999999999,8.89,90.42,5.39
2018-09-23,2018,9,23,Monsoon,26.43,26.58,30.02,24.04,-0.14999999999999858,5.98,15.71,86.96,2.68
2018-09-24,2018,9,24,Monsoon,26.8,26.93,30.85,23.76,-0.129999999999999,7.09,17.41,85.65,2.28
2018-09-25,2018,9,25,Monsoon,25.75,25.86,30.04,22.75,-0.10999999999999943,7.289999999999999,18.29,86.39,2.4
2018-09-26,2018,9,26,Monsoon,26.07,25.93,30.23,21.35,0.14000000000000057,8.879999999999999,16.7,86.49,1.4
2018-09-27,2018,9,27,Monsoon,26.5,26.69,30.88,22.42,-0.19000000000000128,8.459999999999997,19.64,82.24,1.37
2018-09-28,2018,9,28,Monsoon,26.41,26.74,31.63,22.33,-0.3299999999999983,9.3,20.23,80.08,1.23
2018-09-29,2018,9,29,Monsoon,25.42,25.66,31.4,21.35,-0.23999999999999844,10.049999999999997,20.05,81.53,1.65
2018-09-30,2018,9,30,Monsoon,24.85,25.09,31.21,19.74,-0.23999999999999844,11.470000000000002,20.19,81.12,1.78
2018-10-01,2018,10,1,Post-Monsoon,25.27,25.62,31.37,20.12,-0.3500000000000014,11.25,21.16,81.37,1.56
2018-10-02,2018,10,2,Post-Monsoon,25.8,26.32,31.68,20.68,-0.5199999999999996,11.0,21.07,79.87,1.28
2018-10-03,2018,10,3,Post-Monsoon,25.65,26.1,31.67,21.16,-0.45000000000000284,10.510000000000002,20.63,80.89,1.41
2018-10-04,2018,10,4,Post-Monsoon,26.11,27.23,32.57,21.42,-1.120000000000001,11.149999999999999,19.29,71.22,0.84
2018-10-05,2018,10,5,Post-Monsoon,26.32,27.33,31.93,22.76,-1.009999999999998,9.169999999999998,19.93,72.6,0.87
2018-10-06,2018,10,6,Post-Monsoon,25.81,26.13,31.62,21.12,-0.3200000000000003,10.5,19.84,79.92,1.21
2018-10-07,2018,10,7,Post-Monsoon,25.48,26.53,31.24,22.27,-1.0500000000000007,8.969999999999999,19.29,73.4,0.82
2018-10-08,2018,10,8,Post-Monsoon,25.52,26.76,31.69,21.26,-1.240000000000002,10.43,19.97,70.81,0.86
2018-10-09,2018,10,9,Post-Monsoon,25.44,26.01,31.85,20.59,-0.5700000000000003,11.260000000000002,19.35,75.75,1.22
2018-10-10,2018,10,10,Post-Monsoon,24.26,24.52,30.11,19.47,-0.259999999999998,10.64,17.53,80.85,2.0
2018-10-11,2018,10,11,Post-Monsoon,24.01,24.29,29.17,20.05,-0.2799999999999976,9.120000000000001,17.81,81.08,1.75
2018-10-12,2018,10,12,Post-Monsoon,24.63,24.61,29.11,20.62,0.019999999999999574,8.489999999999998,18.48,83.83,1.75
2018-10-13,2018,10,13,Post-Monsoon,24.47,25.31,29.51,21.77,-0.8399999999999999,7.740000000000002,17.84,74.19,0.97
2018-10-14,2018,10,14,Post-Monsoon,22.24,23.18,28.84,18.38,-0.9400000000000013,10.46,19.13,73.86,1.66
2018-10-15,2018,10,15,Post-Monsoon,22.06,23.95,29.69,17.57,-1.8900000000000006,12.120000000000001,19.23,65.51,1.08
2018-10-16,2018,10,16,Post-Monsoon,23.41,24.87,30.89,18.3,-1.4600000000000009,12.59,18.26,70.25,1.19
2018-10-17,2018,10,17,Post-Monsoon,23.65,24.59,30.35,19.42,-0.9400000000000013,10.93,18.04,73.5,1.12
2018-10-18,2018,10,18,Post-Monsoon,24.13,25.39,31.71,20.72,-1.2600000000000016,10.990000000000002,18.29,68.88,0.81
2018-10-19,2018,10,19,Post-Monsoon,23.31,24.26,30.21,20.38,-0.9500000000000028,9.830000000000002,18.58,72.27,1.12
2018-10-20,2018,10,20,Post-Monsoon,23.98,25.21,31.74,19.84,-1.2300000000000004,11.899999999999999,17.65,67.62,0.85
2018-10-21,2018,10,21,Post-Monsoon,23.83,24.4,31.0,19.23,-0.5700000000000003,11.77,16.43,71.8,1.05
2018-10-22,2018,10,22,Post-Monsoon,22.51,23.38,30.34,18.36,-0.8699999999999974,11.98,16.36,67.53,1.31
2018-10-23,2018,10,23,Post-Monsoon,20.47,22.73,28.6,16.92,-2.2600000000000016,11.68,17.17,58.39,1.2
2018-10-24,2018,10,24,Post-Monsoon,20.5,22.23,28.67,15.32,-1.7300000000000004,13.350000000000001,17.93,65.06,1.24
2018-10-25,2018,10,25,Post-Monsoon,21.03,22.81,29.23,17.2,-1.7799999999999976,12.030000000000001,16.7,63.91,0.93
2018-10-26,2018,10,26,Post-Monsoon,21.37,23.17,29.09,16.77,-1.8000000000000007,12.32,16.59,64.65,1.05
2018-10-27,2018,10,27,Post-Monsoon,21.5,23.28,28.94,18.85,-1.7800000000000011,10.09,16.33,62.91,0.85
2018-10-28,2018,10,28,Post-Monsoon,21.17,23.21,28.75,16.27,-2.039999999999999,12.48,16.26,60.89,0.62
2018-10-29,2018,10,29,Post-Monsoon,20.97,23.42,29.05,18.18,-2.450000000000003,10.870000000000001,16.86,57.2,0.67
2018-10-30,2018,10,30,Post-Monsoon,21.1,22.82,29.6,17.06,-1.7199999999999989,12.540000000000003,16.67,61.59,0.88
2018-10-31,2018,10,31,Post-Monsoon,21.07,22.26,29.04,15.83,-1.1900000000000013,13.209999999999999,17.05,67.83,1.06
2018-11-01,2018,11,1,Post-Monsoon,21.27,23.16,29.62,16.92,-1.8900000000000006,12.7,16.44,62.88,0.81
2018-11-02,2018,11,2,Post-Monsoon,21.25,23.39,29.19,17.97,-2.1400000000000006,11.220000000000002,15.46,61.88,0.68
2018-11-03,2018,11,3,Post-Monsoon,21.62,22.6,29.35,16.76,-0.9800000000000004,12.59,15.05,70.87,1.48
2018-11-04,2018,11,4,Post-Monsoon,22.88,23.75,28.83,18.92,-0.870000000000001,9.909999999999997,13.79,73.6,1.39
2018-11-05,2018,11,5,Post-Monsoon,21.36,21.81,28.57,16.36,-0.4499999999999993,12.21,14.63,75.99,1.45
2018-11-06,2018,11,6,Post-Monsoon,16.84,17.49,24.99,11.93,-0.6499999999999986,13.059999999999999,13.71,72.82,1.81
2018-11-07,2018,11,7,Post-Monsoon,16.95,18.57,25.87,11.44,-1.620000000000001,14.430000000000001,13.16,61.53,1.08
2018-11-08,2018,11,8,Post-Monsoon,16.66,18.73,25.47,12.62,-2.0700000000000003,12.85,12.68,57.78,0.95
2018-11-09,2018,11,9,Post-Monsoon,16.69,18.73,25.42,12.13,-2.039999999999999,13.290000000000001,11.53,61.15,1.03
2018-11-10,2018,11,10,Post-Monsoon,17.15,19.21,25.52,12.72,-2.0600000000000023,12.799999999999999,12.03,63.27,0.86
2018-11-11,2018,11,11,Post-Monsoon,17.93,20.17,26.53,13.52,-2.240000000000002,13.010000000000002,12.2,62.3,0.87
2018-11-12,2018,11,12,Post-Monsoon,17.59,19.45,25.84,12.9,-1.8599999999999994,12.94,12.64,67.04,1.29
2018-11-13,2018,11,13,Post-Monsoon,18.59,20.82,27.41,13.78,-2.2300000000000004,13.63,13.76,61.46,1.11
2018-11-14,2018,11,14,Post-Monsoon,19.84,22.05,29.13,15.49,-2.210000000000001,13.639999999999999,12.95,58.88,0.82
2018-11-15,2018,11,15,Post-Monsoon,20.58,21.9,28.86,16.62,-1.3200000000000003,12.239999999999998,13.19,64.55,0.95
2018-11-16,2018,11,16,Post-Monsoon,18.68,19.25,26.95,14.37,-0.5700000000000003,12.58,13.99,68.88,2.11
2018-11-17,2018,11,17,Post-Monsoon,17.33,18.13,27.04,11.37,-0.8000000000000007,15.67,14.17,63.67,1.87
2018-11-18,2018,11,18,Post-Monsoon,17.42,19.55,26.45,13.66,-2.129999999999999,12.79,13.15,55.96,0.89
2018-11-19,2018,11,19,Post-Monsoon,17.88,19.87,26.96,12.69,-1.990000000000002,14.270000000000001,12.89,57.73,1.21
2018-11-20,2018,11,20,Post-Monsoon,18.81,21.56,28.3,15.64,-2.75,12.66,12.96,53.86,0.9
2018-11-21,2018,11,21,Post-Monsoon,18.31,20.61,27.84,14.89,-2.3000000000000007,12.95,13.41,55.31,1.12
2018-11-22,2018,11,22,Post-Monsoon,17.24,20.17,26.13,15.36,-2.9300000000000033,10.77,13.2,50.85,0.8
2018-11-23,2018,11,23,Post-Monsoon,17.36,18.89,26.96,13.44,-1.5300000000000011,13.520000000000001,13.05,56.6,1.72
2018-11-24,2018,11,24,Post-Monsoon,16.62,18.02,26.64,10.62,-1.3999999999999986,16.020000000000003,14.98,56.92,2.04
2018-11-25,2018,11,25,Post-Monsoon,16.74,18.92,26.4,11.8,-2.1800000000000033,14.599999999999998,14.54,52.61,1.04
2018-11-26,2018,11,26,Post-Monsoon,17.09,19.59,25.92,13.45,-2.5,12.470000000000002,12.4,54.7,0.63
2018-11-27,2018,11,27,Post-Monsoon,17.04,18.92,24.84,12.57,-1.8800000000000026,12.27,10.11,59.12,1.08
2018-11-28,2018,11,28,Post-Monsoon,18.89,19.92,26.67,14.04,-1.0300000000000011,12.630000000000003,10.66,62.63,1.06
2018-11-29,2018,11,29,Post-Monsoon,19.17,20.07,26.8,13.79,-0.8999999999999986,13.010000000000002,10.8,66.04,0.86
2018-11-30,2018,11,30,Post-Monsoon,17.71,19.11,25.59,13.66,-1.3999999999999986,11.93,10.78,64.25,1.38
2018-12-01,2018,12,1,Winter,16.6,18.64,26.23,11.24,-2.039999999999999,14.99,11.67,53.37,1.3
2018-12-02,2018,12,2,Winter,16.04,18.54,25.46,12.64,-2.5,12.82,12.16,48.8,1.02
2018-12-03,2018,12,3,Winter,16.03,18.19,24.95,11.4,-2.16,13.549999999999999,12.12,50.51,1.02
2018-12-04,2018,12,4,Winter,16.27,18.76,25.44,12.31,-2.490000000000002,13.13,11.15,49.35,0.92
2018-12-05,2018,12,5,Winter,16.49,18.74,25.44,13.21,-2.25,12.23,10.93,48.53,1.14
2018-12-06,2018,12,6,Winter,15.32,17.43,24.46,12.82,-2.1099999999999994,11.64,11.98,51.0,1.0
2018-12-07,2018,12,7,Winter,14.77,16.5,24.29,10.3,-1.7300000000000004,13.989999999999998,11.76,55.19,1.48
2018-12-08,2018,12,8,Winter,14.51,16.42,23.56,9.66,-1.910000000000002,13.899999999999999,12.2,53.94,1.05
2018-12-09,2018,12,9,Winter,14.23,17.23,23.75,9.94,-3.0,13.81,11.81,48.02,0.88
2018-12-10,2018,12,10,Winter,14.15,16.85,23.19,10.3,-2.700000000000001,12.89,10.86,48.02,1.03
2018-12-11,2018,12,11,Winter,14.8,17.1,23.6,10.69,-2.3000000000000007,12.910000000000002,10.03,48.43,0.91
2018-12-12,2018,12,12,Winter,15.71,16.78,24.33,12.0,-1.0700000000000003,12.329999999999998,7.59,55.24,1.27
2018-12-13,2018,12,13,Winter,16.21,16.29,23.52,11.43,-0.0799999999999983,12.09,9.32,69.53,1.44
2018-12-14,2018,12,14,Winter,15.52,15.66,23.51,10.16,-0.14000000000000057,13.350000000000001,10.97,67.94,1.69
2018-12-15,2018,12,15,Winter,14.01,14.96,22.99,7.77,-0.9500000000000011,15.219999999999999,13.35,54.31,1.55
2018-12-16,2018,12,16,Winter,13.08,15.31,22.41,8.58,-2.2300000000000004,13.83,13.28,44.61,0.95
2018-12-17,2018,12,17,Winter,13.79,15.73,23.26,9.17,-1.9400000000000013,14.090000000000002,12.11,43.76,1.01
2018-12-18,2018,12,18,Winter,14.03,15.36,23.39,9.65,-1.33,13.74,12.61,48.27,1.26
2018-12-19,2018,12,19,Winter,12.26,13.56,21.9,6.64,-1.3000000000000007,15.259999999999998,13.24,48.76,1.47
2018-12-20,2018,12,20,Winter,11.84,13.39,22.55,6.96,-1.5500000000000007,15.59,11.81,48.58,1.38
2018-12-21,2018,12,21,Winter,11.15,13.13,22.1,5.37,-1.9800000000000004,16.73,12.26,47.2,1.49
2018-12-22,2018,12,22,Winter,11.09,13.31,21.78,5.84,-2.2200000000000006,15.940000000000001,12.01,44.24,0.98
2018-12-23,2018,12,23,Winter,11.02,14.06,21.82,7.53,-3.040000000000001,14.29,11.02,41.64,0.79
2018-12-24,2018,12,24,Winter,11.9,13.89,22.47,7.13,-1.9900000000000002,15.34,12.06,45.98,1.39
2018-12-25,2018,12,25,Winter,11.56,12.24,21.89,5.79,-0.6799999999999997,16.1,12.24,50.35,1.88
2018-12-26,2018,12,26,Winter,11.28,12.28,21.46,4.46,-1.0,17.0,11.5,46.01,1.51
2018-12-27,2018,12,27,Winter,11.5,12.85,22.1,6.22,-1.3499999999999996,15.880000000000003,12.54,43.11,1.68
2018-12-28,2018,12,28,Winter,10.05,10.45,19.82,3.69,-0.3999999999999986,16.13,12.64,51.57,1.84
2018-12-29,2018,12,29,Winter,9.1,10.94,19.79,2.69,-1.8399999999999999,17.099999999999998,12.86,44.27,1.55
2018-12-30,2018,12,30,Winter,9.27,12.31,20.14,5.05,-3.040000000000001,15.09,11.23,40.96,1.15
2018-12-31,2018,12,31,Winter,10.17,12.63,21.19,4.44,-2.460000000000001,16.75,11.66,44.5,1.42
2019-01-01,2019,1,1,Winter,10.84,13.57,21.81,5.42,-2.7300000000000004,16.39,13.34,42.28,1.1
2019-01-02,2019,1,2,Winter,11.7,13.85,22.17,7.32,-2.1500000000000004,14.850000000000001,11.63,44.21,1.03
2019-01-03,2019,1,3,Winter,11.63,13.6,22.57,6.13,-1.9699999999999989,16.44,11.08,50.45,1.59
2019-01-04,2019,1,4,Winter,12.91,14.31,22.95,5.89,-1.4000000000000004,17.06,11.81,49.46,1.41
2019-01-05,2019,1,5,Winter,13.36,14.03,22.41,8.65,-0.6699999999999999,13.76,9.34,50.92,1.71
2019-01-06,2019,1,6,Winter,13.34,14.46,22.92,7.5,-1.120000000000001,15.420000000000002,8.73,52.58,2.06
2019-01-07,2019,1,7,Winter,13.21,14.75,22.36,9.92,-1.5399999999999991,12.44,9.32,56.68,0.92
2019-01-08,2019,1,8,Winter,13.62,13.73,22.66,7.2,-0.11000000000000121,15.46,12.44,60.36,2.03
2019-01-09,2019,1,9,Winter,12.83,13.08,22.73,6.3,-0.25,16.43,13.2,52.9,1.98
2019-01-10,2019,1,10,Winter,12.65,14.21,22.35,5.97,-1.5600000000000005,16.380000000000003,13.23,50.8,1.36
2019-01-11,2019,1,11,Winter,13.02,15.07,21.5,9.54,-2.0500000000000007,11.96,11.81,45.09,0.81
2019-01-12,2019,1,12,Winter,12.49,14.95,21.35,10.04,-2.459999999999999,11.310000000000002,10.89,45.88,0.92
2019-01-13,2019,1,13,Winter,13.72,14.53,23.42,8.15,-0.8099999999999987,15.270000000000001,9.01,54.13,1.27
2019-01-14,2019,1,14,Winter,13.05,13.27,22.71,7.34,-0.21999999999999886,15.370000000000001,13.11,52.29,2.61
2019-01-15,2019,1,15,Winter,11.07,11.53,22.37,4.02,-0.4599999999999991,18.35,13.8,39.83,2.21
2019-01-16,2019,1,16,Winter,11.93,13.45,22.51,4.82,-1.5199999999999996,17.69,13.53,34.62,0.99
2019-01-17,2019,1,17,Winter,12.07,14.04,22.98,7.1,-1.9699999999999989,15.88,13.3,35.56,1.42
2019-01-18,2019,1,18,Winter,12.36,13.19,23.64,5.44,-0.8300000000000001,18.2,13.38,43.79,1.63
2019-01-19,2019,1,19,Winter,13.58,15.04,24.63,7.35,-1.459999999999999,17.28,13.25,41.62,1.39
2019-01-20,2019,1,20,Winter,15.26,18.0,26.9,8.42,-2.74,18.479999999999997,13.84,36.27,1.33
2019-01-21,2019,1,21,Winter,16.68,17.48,27.85,9.61,-0.8000000000000007,18.240000000000002,13.75,42.52,2.22
2019-01-22,2019,1,22,Winter,15.47,16.06,22.06,10.87,-0.5899999999999981,11.19,10.02,49.54,1.91
2019-01-23,2019,1,23,Winter,16.05,16.26,22.01,12.34,-0.21000000000000085,9.670000000000002,8.96,70.49,2.1
2019-01-24,2019,1,24,Winter,16.23,16.96,24.12,9.88,-0.7300000000000004,14.24,9.81,69.67,1.23
2019-01-25,2019,1,25,Winter,14.82,15.41,20.8,11.37,-0.5899999999999999,9.430000000000001,5.93,77.61,1.11
2019-01-26,2019,1,26,Winter,14.58,14.17,22.14,8.49,0.41000000000000014,13.65,5.24,65.95,1.52
2019-01-27,2019,1,27,Winter,12.81,12.54,21.32,6.13,0.27000000000000135,15.190000000000001,13.51,47.27,1.93
2019-01-28,2019,1,28,Winter,11.22,11.1,20.23,3.92,0.120000000000001,16.310000000000002,16.45,49.49,2.24
2019-01-29,2019,1,29,Winter,10.99,11.62,21.38,3.31,-0.629999999999999,18.07,17.49,44.44,2.2
2019-01-30,2019,1,30,Winter,12.83,14.47,23.45,4.26,-1.6400000000000006,19.189999999999998,16.48,34.85,1.3
2019-01-31,2019,1,31,Winter,14.74,16.2,24.01,10.08,-1.459999999999999,13.930000000000001,14.17,33.71,1.43
2019-02-01,2019,2,1,Winter,15.63,16.65,25.75,8.22,-1.0199999999999978,17.53,15.03,37.97,1.44
2019-02-02,2019,2,2,Winter,15.62,16.41,25.62,9.27,-0.7900000000000009,16.35,14.9,42.41,1.48
2019-02-03,2019,2,3,Winter,14.79,14.93,24.09,7.85,-0.14000000000000057,16.240000000000002,10.96,51.61,1.83
2019-02-04,2019,2,4,Winter,15.45,16.49,25.84,8.77,-1.0399999999999991,17.07,11.14,45.91,1.76
2019-02-05,2019,2,5,Winter,17.71,18.8,27.35,11.58,-1.0899999999999999,15.770000000000001,9.51,44.44,1.13
2019-02-06,2019,2,6,Winter,20.79,20.84,28.22,16.68,-0.05000000000000071,11.54,8.39,52.32,1.44
2019-02-07,2019,2,7,Winter,18.52,19.05,25.44,15.31,-0.5300000000000011,10.13,5.77,67.01,2.8
2019-02-08,2019,2,8,Winter,16.18,15.96,25.1,8.7,0.21999999999999886,16.400000000000002,14.08,40.17,1.8
2019-02-09,2019,2,9,Winter,13.47,13.45,21.95,6.22,0.02000000000000135,15.73,17.19,46.98,2.22
2019-02-10,2019,2,10,Winter,14.09,14.05,23.82,5.93,0.03999999999999915,17.89,16.64,46.8,1.56
2019-02-11,2019,2,11,Winter,15.36,16.18,24.48,8.3,-0.8200000000000003,16.18,15.04,36.6,1.03
2019-02-12,2019,2,12,Winter,16.27,17.86,25.56,10.14,-1.5899999999999999,15.419999999999998,15.64,33.71,0.81
2019-02-13,2019,2,13,Winter,17.6,19.06,26.66,11.73,-1.4599999999999973,14.93,15.98,37.52,1.11
2019-02-14,2019,2,14,Winter,17.77,18.13,27.94,13.02,-0.35999999999999943,14.920000000000002,8.01,53.94,2.21
2019-02-15,2019,2,15,Winter,17.58,17.56,22.84,13.52,0.019999999999999574,9.32,12.72,78.67,2.36
2019-02-16,2019,2,16,Winter,17.6,17.47,25.3,12.58,0.13000000000000256,12.72,10.2,68.94,1.63
2019-02-17,2019,2,17,Winter,16.96,16.61,25.42,10.55,0.3500000000000014,14.870000000000001,16.28,55.38,2.44
2019-02-18,2019,2,18,Winter,17.76,18.77,27.47,11.59,-1.009999999999998,15.879999999999999,18.01,38.37,1.89
2019-02-19,2019,2,19,Winter,20.26,20.4,29.41,13.6,-0.13999999999999702,15.81,16.33,41.52,1.37
2019-02-20,2019,2,20,Winter,20.03,20.83,28.11,14.65,-0.7999999999999972,13.459999999999999,10.13,47.61,1.29
2019-02-21,2019,2,21,Winter,23.03,22.8,31.78,14.41,0.23000000000000043,17.37,16.11,46.34,1.53
2019-02-22,2019,2,22,Winter,24.76,24.07,32.64,17.34,0.6900000000000013,15.3,17.48,47.72,1.72
2019-02-23,2019,2,23,Winter,20.6,20.17,28.0,14.02,0.4299999999999997,13.98,18.74,39.41,3.14
2019-02-24,2019,2,24,Winter,16.73,17.28,23.24,10.25,-0.5500000000000007,12.989999999999998,11.75,40.84,1.89
2019-02-25,2019,2,25,Winter,20.02,20.82,29.06,13.18,-0.8000000000000007,15.879999999999999,19.45,36.14,0.95
2019-02-26,2019,2,26,Winter,19.9,20.09,28.75,11.58,-0.19000000000000128,17.17,13.34,37.89,1.81
2019-02-27,2019,2,27,Winter,18.42,17.82,25.22,12.61,0.6000000000000014,12.61,11.59,57.21,2.4
2019-02-28,2019,2,28,Winter,16.42,15.93,24.93,9.23,0.490000000000002,15.7,21.51,48.73,2.22
2019-03-01,2019,3,1,Summer,15.95,16.71,25.42,8.41,-0.7600000000000016,17.01,21.12,35.46,1.78
2019-03-02,2019,3,2,Summer,18.24,18.89,26.39,12.81,-0.6500000000000021,13.58,12.73,31.93,1.49
2019-03-03,2019,3,3,Summer,17.95,17.88,24.11,12.16,0.07000000000000028,11.95,13.09,67.28,1.53
2019-03-04,2019,3,4,Summer,20.54,20.11,28.3,12.71,0.4299999999999997,15.59,16.7,58.14,1.41
2019-03-05,2019,3,5,Summer,20.71,20.05,28.52,14.07,0.6600000000000001,14.45,17.83,50.03,2.22
2019-03-06,2019,3,6,Summer,18.55,18.38,27.43,10.25,0.1700000000000017,17.18,22.09,40.0,2.34
2019-03-07,2019,3,7,Summer,19.27,19.55,29.08,10.89,-0.28000000000000114,18.189999999999998,21.36,37.06,1.88
2019-03-08,2019,3,8,Summer,20.51,20.6,30.76,11.69,-0.08999999999999986,19.07,22.02,34.4,1.9
2019-03-09,2019,3,9,Summer,23.07,22.58,31.86,14.51,0.490000000000002,17.35,19.15,40.58,1.64
2019-03-10,2019,3,10,Summer,23.0,22.25,31.01,14.55,0.75,16.46,21.48,41.6,1.85
2019-03-11,2019,3,11,Summer,23.99,23.33,32.32,14.12,0.6600000000000001,18.200000000000003,19.86,37.83,1.55
2019-03-12,2019,3,12,Summer,24.89,24.17,33.75,16.46,0.7199999999999989,17.29,20.54,37.34,1.79
2019-03-13,2019,3,13,Summer,24.66,23.86,33.18,15.63,0.8000000000000007,17.549999999999997,21.18,36.67,2.04
2019-03-14,2019,3,14,Summer,23.93,23.79,31.3,16.14,0.14000000000000057,15.16,16.53,37.06,1.59
2019-03-15,2019,3,15,Summer,23.49,22.91,31.51,15.33,0.5799999999999983,16.18,18.39,41.8,2.12
2019-03-16,2019,3,16,Summer,21.62,21.07,30.11,13.01,0.5500000000000007,17.1,23.19,34.28,2.27
2019-03-17,2019,3,17,Summer,23.11,22.62,32.0,13.24,0.48999999999999844,18.759999999999998,16.04,32.5,1.56
2019-03-18,2019,3,18,Summer,23.27,23.18,31.83,16.62,0.08999999999999986,15.209999999999997,22.02,34.3,1.51
2019-03-19,2019,3,19,Summer,23.3,23.41,32.97,14.03,-0.10999999999999943,18.939999999999998,23.22,30.6,2.24
2019-03-20,2019,3,20,Summer,25.88,25.95,35.24,17.14,-0.07000000000000028,18.1,22.55,29.31,1.49
2019-03-21,2019,3,21,Summer,27.41,27.33,35.4,18.48,0.08000000000000185,16.919999999999998,21.51,33.14,1.84
2019-03-22,2019,3,22,Summer,26.1,25.55,34.94,17.44,0.5500000000000007,17.499999999999996,22.59,32.71,2.44
2019-03-23,2019,3,23,Summer,24.34,23.96,34.73,14.53,0.379999999999999,20.199999999999996,24.56,26.6,3.01
2019-03-24,2019,3,24,Summer,26.12,26.25,36.43,15.97,-0.129999999999999,20.46,24.01,31.21,2.77
2019-03-25,2019,3,25,Summer,27.81,27.49,37.14,19.64,0.3200000000000003,17.5,21.31,31.99,1.77
2019-03-26,2019,3,26,Summer,27.1,26.43,35.07,20.59,0.6700000000000017,14.48,23.37,34.33,2.17
2019-03-27,2019,3,27,Summer,26.5,26.0,35.36,16.46,0.5,18.9,23.65,29.1,1.84
2019-03-28,2019,3,28,Summer,27.85,27.77,36.24,18.54,0.08000000000000185,17.700000000000003,22.87,26.39,1.66
2019-03-29,2019,3,29,Summer,29.55,30.45,38.95,20.57,-0.8999999999999986,18.380000000000003,22.9,24.47,1.55
2019-03-30,2019,3,30,Summer,31.8,32.05,40.88,24.09,-0.24999999999999645,16.790000000000003,23.67,24.38,1.28
2019-03-31,2019,3,31,Summer,32.47,31.23,40.71,22.11,1.2399999999999984,18.6,22.69,25.58,1.95
2019-04-01,2019,4,1,Summer,29.25,28.38,38.67,18.29,0.870000000000001,20.380000000000003,24.69,15.71,2.5
2019-04-02,2019,4,2,Summer,28.83,28.75,39.26,21.14,0.0799999999999983,18.119999999999997,26.15,17.23,1.93
2019-04-03,2019,4,3,Summer,29.93,30.04,40.04,20.0,-0.10999999999999943,20.04,24.41,17.45,1.64
2019-04-04,2019,4,4,Summer,31.92,30.75,40.91,19.96,1.1700000000000017,20.949999999999996,24.8,19.17,1.64
2019-04-05,2019,4,5,Summer,33.28,31.97,41.65,22.24,1.3100000000000023,19.41,23.82,21.19,1.8
2019-04-06,2019,4,6,Summer,34.19,32.72,42.0,24.27,1.4699999999999989,17.73,21.99,21.58,1.92
2019-04-07,2019,4,7,Summer,33.38,32.0,40.32,24.38,1.3800000000000026,15.940000000000001,22.41,26.86,3.13
2019-04-08,2019,4,8,Summer,32.67,30.9,38.9,22.92,1.7700000000000031,15.979999999999997,22.28,30.67,1.66
2019-04-09,2019,4,9,Summer,33.63,32.24,41.96,23.15,1.3900000000000006,18.810000000000002,23.48,22.42,2.02
2019-04-10,2019,4,10,Summer,33.92,32.15,41.25,23.83,1.7700000000000031,17.42,24.4,20.84,1.76
2019-04-11,2019,4,11,Summer,34.49,33.25,42.33,23.76,1.240000000000002,18.569999999999997,23.34,18.41,1.78
2019-04-12,2019,4,12,Summer,35.51,33.75,42.94,24.45,1.759999999999998,18.49,23.2,21.2,1.72
2019-04-13,2019,4,13,Summer,35.74,34.1,43.21,25.68,1.6400000000000006,17.53,24.11,22.15,1.87
2019-04-14,2019,4,14,Summer,36.17,34.59,43.87,25.73,1.5799999999999983,18.139999999999997,24.82,20.77,2.36
2019-04-15,2019,4,15,Summer,36.65,35.22,44.06,26.15,1.4299999999999997,17.910000000000004,24.83,20.21,2.5
2019-04-16,2019,4,16,Summer,32.29,31.09,37.89,26.12,1.1999999999999993,11.77,10.98,36.13,3.67
2019-04-17,2019,4,17,Summer,28.74,27.43,33.09,22.74,1.3099999999999987,10.350000000000005,15.29,46.63,2.41
2019-04-18,2019,4,18,Summer,30.85,28.06,35.47,21.03,2.7900000000000027,14.439999999999998,23.76,44.87,2.08
2019-04-19,2019,4,19,Summer,31.54,29.49,36.76,22.44,2.0500000000000007,14.319999999999997,24.37,33.41,2.04
2019-04-20,2019,4,20,Summer,32.3,30.4,37.74,24.28,1.8999999999999986,13.46,24.95,29.18,1.54
2019-04-21,2019,4,21,Summer,33.14,31.86,39.03,25.72,1.2800000000000011,13.310000000000002,25.16,24.34,1.31
2019-04-22,2019,4,22,Summer,34.77,33.01,40.97,25.54,1.7600000000000051,15.43,23.47,22.08,1.76
2019-04-23,2019,4,23,Summer,35.51,32.73,40.95,24.32,2.780000000000001,16.630000000000003,25.0,25.75,1.92
2019-04-24,2019,4,24,Summer,36.25,33.94,41.87,25.3,2.3100000000000023,16.569999999999997,23.51,28.59,1.62
2019-04-25,2019,4,25,Summer,37.6,35.97,44.0,28.1,1.6300000000000026,15.899999999999999,23.13,23.5,1.75
2019-04-26,2019,4,26,Summer,38.39,37.04,45.23,29.42,1.3500000000000014,15.809999999999995,24.31,18.08,2.15
2019-04-27,2019,4,27,Summer,36.83,35.63,44.66,26.93,1.1999999999999957,17.729999999999997,26.3,14.78,3.59
2019-04-28,2019,4,28,Summer,36.65,35.57,45.04,26.56,1.0799999999999983,18.48,27.12,14.86,3.46
2019-04-29,2019,4,29,Summer,36.96,35.91,45.32,26.19,1.0500000000000043,19.13,26.47,13.1,2.39
2019-04-30,2019,4,30,Summer,37.81,37.09,46.09,27.26,0.7199999999999989,18.830000000000002,26.17,13.04,1.69
2019-05-01,2019,5,1,Summer,37.56,36.52,45.82,26.67,1.0399999999999991,19.15,26.57,12.65,1.97
2019-05-02,2019,5,2,Summer,36.86,36.01,44.45,27.2,0.8500000000000014,17.250000000000004,25.17,15.56,2.42
2019-05-03,2019,5,3,Summer,37.12,34.82,41.94,27.15,2.299999999999997,14.79,23.48,26.13,2.53
2019-05-04,2019,5,4,Summer,37.4,34.22,41.77,27.8,3.1799999999999997,13.970000000000002,23.63,27.16,2.31
2019-05-05,2019,5,5,Summer,35.04,33.65,42.67,24.92,1.3900000000000006,17.75,27.64,10.65,3.38
2019-05-06,2019,5,6,Summer,35.77,34.77,44.83,25.01,1.0,19.819999999999997,27.65,9.7,3.53
2019-05-07,2019,5,7,Summer,36.47,35.59,44.96,25.39,0.8799999999999955,19.57,27.6,10.6,3.64
2019-05-08,2019,5,8,Summer,37.75,36.36,45.48,26.9,1.3900000000000006,18.58,26.42,11.61,3.37
2019-05-09,2019,5,9,Summer,38.3,36.86,45.32,28.43,1.4399999999999977,16.89,25.29,15.01,3.87
2019-05-10,2019,5,10,Summer,36.61,35.88,42.42,31.06,0.7299999999999969,11.360000000000003,24.37,16.11,3.7
2019-05-11,2019,5,11,Summer,38.71,36.69,44.43,29.61,2.020000000000003,14.82,26.06,19.33,3.56
2019-05-12,2019,5,12,Summer,37.1,35.82,43.26,27.37,1.2800000000000011,15.889999999999997,22.73,20.47,3.26
2019-05-13,2019,5,13,Summer,38.16,36.19,42.78,28.21,1.9699999999999989,14.57,23.63,19.89,1.7
2019-05-14,2019,5,14,Summer,37.26,34.92,41.29,29.03,2.3399999999999963,12.259999999999998,24.34,22.47,2.56
2019-05-15,2019,5,15,Summer,38.05,35.47,42.44,27.44,2.5799999999999983,14.999999999999996,25.87,24.07,1.98
2019-05-16,2019,5,16,Summer,38.69,36.22,43.44,29.1,2.469999999999999,14.339999999999996,25.41,22.28,1.63
2019-05-17,2019,5,17,Summer,38.72,36.29,43.19,29.22,2.4299999999999997,13.969999999999999,25.4,23.3,2.73
2019-05-18,2019,5,18,Summer,36.43,33.7,38.76,29.31,2.729999999999997,9.45,26.93,28.67,3.27
2019-05-19,2019,5,19,Summer,36.23,33.55,40.45,26.42,2.6799999999999997,14.030000000000001,26.92,29.02,2.53
2019-05-20,2019,5,20,Summer,37.18,35.42,42.92,28.32,1.759999999999998,14.600000000000001,27.29,18.25,2.16
2019-05-21,2019,5,21,Summer,38.98,36.87,44.68,28.58,2.1099999999999994,16.1,26.17,18.56,2.37
2019-05-22,2019,5,22,Summer,40.81,37.98,45.5,30.02,2.8300000000000054,15.48,24.28,17.8,1.67
2019-05-23,2019,5,23,Summer,41.03,38.35,45.26,30.43,2.6799999999999997,14.829999999999998,22.35,19.13,1.67
2019-05-24,2019,5,24,Summer,41.7,38.83,45.45,32.42,2.8700000000000045,13.030000000000001,24.0,22.93,2.87
2019-05-25,2019,5,25,Summer,38.4,36.41,42.21,30.9,1.990000000000002,11.310000000000002,26.88,24.05,4.65
2019-05-26,2019,5,26,Summer,38.02,36.02,43.57,28.14,2.0,15.43,28.07,20.96,3.36
2019-05-27,2019,5,27,Summer,39.29,37.68,45.65,30.13,1.6099999999999994,15.52,27.7,15.08,2.84
2019-05-28,2019,5,28,Summer,39.77,37.55,46.39,28.83,2.220000000000006,17.560000000000002,28.31,11.4,2.82
2019-05-29,2019,5,29,Summer,39.92,37.92,46.71,28.05,2.0,18.66,29.06,11.69,2.43
2019-05-30,2019,5,30,Summer,40.73,39.46,47.34,30.43,1.269999999999996,16.910000000000004,27.44,11.78,1.89
2019-05-31,2019,5,31,Summer,41.97,39.81,47.7,31.83,2.1599999999999966,15.870000000000005,26.26,11.45,1.47
2019-06-01,2019,6,1,Monsoon,41.28,38.96,46.62,29.67,2.3200000000000003,16.949999999999996,23.7,13.67,2.09
2019-06-02,2019,6,2,Monsoon,42.1,39.25,46.56,31.88,2.8500000000000014,14.680000000000003,24.34,21.71,3.11
2019-06-03,2019,6,3,Monsoon,41.07,37.77,44.19,31.77,3.299999999999997,12.419999999999998,24.53,28.68,3.6
2019-06-04,2019,6,4,Monsoon,41.78,38.21,44.41,30.97,3.5700000000000003,13.439999999999998,24.54,27.14,2.31
2019-06-05,2019,6,5,Monsoon,42.85,39.13,46.01,31.78,3.719999999999999,14.229999999999997,22.54,23.28,1.83
2019-06-06,2019,6,6,Monsoon,41.65,38.78,44.23,32.19,2.8699999999999974,12.04,23.03,28.33,3.59
2019-06-07,2019,6,7,Monsoon,39.7,37.07,42.85,32.68,2.6300000000000026,10.170000000000002,24.33,34.09,3.19
2019-06-08,2019,6,8,Monsoon,40.24,37.63,44.7,30.57,2.6099999999999994,14.130000000000003,25.22,26.83,2.01
2019-06-09,2019,6,9,Monsoon,41.02,39.4,46.87,29.79,1.6200000000000045,17.08,27.16,17.74,1.83
2019-06-10,2019,6,10,Monsoon,41.75,39.72,47.47,30.49,2.030000000000001,16.98,26.41,15.6,1.83
2019-06-11,2019,6,11,Monsoon,42.59,39.76,47.45,30.83,2.8300000000000054,16.620000000000005,24.56,19.12,2.1
2019-06-12,2019,6,12,Monsoon,43.39,40.41,46.45,33.97,2.980000000000004,12.480000000000004,10.73,19.79,2.06
2019-06-13,2019,6,13,Monsoon,42.57,39.2,45.2,32.61,3.3699999999999974,12.590000000000003,8.55,22.54,1.73
2019-06-14,2019,6,14,Monsoon,42.48,39.69,45.68,33.1,2.789999999999999,12.579999999999998,25.87,22.35,2.92
2019-06-15,2019,6,15,Monsoon,42.71,40.62,47.42,32.85,2.0900000000000034,14.57,25.85,17.49,4.71
2019-06-16,2019,6,16,Monsoon,42.91,40.4,46.13,36.01,2.509999999999998,10.120000000000005,22.84,26.0,6.22
2019-06-17,2019,6,17,Monsoon,40.36,37.7,43.44,32.8,2.6599999999999966,10.64,22.62,35.75,5.31
2019-06-18,2019,6,18,Monsoon,36.83,34.85,40.19,30.63,1.9799999999999969,9.559999999999999,22.65,42.96,3.75
2019-06-19,2019,6,19,Monsoon,36.34,33.63,37.35,30.14,2.710000000000001,7.210000000000001,7.34,45.36,2.12
2019-06-20,2019,6,20,Monsoon,35.76,32.57,37.23,27.34,3.1899999999999977,9.889999999999997,20.43,48.62,1.72
2019-06-21,2019,6,21,Monsoon,39.15,35.56,40.52,29.37,3.5899999999999963,11.150000000000002,19.84,40.11,0.79
2019-06-22,2019,6,22,Monsoon,38.01,35.66,39.31,31.66,2.3500000000000014,7.650000000000002,18.33,42.59,3.01
2019-06-23,2019,6,23,Monsoon,36.1,33.04,37.27,29.26,3.0600000000000023,8.010000000000002,19.27,54.11,2.68
2019-06-24,2019,6,24,Monsoon,36.85,34.72,38.99,30.06,2.1300000000000026,8.930000000000003,18.28,53.81,2.56
2019-06-25,2019,6,25,Monsoon,38.39,36.47,41.0,32.21,1.9200000000000017,8.79,20.04,47.58,1.34
2019-06-26,2019,6,26,Monsoon,37.68,36.6,41.4,31.81,1.0799999999999983,9.59,19.58,47.68,2.48
2019-06-27,2019,6,27,Monsoon,39.68,37.7,44.41,31.8,1.9799999999999969,12.609999999999996,23.75,36.09,2.96
2019-06-28,2019,6,28,Monsoon,39.87,37.82,44.56,31.22,2.049999999999997,13.340000000000003,25.13,36.27,2.95
2019-06-29,2019,6,29,Monsoon,40.2,38.03,44.44,31.92,2.1700000000000017,12.519999999999996,23.85,36.8,2.97
2019-06-30,2019,6,30,Monsoon,39.32,37.17,42.3,31.99,2.1499999999999986,10.309999999999999,18.63,41.97,1.82
2019-07-01,2019,7,1,Monsoon,35.68,33.68,37.45,30.62,2.0,6.830000000000002,19.15,53.53,1.23
2019-07-02,2019,7,2,Monsoon,35.49,34.63,39.07,31.22,0.8599999999999994,7.850000000000001,13.68,54.52,1.85
2019-07-03,2019,7,3,Monsoon,35.36,34.38,39.28,29.47,0.9799999999999969,9.810000000000002,18.58,54.46,3.69
2019-07-04,2019,7,4,Monsoon,38.54,36.1,41.29,31.06,2.4399999999999977,10.23,22.76,47.95,2.48
2019-07-05,2019,7,5,Monsoon,36.45,35.33,38.95,31.95,1.1200000000000045,7.0000000000000036,21.3,54.62,1.65
2019-07-06,2019,7,6,Monsoon,31.69,31.66,34.24,29.45,0.030000000000001137,4.790000000000003,10.43,76.2,1.42
2019-07-07,2019,7,7,Monsoon,32.23,31.22,35.63,28.39,1.009999999999998,7.240000000000002,13.46,74.73,1.51
2019-07-08,2019,7,8,Monsoon,31.8,31.14,34.42,27.33,0.6600000000000001,7.090000000000003,15.68,76.7,0.86
2019-07-09,2019,7,9,Monsoon,28.6,28.72,30.67,27.31,-0.11999999999999744,3.360000000000003,8.18,88.23,3.2
2019-07-10,2019,7,10,Monsoon,27.98,28.0,29.72,26.51,-0.019999999999999574,3.2099999999999973,7.5,89.06,2.97
2019-07-11,2019,7,11,Monsoon,28.0,28.55,31.26,26.28,-0.5500000000000007,4.98,12.02,87.64,3.85
2019-07-12,2019,7,12,Monsoon,29.74,30.04,34.21,26.58,-0.3000000000000007,7.630000000000003,16.47,79.56,4.14
2019-07-13,2019,7,13,Monsoon,29.77,30.3,35.22,26.13,-0.5300000000000011,9.09,16.98,75.47,4.83
2019-07-14,2019,7,14,Monsoon,30.45,30.74,36.9,25.95,-0.28999999999999915,10.95,20.82,73.14,3.87
2019-07-15,2019,7,15,Monsoon,29.81,30.0,34.51,25.6,-0.19000000000000128,8.909999999999997,20.18,78.48,3.1
2019-07-16,2019,7,16,Monsoon,30.54,30.43,34.15,26.31,0.10999999999999943,7.84,18.11,75.89,1.73
2019-07-17,2019,7,17,Monsoon,31.72,31.52,34.75,27.49,0.1999999999999993,7.260000000000002,22.36,70.39,0.94
2019-07-18,2019,7,18,Monsoon,29.67,29.71,32.18,27.47,-0.03999999999999915,4.710000000000001,22.43,79.32,1.08
2019-07-19,2019,7,19,Monsoon,31.42,31.14,35.15,26.64,0.28000000000000114,8.509999999999998,15.58,74.44,1.08
2019-07-20,2019,7,20,Monsoon,31.26,30.95,35.21,26.75,0.3100000000000023,8.46,20.8,75.29,1.4
2019-07-21,2019,7,21,Monsoon,30.95,30.69,34.49,27.11,0.259999999999998,7.380000000000003,17.18,78.74,1.37
2019-07-22,2019,7,22,Monsoon,31.52,31.53,34.79,27.31,-0.010000000000001563,7.48,20.2,75.44,1.18
2019-07-23,2019,7,23,Monsoon,30.32,30.63,33.76,28.13,-0.3099999999999987,5.629999999999999,16.83,80.63,2.16
2019-07-24,2019,7,24,Monsoon,29.17,29.55,32.49,27.6,-0.379999999999999,4.890000000000001,9.04,87.23,2.63
2019-07-25,2019,7,25,Monsoon,28.67,28.58,30.97,26.51,0.09000000000000341,4.459999999999997,11.93,87.56,1.31
2019-07-26,2019,7,26,Monsoon,28.36,28.18,31.39,26.04,0.17999999999999972,5.350000000000001,13.39,87.46,1.59
2019-07-27,2019,7,27,Monsoon,28.43,28.33,31.91,25.42,0.10000000000000142,6.489999999999998,13.2,84.95,2.44
2019-07-28,2019,7,28,Monsoon,28.86,28.85,32.43,26.24,0.00999999999999801,6.190000000000001,14.31,87.7,3.29
2019-07-29,2019,7,29,Monsoon,29.67,29.53,33.08,26.88,0.14000000000000057,6.199999999999999,19.53,84.52,3.96
2019-07-30,2019,7,30,Monsoon,28.74,28.78,33.14,26.54,-0.0400000000000027,6.600000000000001,17.31,87.14,3.36
2019-07-31,2019,7,31,Monsoon,29.41,29.03,33.13,25.82,0.379999999999999,7.310000000000002,17.48,84.13,2.09
2019-08-01,2019,8,1,Monsoon,29.32,29.03,32.36,26.09,0.28999999999999915,6.27,18.62,83.81,2.33
2019-08-02,2019,8,2,Monsoon,29.77,29.41,33.24,26.31,0.35999999999999943,6.930000000000003,17.77,84.23,1.4
2019-08-03,2019,8,3,Monsoon,30.16,29.82,33.17,26.62,0.33999999999999986,6.550000000000001,17.38,84.18,1.75
2019-08-04,2019,8,4,Monsoon,30.99,31.03,34.32,26.77,-0.0400000000000027,7.550000000000001,18.39,78.61,1.38
2019-08-05,2019,8,5,Monsoon,30.48,30.43,33.78,27.67,0.05000000000000071,6.109999999999999,11.29,82.4,1.57
2019-08-06,2019,8,6,Monsoon,29.88,29.67,32.9,26.99,0.2099999999999973,5.91,15.19,86.08,1.23
2019-08-07,2019,8,7,Monsoon,28.75,28.89,31.52,26.75,-0.14000000000000057,4.77,16.85,88.93,2.11
2019-08-08,2019,8,8,Monsoon,28.78,28.82,32.38,26.34,-0.03999999999999915,6.040000000000003,17.29,85.73,4.99
2019-08-09,2019,8,9,Monsoon,28.62,28.72,32.34,26.04,-0.09999999999999787,6.300000000000004,14.73,83.25,5.64
2019-08-10,2019,8,10,Monsoon,29.08,28.74,32.52,24.58,0.33999999999999986,7.940000000000005,20.95,80.7,1.83
2019-08-11,2019,8,11,Monsoon,29.53,29.34,33.03,26.06,0.19000000000000128,6.970000000000002,15.51,82.79,1.52
2019-08-12,2019,8,12,Monsoon,29.48,29.32,33.07,25.52,0.16000000000000014,7.550000000000001,20.59,82.94,1.96
2019-08-13,2019,8,13,Monsoon,29.52,29.5,32.89,27.01,0.019999999999999574,5.879999999999999,14.74,84.92,1.1
2019-08-14,2019,8,14,Monsoon,28.37,28.45,30.67,26.34,-0.0799999999999983,4.330000000000002,17.19,88.7,3.32
2019-08-15,2019,8,15,Monsoon,28.35,28.33,31.56,25.54,0.020000000000003126,6.02,14.7,86.85,4.83
2019-08-16,2019,8,16,Monsoon,27.52,27.52,31.74,24.66,0.0,7.079999999999998,16.82,86.66,3.77
2019-08-17,2019,8,17,Monsoon,27.27,27.45,30.18,25.24,-0.17999999999999972,4.940000000000001,20.04,89.35,2.66
2019-08-18,2019,8,18,Monsoon,29.27,28.97,32.4,25.38,0.3000000000000007,7.02,22.01,83.5,1.28
2019-08-19,2019,8,19,Monsoon,29.93,29.51,32.92,25.77,0.41999999999999815,7.150000000000002,13.47,80.79,0.63
2019-08-20,2019,8,20,Monsoon,29.13,29.15,31.72,26.6,-0.019999999999999574,5.119999999999997,14.46,83.46,0.85
2019-08-21,2019,8,21,Monsoon,28.89,28.87,32.26,25.98,0.019999999999999574,6.279999999999998,4.51,84.35,0.91
2019-08-22,2019,8,22,Monsoon,27.32,27.33,30.04,25.51,-0.00999999999999801,4.529999999999998,8.95,90.64,1.55
2019-08-23,2019,8,23,Monsoon,28.75,28.62,32.49,25.21,0.129999999999999,7.280000000000001,16.51,84.63,0.82
2019-08-24,2019,8,24,Monsoon,27.93,28.1,30.84,26.01,-0.1700000000000017,4.829999999999998,14.06,88.65,1.53
2019-08-25,2019,8,25,Monsoon,27.23,27.35,29.67,25.44,-0.120000000000001,4.23,17.94,90.67,2.22
2019-08-26,2019,8,26,Monsoon,28.58,28.68,31.83,25.7,-0.10000000000000142,6.129999999999999,19.53,84.72,2.32
2019-08-27,2019,8,27,Monsoon,28.96,29.01,32.76,25.5,-0.05000000000000071,7.259999999999998,21.76,83.93,2.08
2019-08-28,2019,8,28,Monsoon,29.15,29.03,32.84,25.68,0.11999999999999744,7.160000000000004,21.13,85.82,2.26
2019-08-29,2019,8,29,Monsoon,28.71,28.8,31.95,26.28,-0.08999999999999986,5.669999999999998,18.01,87.28,1.75
2019-08-30,2019,8,30,Monsoon,29.54,29.54,32.99,25.52,0.0,7.470000000000002,19.26,80.23,1.06
2019-08-31,2019,8,31,Monsoon,30.07,30.22,33.95,27.1,-0.14999999999999858,6.850000000000001,18.9,78.5,1.01
2019-09-01,2019,9,1,Monsoon,28.87,29.38,31.89,26.4,-0.509999999999998,5.490000000000002,17.4,85.23,1.29
2019-09-02,2019,9,2,Monsoon,30.36,30.27,34.46,26.42,0.08999999999999986,8.04,19.4,79.31,0.7
2019-09-03,2019,9,3,Monsoon,29.76,29.61,33.41,26.51,0.15000000000000213,6.899999999999995,19.41,80.93,1.07
2019-09-04,2019,9,4,Monsoon,28.72,28.63,31.54,26.16,0.08999999999999986,5.379999999999999,19.25,87.36,1.85
2019-09-05,2019,9,5,Monsoon,29.01,28.84,32.33,26.21,0.1700000000000017,6.119999999999997,16.26,86.36,2.44
2019-09-06,2019,9,6,Monsoon,29.1,29.04,32.62,25.73,0.060000000000002274,6.889999999999997,18.49,85.47,2.0
2019-09-07,2019,9,7,Monsoon,28.04,28.04,31.89,25.2,0.0,6.690000000000001,16.88,87.55,1.95
2019-09-08,2019,9,8,Monsoon,28.0,28.0,31.45,24.8,0.0,6.649999999999999,19.1,88.41,1.99
2019-09-09,2019,9,9,Monsoon,28.85,28.7,32.23,26.35,0.15000000000000213,5.8799999999999955,16.54,87.03,2.11
2019-09-10,2019,9,10,Monsoon,29.05,29.07,32.26,25.81,-0.019999999999999574,6.449999999999999,17.64,83.69,1.31
2019-09-11,2019,9,11,Monsoon,28.79,28.94,32.06,26.42,-0.15000000000000213,5.640000000000001,15.18,87.11,1.42
2019-09-12,2019,9,12,Monsoon,28.57,28.7,31.85,26.49,-0.129999999999999,5.360000000000003,13.34,88.14,1.75
2019-09-13,2019,9,13,Monsoon,27.88,27.92,30.77,25.7,-0.0400000000000027,5.07,8.98,88.14,3.07
2019-09-14,2019,9,14,Monsoon,27.75,27.86,30.81,25.79,-0.10999999999999943,5.02,14.19,89.46,2.77
2019-09-15,2019,9,15,Monsoon,28.5,28.4,31.78,25.4,0.10000000000000142,6.380000000000003,12.48,84.99,1.74
2019-09-16,2019,9,16,Monsoon,28.62,28.74,31.87,25.58,-0.11999999999999744,6.290000000000003,13.26,84.34,1.1
2019-09-17,2019,9,17,Monsoon,27.38,27.55,29.61,26.17,-0.1700000000000017,3.4399999999999977,15.25,90.04,1.31
2019-09-18,2019,9,18,Monsoon,25.95,26.2,27.84,24.55,-0.25,3.289999999999999,7.06,95.06,2.6
2019-09-19,2019,9,19,Monsoon,26.03,26.02,29.11,23.78,0.010000000000001563,5.329999999999998,8.37,90.43,2.41
2019-09-20,2019,9,20,Monsoon,25.72,25.81,28.41,23.9,-0.08999999999999986,4.510000000000002,14.81,90.63,1.4
2019-09-21,2019,9,21,Monsoon,26.73,27.01,30.62,22.96,-0.28000000000000114,7.66,13.89,84.64,0.77
2019-09-22,2019,9,22,Monsoon,25.71,26.02,28.27,24.05,-0.3099999999999987,4.219999999999999,8.41,92.7,1.38
2019-09-23,2019,9,23,Monsoon,24.56,24.7,26.84,23.16,-0.14000000000000057,3.6799999999999997,5.68,89.03,1.62
2019-09-24,2019,9,24,Monsoon,26.31,26.3,30.31,23.01,0.00999999999999801,7.299999999999997,12.76,89.51,2.21
2019-09-25,2019,9,25,Monsoon,25.79,25.95,28.45,24.34,-0.16000000000000014,4.109999999999999,14.83,91.93,2.71
2019-09-26,2019,9,26,Monsoon,26.56,26.47,29.92,23.66,0.08999999999999986,6.260000000000002,5.87,88.9,2.89
2019-09-27,2019,9,27,Monsoon,25.51,25.62,28.35,23.84,-0.10999999999999943,4.510000000000002,8.28,92.53,2.46
2019-09-28,2019,9,28,Monsoon,25.69,25.71,28.28,24.23,-0.019999999999999574,4.050000000000001,6.31,91.79,2.0
2019-09-29,2019,9,29,Monsoon,25.29,25.06,28.45,22.67,0.23000000000000043,5.779999999999998,12.55,90.16,1.93
2019-09-30,2019,9,30,Monsoon,25.82,25.42,29.43,22.15,0.3999999999999986,7.280000000000001,12.92,87.72,1.09
2019-10-01,2019,10,1,Post-Monsoon,25.95,25.73,28.99,22.38,0.21999999999999886,6.609999999999999,14.78,86.45,0.96
2019-10-02,2019,10,2,Post-Monsoon,24.77,24.81,27.51,22.98,-0.03999999999999915,4.530000000000001,7.27,90.93,2.29
2019-10-03,2019,10,3,Post-Monsoon,24.44,24.88,27.17,22.51,-0.4399999999999977,4.66,15.75,85.1,1.34
2019-10-04,2019,10,4,Post-Monsoon,25.39,25.67,30.37,21.06,-0.28000000000000114,9.310000000000002,19.59,81.06,1.05
2019-10-05,2019,10,5,Post-Monsoon,25.17,25.4,30.28,21.14,-0.22999999999999687,9.14,18.93,80.63,1.21
2019-10-06,2019,10,6,Post-Monsoon,24.68,25.12,29.9,20.75,-0.4400000000000013,9.149999999999999,18.94,79.35,1.25
2019-10-07,2019,10,7,Post-Monsoon,24.37,24.8,29.59,20.72,-0.4299999999999997,8.870000000000001,18.8,80.93,1.29
2019-10-08,2019,10,8,Post-Monsoon,24.32,24.83,30.25,19.21,-0.509999999999998,11.04,18.61,77.78,1.27
2019-10-09,2019,10,9,Post-Monsoon,24.66,25.62,29.98,20.82,-0.9600000000000009,9.16,17.71,72.73,0.78
2019-10-10,2019,10,10,Post-Monsoon,24.46,25.2,29.78,20.77,-0.7399999999999984,9.010000000000002,18.18,74.42,0.92
2019-10-11,2019,10,11,Post-Monsoon,24.11,24.76,30.23,19.48,-0.6500000000000021,10.75,17.36,74.09,1.28
2019-10-12,2019,10,12,Post-Monsoon,24.08,24.8,30.17,19.39,-0.7200000000000024,10.780000000000001,18.72,75.67,1.44
2019-10-13,2019,10,13,Post-Monsoon,24.09,24.72,30.02,19.44,-0.629999999999999,10.579999999999998,18.27,75.72,1.17
2019-10-14,2019,10,14,Post-Monsoon,24.12,25.07,29.92,19.74,-0.9499999999999993,10.180000000000003,17.37,74.86,0.81
2019-10-15,2019,10,15,Post-Monsoon,24.38,24.73,30.04,20.06,-0.3500000000000014,9.98,16.78,78.88,1.02
2019-10-16,2019,10,16,Post-Monsoon,23.85,24.42,28.36,20.79,-0.5700000000000003,7.57,16.7,78.05,1.03
2019-10-17,2019,10,17,Post-Monsoon,23.93,24.29,28.56,20.45,-0.35999999999999943,8.11,14.89,79.69,0.93
2019-10-18,2019,10,18,Post-Monsoon,23.51,24.47,27.6,21.26,-0.9599999999999973,6.34,12.3,77.78,0.84
2019-10-19,2019,10,19,Post-Monsoon,23.01,23.6,27.1,20.94,-0.5899999999999999,6.16,8.53,82.03,0.74
2019-10-20,2019,10,20,Post-Monsoon,23.18,23.41,27.2,20.52,-0.23000000000000043,6.68,5.69,85.69,0.79
2019-10-21,2019,10,21,Post-Monsoon,22.51,22.78,28.53,19.26,-0.2699999999999996,9.27,9.88,81.9,1.92
2019-10-22,2019,10,22,Post-Monsoon,21.25,21.7,28.09,16.6,-0.4499999999999993,11.489999999999998,17.08,77.54,1.87
2019-10-23,2019,10,23,Post-Monsoon,21.08,21.82,27.45,16.53,-0.740000000000002,10.919999999999998,11.29,76.95,1.33
2019-10-24,2019,10,24,Post-Monsoon,21.03,21.56,27.62,16.89,-0.5299999999999976,10.73,16.18,79.51,1.1
2019-10-25,2019,10,25,Post-Monsoon,21.18,21.42,26.19,16.89,-0.240000000000002,9.3,14.08,86.92,1.42
2019-10-26,2019,10,26,Post-Monsoon,20.62,21.4,26.36,16.28,-0.7799999999999976,10.079999999999998,15.21,79.87,1.04
2019-10-27,2019,10,27,Post-Monsoon,21.17,21.37,26.72,16.41,-0.1999999999999993,10.309999999999999,13.7,84.78,1.33
2019-10-28,2019,10,28,Post-Monsoon,20.96,21.19,24.66,18.16,-0.23000000000000043,6.5,9.17,88.03,1.36
2019-10-29,2019,10,29,Post-Monsoon,21.62,21.99,27.48,18.07,-0.36999999999999744,9.41,11.39,83.54,0.97
2019-10-30,2019,10,30,Post-Monsoon,21.76,22.13,26.53,18.55,-0.36999999999999744,7.98,6.96,84.63,1.35
2019-10-31,2019,10,31,Post-Monsoon,22.06,22.49,27.92,18.2,-0.4299999999999997,9.720000000000002,10.92,82.46,1.31
2019-11-01,2019,11,1,Post-Monsoon,21.84,22.3,28.21,16.94,-0.46000000000000085,11.27,10.9,84.19,1.36
2019-11-02,2019,11,2,Post-Monsoon,22.47,23.18,28.57,17.76,-0.7100000000000009,10.809999999999999,12.06,79.68,1.2
2019-11-03,2019,11,3,Post-Monsoon,22.66,23.06,28.31,19.02,-0.3999999999999986,9.29,8.45,81.67,1.53
2019-11-04,2019,11,4,Post-Monsoon,22.27,22.62,27.63,18.8,-0.3500000000000014,8.829999999999998,10.05,84.92,1.94
2019-11-05,2019,11,5,Post-Monsoon,20.04,20.65,27.41,15.82,-0.6099999999999994,11.59,10.93,76.86,1.99
2019-11-06,2019,11,6,Post-Monsoon,20.06,21.08,28.0,14.65,-1.0199999999999996,13.35,8.51,69.42,1.36
2019-11-07,2019,11,7,Post-Monsoon,20.23,21.04,26.82,15.93,-0.8099999999999987,10.89,11.86,72.97,1.02
2019-11-08,2019,11,8,Post-Monsoon,20.92,22.29,27.22,17.81,-1.3699999999999974,9.41,11.07,70.77,1.01
2019-11-09,2019,11,9,Post-Monsoon,21.72,22.52,27.64,17.34,-0.8000000000000007,10.3,13.38,76.04,0.68
2019-11-10,2019,11,10,Post-Monsoon,20.66,21.46,27.71,16.78,-0.8000000000000007,10.93,14.6,73.95,1.39
2019-11-11,2019,11,11,Post-Monsoon,18.9,19.81,26.99,14.04,-0.9100000000000001,12.95,12.56,71.4,1.6
2019-11-12,2019,11,12,Post-Monsoon,19.25,20.29,26.54,14.44,-1.0399999999999991,12.1,12.19,75.69,1.36
2019-11-13,2019,11,13,Post-Monsoon,19.67,20.66,25.79,14.65,-0.9899999999999984,11.139999999999999,11.45,76.64,1.03
2019-11-14,2019,11,14,Post-Monsoon,17.94,18.98,23.0,16.32,-1.0399999999999991,6.68,10.84,82.7,0.9
2019-11-15,2019,11,15,Post-Monsoon,17.79,19.13,24.89,13.53,-1.3399999999999999,11.360000000000001,13.05,78.36,0.74
2019-11-16,2019,11,16,Post-Monsoon,18.65,19.32,25.11,15.13,-0.6700000000000017,9.979999999999999,11.55,80.02,1.23
2019-11-17,2019,11,17,Post-Monsoon,18.63,19.22,27.0,13.34,-0.5899999999999999,13.66,14.59,76.97,2.26
2019-11-18,2019,11,18,Post-Monsoon,17.5,18.65,25.33,12.79,-1.1499999999999986,12.54,14.59,69.19,2.04
2019-11-19,2019,11,19,Post-Monsoon,17.78,19.11,25.24,13.02,-1.3299999999999983,12.219999999999999,11.96,70.53,1.35
2019-11-20,2019,11,20,Post-Monsoon,17.38,18.93,25.0,13.07,-1.5500000000000007,11.93,13.22,69.89,0.82
2019-11-21,2019,11,21,Post-Monsoon,16.7,18.43,23.42,13.57,-1.7300000000000004,9.850000000000001,11.61,72.15,0.77
2019-11-22,2019,11,22,Post-Monsoon,17.06,17.94,22.86,12.69,-0.8800000000000026,10.17,10.28,82.2,1.03
2019-11-23,2019,11,23,Post-Monsoon,17.95,18.4,24.96,13.05,-0.4499999999999993,11.91,10.68,80.94,1.53
2019-11-24,2019,11,24,Post-Monsoon,19.04,19.62,26.82,13.73,-0.5800000000000018,13.09,12.01,76.19,1.77
2019-11-25,2019,11,25,Post-Monsoon,18.08,18.66,23.45,15.61,-0.5800000000000018,7.84,7.72,79.07,0.93
2019-11-26,2019,11,26,Post-Monsoon,17.79,18.64,24.61,13.59,-0.8500000000000014,11.02,11.62,80.01,1.04
2019-11-27,2019,11,27,Post-Monsoon,18.44,18.82,25.1,13.89,-0.379999999999999,11.21,11.15,86.49,1.47
2019-11-28,2019,11,28,Post-Monsoon,18.91,19.15,25.35,14.64,-0.23999999999999844,10.71,10.91,87.14,1.59
2019-11-29,2019,11,29,Post-Monsoon,18.2,18.86,24.51,13.85,-0.6600000000000001,10.660000000000002,5.44,81.32,0.93
2019-11-30,2019,11,30,Post-Monsoon,18.07,18.63,24.79,12.97,-0.5599999999999987,11.819999999999999,11.01,80.56,1.37
2019-12-01,2019,12,1,Winter,17.39,17.89,23.88,12.91,-0.5,10.969999999999999,10.55,77.3,1.32
2019-12-02,2019,12,2,Winter,15.88,16.6,22.48,11.77,-0.7200000000000006,10.71,8.67,72.5,1.23
2019-12-03,2019,12,3,Winter,13.53,14.77,22.25,8.48,-1.2400000000000002,13.77,13.06,64.29,1.49
2019-12-04,2019,12,4,Winter,13.47,15.01,22.56,8.29,-1.5399999999999991,14.27,13.09,62.49,0.89
2019-12-05,2019,12,5,Winter,14.0,15.41,21.48,9.0,-1.4100000000000001,12.48,9.79,69.87,0.87
2019-12-06,2019,12,6,Winter,13.77,14.76,20.19,9.34,-0.9900000000000002,10.850000000000001,9.3,78.33,0.93
2019-12-07,2019,12,7,Winter,14.89,16.27,21.69,12.41,-1.379999999999999,9.280000000000001,9.32,75.73,0.71
2019-12-08,2019,12,8,Winter,15.13,16.56,22.36,11.59,-1.429999999999998,10.77,9.72,80.14,0.84
2019-12-09,2019,12,9,Winter,14.64,16.41,21.59,11.78,-1.7699999999999996,9.81,8.86,77.53,0.67
2019-12-10,2019,12,10,Winter,14.26,15.83,21.64,11.17,-1.5700000000000003,10.47,8.17,74.46,0.86
2019-12-11,2019,12,11,Winter,14.41,15.88,21.44,11.17,-1.4700000000000006,10.270000000000001,8.62,74.2,0.9
2019-12-12,2019,12,12,Winter,14.43,14.99,17.09,12.06,-0.5600000000000005,5.029999999999999,4.73,88.06,3.06
2019-12-13,2019,12,13,Winter,17.57,17.71,21.64,15.17,-0.14000000000000057,6.470000000000001,2.13,91.8,3.43
2019-12-14,2019,12,14,Winter,17.16,17.54,22.53,13.23,-0.379999999999999,9.3,7.07,84.78,1.14
2019-12-15,2019,12,15,Winter,15.83,16.06,20.01,12.55,-0.22999999999999865,7.460000000000001,8.88,82.42,1.23
2019-12-16,2019,12,16,Winter,13.08,13.28,19.38,8.65,-0.1999999999999993,10.729999999999999,11.04,77.66,1.5
2019-12-17,2019,12,17,Winter,11.84,11.84,18.63,6.6,0.0,12.03,6.8,80.38,1.86
2019-12-18,2019,12,18,Winter,10.35,11.33,17.29,5.21,-0.9800000000000004,12.079999999999998,3.45,76.22,1.36
2019-12-19,2019,12,19,Winter,10.03,11.1,17.08,5.35,-1.0700000000000003,11.729999999999999,8.79,72.26,1.13
2019-12-20,2019,12,20,Winter,10.67,11.47,16.1,6.84,-0.8000000000000007,9.260000000000002,8.85,70.46,1.02
2019-12-21,2019,12,21,Winter,12.73,13.47,18.52,8.43,-0.7400000000000002,10.09,8.91,71.14,1.32
2019-12-22,2019,12,22,Winter,14.17,14.59,21.58,9.63,-0.41999999999999993,11.949999999999998,10.13,72.44,1.68
2019-12-23,2019,12,23,Winter,11.22,12.85,19.79,6.27,-1.629999999999999,13.52,8.27,62.53,1.24
2019-12-24,2019,12,24,Winter,10.53,11.91,17.46,7.01,-1.3800000000000008,10.450000000000001,5.19,68.79,1.19
2019-12-25,2019,12,25,Winter,11.23,12.93,18.98,7.65,-1.6999999999999993,11.33,5.7,59.64,0.9
2019-12-26,2019,12,26,Winter,9.19,11.09,18.36,4.75,-1.9000000000000004,13.61,5.13,56.59,1.36
2019-12-27,2019,12,27,Winter,7.63,8.99,15.89,2.44,-1.3600000000000003,13.450000000000001,7.22,63.55,1.28
2019-12-28,2019,12,28,Winter,7.1,8.78,14.96,2.72,-1.6799999999999997,12.24,7.16,67.16,0.94
2019-12-29,2019,12,29,Winter,6.64,8.36,14.22,3.07,-1.7199999999999998,11.15,4.63,74.41,0.72
2019-12-30,2019,12,30,Winter,5.61,6.77,13.25,0.95,-1.1599999999999993,12.3,3.62,79.61,1.25
2019-12-31,2019,12,31,Winter,6.33,7.68,14.95,0.01,-1.3499999999999996,14.94,4.92,75.18,1.02
2020-01-01,2020,1,1,Winter,9.35,9.62,16.47,4.94,-0.2699999999999996,11.529999999999998,8.69,82.57,1.85
2020-01-02,2020,1,2,Winter,12.0,11.78,17.23,6.74,0.22000000000000064,10.49,10.76,91.73,1.53
2020-01-03,2020,1,3,Winter,13.81,13.99,18.03,10.76,-0.17999999999999972,7.270000000000001,7.65,89.4,1.64
2020-01-04,2020,1,4,Winter,13.74,15.19,19.73,11.61,-1.4499999999999993,8.120000000000001,7.15,77.28,0.71
2020-01-05,2020,1,5,Winter,11.9,13.12,20.08,7.57,-1.2199999999999989,12.509999999999998,9.26,72.43,1.64
2020-01-06,2020,1,6,Winter,12.63,13.46,20.47,6.84,-0.8300000000000001,13.629999999999999,12.65,69.74,1.34
2020-01-07,2020,1,7,Winter,13.89,14.7,20.8,10.26,-0.8099999999999987,10.540000000000001,10.28,71.19,0.96
2020-01-08,2020,1,8,Winter,13.53,13.9,20.46,9.62,-0.370000000000001,10.840000000000002,3.16,86.66,2.01
2020-01-09,2020,1,9,Winter,11.95,12.12,17.57,7.28,-0.16999999999999993,10.29,5.33,83.65,1.88
2020-01-10,2020,1,10,Winter,8.71,9.39,16.7,3.33,-0.6799999999999997,13.37,8.87,65.76,1.68
2020-01-11,2020,1,11,Winter,8.35,9.39,17.01,2.27,-1.040000000000001,14.740000000000002,11.64,62.61,1.34
2020-01-12,2020,1,12,Winter,9.55,10.57,18.49,3.7,-1.0199999999999996,14.79,11.81,68.57,1.42
2020-01-13,2020,1,13,Winter,11.41,12.22,20.26,5.99,-0.8100000000000005,14.270000000000001,10.71,71.71,1.51
2020-01-14,2020,1,14,Winter,12.48,12.62,18.09,8.5,-0.1399999999999988,9.59,9.3,80.9,1.06
2020-01-15,2020,1,15,Winter,13.21,13.37,17.28,11.27,-0.15999999999999837,6.010000000000002,4.42,90.73,0.74
2020-01-16,2020,1,16,Winter,14.66,14.68,19.07,10.99,-0.019999999999999574,8.08,1.88,92.46,1.92
2020-01-17,2020,1,17,Winter,15.5,15.66,20.49,12.24,-0.16000000000000014,8.249999999999998,3.13,87.12,1.38
2020-01-18,2020,1,18,Winter,13.31,14.0,19.83,9.39,-0.6899999999999995,10.439999999999998,2.74,79.67,1.05
2020-01-19,2020,1,19,Winter,11.37,11.8,18.33,6.84,-0.4300000000000015,11.489999999999998,7.25,80.57,1.87
2020-01-20,2020,1,20,Winter,10.4,11.41,18.25,4.69,-1.0099999999999998,13.559999999999999,9.66,69.79,1.42
2020-01-21,2020,1,21,Winter,11.25,12.6,19.1,7.13,-1.3499999999999996,11.970000000000002,10.94,66.08,1.01
2020-01-22,2020,1,22,Winter,11.4,13.25,19.86,8.37,-1.8499999999999996,11.49,12.29,63.79,1.05
2020-01-23,2020,1,23,Winter,10.86,11.28,19.75,5.06,-0.41999999999999993,14.690000000000001,15.58,71.8,2.65
2020-01-24,2020,1,24,Winter,9.74,10.63,19.37,3.65,-0.8900000000000006,15.72,16.57,66.85,2.43
2020-01-25,2020,1,25,Winter,10.11,12.29,19.56,4.97,-2.1799999999999997,14.59,15.64,59.13,1.11
2020-01-26,2020,1,26,Winter,11.3,12.94,20.71,5.93,-1.6399999999999988,14.780000000000001,13.18,62.77,1.63
2020-01-27,2020,1,27,Winter,13.92,14.93,23.12,6.92,-1.0099999999999998,16.200000000000003,13.94,67.21,1.12
2020-01-28,2020,1,28,Winter,15.5,15.8,22.07,12.14,-0.3000000000000007,9.93,11.87,76.96,2.92
2020-01-29,2020,1,29,Winter,15.29,15.23,22.39,9.64,0.05999999999999872,12.75,10.4,80.81,1.42
2020-01-30,2020,1,30,Winter,12.69,12.94,19.95,8.12,-0.25,11.83,14.62,73.22,2.12
2020-01-31,2020,1,31,Winter,11.41,12.57,20.2,5.19,-1.1600000000000001,15.009999999999998,15.52,61.68,1.77
2020-02-01,2020,2,1,Winter,11.28,12.53,20.06,6.3,-1.25,13.759999999999998,15.82,62.06,1.4
2020-02-02,2020,2,2,Winter,10.93,11.63,20.26,4.92,-0.7000000000000011,15.340000000000002,16.16,65.25,1.78
2020-02-03,2020,2,3,Winter,10.83,12.33,20.12,4.39,-1.5,15.73,16.8,60.09,1.29
2020-02-04,2020,2,4,Winter,11.34,13.57,19.71,6.8,-2.2300000000000004,12.91,13.75,59.41,1.04
2020-02-05,2020,2,5,Winter,12.04,13.41,21.31,6.2,-1.370000000000001,15.11,15.7,60.7,1.57
2020-02-06,2020,2,6,Winter,12.79,13.52,21.8,5.84,-0.7300000000000004,15.96,14.99,62.91,1.06
2020-02-07,2020,2,7,Winter,12.67,14.42,20.62,8.87,-1.75,11.750000000000002,14.07,58.96,0.83
2020-02-08,2020,2,8,Winter,11.46,13.12,19.93,6.15,-1.6599999999999984,13.78,15.41,56.56,1.39
2020-02-09,2020,2,9,Winter,11.88,14.08,21.43,6.97,-2.1999999999999993,14.46,16.16,51.04,0.97
2020-02-10,2020,2,10,Winter,11.88,13.27,21.35,5.43,-1.3899999999999988,15.920000000000002,16.82,56.84,1.58
2020-02-11,2020,2,11,Winter,12.24,14.34,22.0,5.71,-2.0999999999999996,16.29,16.91,53.51,1.31
2020-02-12,2020,2,12,Winter,13.34,14.06,23.04,6.04,-0.7200000000000006,17.0,16.51,60.6,1.74
2020-02-13,2020,2,13,Winter,16.27,16.68,27.0,8.49,-0.41000000000000014,18.509999999999998,17.66,62.27,2.44
2020-02-14,2020,2,14,Winter,17.28,17.71,27.65,11.01,-0.4299999999999997,16.64,18.5,58.88,3.03
2020-02-15,2020,2,15,Winter,15.07,16.14,24.36,8.41,-1.0700000000000003,15.95,19.55,51.18,2.14
2020-02-16,2020,2,16,Winter,15.12,17.49,25.96,7.79,-2.369999999999999,18.17,18.91,42.01,1.06
2020-02-17,2020,2,17,Winter,15.35,17.42,26.3,9.85,-2.070000000000002,16.450000000000003,16.7,43.81,1.48
2020-02-18,2020,2,18,Winter,14.99,16.67,26.37,7.11,-1.6800000000000015,19.26,19.79,43.76,1.8
2020-02-19,2020,2,19,Winter,16.35,17.3,26.72,8.38,-0.9499999999999993,18.339999999999996,17.75,48.66,1.64
2020-02-20,2020,2,20,Winter,17.62,17.95,26.11,11.02,-0.3299999999999983,15.09,16.19,52.57,2.57
2020-02-21,2020,2,21,Winter,17.29,17.41,25.9,11.41,-0.120000000000001,14.489999999999998,11.81,63.74,3.04
2020-02-22,2020,2,22,Winter,18.26,18.98,25.39,11.57,-0.7199999999999989,13.82,10.03,66.23,1.72
2020-02-23,2020,2,23,Winter,18.84,19.72,25.94,12.98,-0.879999999999999,12.96,10.35,62.85,0.93
2020-02-24,2020,2,24,Winter,19.12,20.06,25.75,14.71,-0.9399999999999977,11.04,10.02,61.44,0.61
2020-02-25,2020,2,25,Winter,18.71,18.77,24.75,14.02,-0.05999999999999872,10.73,12.76,67.38,1.16
2020-02-26,2020,2,26,Winter,18.69,18.0,24.96,11.97,0.6900000000000013,12.99,17.35,72.55,1.35
2020-02-27,2020,2,27,Winter,18.49,18.37,25.39,11.59,0.11999999999999744,13.8,15.55,68.4,1.44
2020-02-28,2020,2,28,Winter,19.12,18.9,25.49,12.87,0.22000000000000242,12.62,15.26,61.49,1.57
2020-02-29,2020,2,29,Winter,20.6,20.46,27.12,14.81,0.14000000000000057,12.31,15.09,57.96,1.51
2020-03-01,2020,3,1,Summer,21.61,21.42,28.82,13.79,0.18999999999999773,15.030000000000001,18.1,63.37,1.31
2020-03-02,2020,3,2,Summer,22.0,22.4,29.28,15.96,-0.3999999999999986,13.32,17.61,56.12,0.87
2020-03-03,2020,3,3,Summer,23.0,24.01,30.39,17.83,-1.0100000000000016,12.560000000000002,17.12,47.83,0.89
2020-03-04,2020,3,4,Summer,22.11,22.48,29.23,15.75,-0.370000000000001,13.48,13.79,53.07,1.18
2020-03-05,2020,3,5,Summer,21.79,21.61,28.96,15.17,0.17999999999999972,13.790000000000001,14.25,57.26,1.75
2020-03-06,2020,3,6,Summer,21.4,21.24,27.98,15.83,0.16000000000000014,12.15,14.36,69.84,3.41
2020-03-07,2020,3,7,Summer,21.23,21.55,28.0,15.44,-0.3200000000000003,12.56,13.66,61.36,1.31
2020-03-08,2020,3,8,Summer,20.21,19.86,28.35,13.04,0.3500000000000014,15.310000000000002,19.66,58.08,1.69
2020-03-09,2020,3,9,Summer,19.42,19.4,29.09,11.05,0.020000000000003126,18.04,21.53,48.77,2.49
2020-03-10,2020,3,10,Summer,20.2,19.44,29.0,11.83,0.759999999999998,17.17,8.92,53.83,1.87
2020-03-11,2020,3,11,Summer,21.2,20.49,27.87,14.93,0.7100000000000009,12.940000000000001,15.21,70.14,2.89
2020-03-12,2020,3,12,Summer,23.83,23.0,31.09,14.81,0.8299999999999983,16.28,19.86,64.07,1.6
2020-03-13,2020,3,13,Summer,21.11,20.92,27.76,14.76,0.18999999999999773,13.000000000000002,12.23,70.03,2.12
2020-03-14,2020,3,14,Summer,21.04,20.94,29.0,12.87,0.09999999999999787,16.130000000000003,13.24,64.32,1.4
2020-03-15,2020,3,15,Summer,21.02,20.79,27.59,14.45,0.23000000000000043,13.14,14.66,62.03,1.18
2020-03-16,2020,3,16,Summer,20.55,20.46,27.87,12.94,0.08999999999999986,14.930000000000001,17.7,54.52,1.35
2020-03-17,2020,3,17,Summer,21.63,21.99,29.93,13.73,-0.35999999999999943,16.2,22.99,44.08,1.25
2020-03-18,2020,3,18,Summer,22.49,22.41,31.65,13.53,0.0799999999999983,18.119999999999997,22.98,45.62,1.71
2020-03-19,2020,3,19,Summer,23.89,24.6,32.71,15.48,-0.7100000000000009,17.23,22.03,40.58,1.51
2020-03-20,2020,3,20,Summer,23.91,23.65,32.44,15.37,0.26000000000000156,17.07,20.41,45.87,1.57
2020-03-21,2020,3,21,Summer,24.91,24.95,32.05,18.96,-0.03999999999999915,13.089999999999996,16.71,46.65,0.99
2020-03-22,2020,3,22,Summer,25.78,25.91,32.83,18.21,-0.129999999999999,14.619999999999997,21.08,43.81,0.99
2020-03-23,2020,3,23,Summer,25.31,25.65,33.42,17.7,-0.33999999999999986,15.720000000000002,22.34,42.42,1.31
2020-03-24,2020,3,24,Summer,25.63,26.42,31.47,20.78,-0.7900000000000027,10.689999999999998,20.37,41.47,1.13
2020-03-25,2020,3,25,Summer,27.4,27.02,35.99,19.36,0.379999999999999,16.630000000000003,22.68,42.65,2.2
2020-03-26,2020,3,26,Summer,25.84,25.83,34.27,19.37,0.010000000000001563,14.900000000000002,21.46,45.4,2.66
2020-03-27,2020,3,27,Summer,27.7,26.84,35.35,19.15,0.8599999999999994,16.200000000000003,5.49,52.75,1.52
2020-03-28,2020,3,28,Summer,26.22,25.46,33.64,19.24,0.759999999999998,14.400000000000002,24.01,49.88,2.42
2020-03-29,2020,3,29,Summer,25.14,24.73,34.28,16.34,0.41000000000000014,17.94,25.57,38.9,2.92
2020-03-30,2020,3,30,Summer,25.45,25.07,34.82,16.21,0.379999999999999,18.61,26.0,38.73,2.8
2020-03-31,2020,3,31,Summer,26.93,26.6,36.48,16.73,0.3299999999999983,19.749999999999996,25.32,37.32,2.14
2020-04-01,2020,4,1,Summer,28.91,28.5,37.77,19.46,0.41000000000000014,18.310000000000002,24.34,38.05,1.69
2020-04-02,2020,4,2,Summer,27.98,26.94,35.67,19.48,1.0399999999999991,16.19,23.94,39.6,2.46
2020-04-03,2020,4,3,Summer,25.94,25.32,34.56,17.9,0.620000000000001,16.660000000000004,25.46,34.77,3.3
2020-04-04,2020,4,4,Summer,25.78,25.18,35.37,15.69,0.6000000000000014,19.68,26.03,33.2,2.56
2020-04-05,2020,4,5,Summer,27.28,26.86,36.49,17.15,0.4200000000000017,19.340000000000003,24.73,34.55,2.18
2020-04-06,2020,4,6,Summer,28.82,28.43,37.93,19.61,0.39000000000000057,18.32,25.83,33.75,2.43
2020-04-07,2020,4,7,Summer,29.21,28.71,38.53,19.96,0.5,18.57,25.42,29.93,3.07
2020-04-08,2020,4,8,Summer,30.01,29.92,38.14,21.1,0.08999999999999986,17.04,19.91,30.83,1.53
2020-04-09,2020,4,9,Summer,28.92,28.09,36.99,19.97,0.8300000000000018,17.020000000000003,25.34,33.15,2.05
2020-04-10,2020,4,10,Summer,28.74,28.52,37.6,19.98,0.21999999999999886,17.62,26.05,31.8,2.07
2020-04-11,2020,4,11,Summer,31.06,30.21,39.86,22.24,0.8499999999999979,17.62,24.93,32.06,1.93
2020-04-12,2020,4,12,Summer,31.22,30.39,40.05,21.43,0.8299999999999983,18.619999999999997,25.88,32.27,2.22
2020-04-13,2020,4,13,Summer,32.0,32.14,40.67,23.92,-0.14000000000000057,16.75,25.58,27.69,1.53
2020-04-14,2020,4,14,Summer,33.91,33.47,41.39,27.06,0.4399999999999977,14.330000000000002,20.55,28.09,1.14
2020-04-15,2020,4,15,Summer,34.33,33.92,41.99,27.31,0.4099999999999966,14.680000000000003,17.25,27.64,2.04
2020-04-16,2020,4,16,Summer,33.38,32.46,41.59,23.43,0.9200000000000017,18.160000000000004,24.7,25.05,1.55
2020-04-17,2020,4,17,Summer,33.02,31.8,40.72,25.09,1.2200000000000024,15.629999999999999,17.97,30.4,1.85
2020-04-18,2020,4,18,Summer,32.9,31.67,40.46,23.45,1.2299999999999969,17.01,23.09,31.0,2.07
2020-04-19,2020,4,19,Summer,32.91,32.28,39.7,25.27,0.6299999999999955,14.430000000000003,21.85,27.73,1.64
2020-04-20,2020,4,20,Summer,32.87,30.62,39.27,23.57,2.2499999999999964,15.700000000000003,17.45,34.27,2.36
2020-04-21,2020,4,21,Summer,31.59,29.31,37.15,21.93,2.280000000000001,15.219999999999999,23.31,40.17,1.88
2020-04-22,2020,4,22,Summer,31.85,29.89,37.74,23.39,1.9600000000000009,14.350000000000001,24.76,35.28,1.86
2020-04-23,2020,4,23,Summer,29.98,28.89,37.84,22.13,1.0899999999999999,15.710000000000004,14.11,33.06,2.47
2020-04-24,2020,4,24,Summer,32.08,30.91,38.44,22.4,1.1699999999999982,16.04,25.1,28.64,1.21
2020-04-25,2020,4,25,Summer,32.81,31.12,38.6,23.11,1.6900000000000013,15.490000000000002,20.26,27.63,1.91
2020-04-26,2020,4,26,Summer,32.44,30.43,37.64,23.5,2.009999999999998,14.14,23.11,39.11,3.05
2020-04-27,2020,4,27,Summer,30.71,28.5,35.59,21.54,2.210000000000001,14.050000000000004,23.08,51.56,1.67
2020-04-28,2020,4,28,Summer,31.54,29.38,35.82,22.78,2.16,13.04,22.98,43.68,1.57
2020-04-29,2020,4,29,Summer,32.11,29.62,36.15,23.19,2.4899999999999984,12.959999999999997,24.32,42.29,1.2
2020-04-30,2020,4,30,Summer,33.23,31.2,38.23,23.63,2.0299999999999976,14.599999999999998,22.58,38.2,1.45
2020-05-01,2020,5,1,Summer,33.27,31.53,39.22,24.46,1.740000000000002,14.759999999999998,25.04,39.71,1.9
2020-05-02,2020,5,2,Summer,33.52,31.26,38.53,23.44,2.2600000000000016,15.09,25.07,43.52,1.99
2020-05-03,2020,5,3,Summer,34.39,31.77,38.66,24.48,2.620000000000001,14.179999999999996,25.36,41.93,1.9
2020-05-04,2020,5,4,Summer,33.07,31.02,36.96,24.93,2.0500000000000007,12.030000000000001,24.01,48.9,1.48
2020-05-05,2020,5,5,Summer,33.16,30.94,36.72,25.23,2.2199999999999953,11.489999999999998,21.92,47.36,1.18
2020-05-06,2020,5,6,Summer,32.84,30.9,38.47,24.65,1.9400000000000048,13.82,23.38,44.43,2.02
2020-05-07,2020,5,7,Summer,33.13,31.21,38.67,23.5,1.9200000000000017,15.170000000000002,26.94,37.43,1.68
2020-05-08,2020,5,8,Summer,34.16,32.07,40.49,23.51,2.0899999999999963,16.98,27.36,35.39,2.01
2020-05-09,2020,5,9,Summer,35.56,33.43,41.01,25.17,2.1300000000000026,15.839999999999996,26.57,33.76,1.62
2020-05-10,2020,5,10,Summer,34.66,33.13,41.29,25.17,1.529999999999994,16.119999999999997,22.7,36.42,1.75
2020-05-11,2020,5,11,Summer,33.87,31.63,38.34,23.7,2.2399999999999984,14.640000000000004,26.18,43.01,1.33
2020-05-12,2020,5,12,Summer,34.77,33.0,39.74,26.02,1.7700000000000031,13.720000000000002,23.04,35.49,1.92
2020-05-13,2020,5,13,Summer,35.7,33.26,40.43,26.07,2.440000000000005,14.36,22.91,35.03,1.83
2020-05-14,2020,5,14,Summer,35.51,33.24,40.51,26.0,2.269999999999996,14.509999999999998,25.16,38.11,1.85
2020-05-15,2020,5,15,Summer,36.77,35.09,43.08,26.72,1.6799999999999997,16.36,23.63,32.17,2.36
2020-05-16,2020,5,16,Summer,36.33,34.63,42.61,27.58,1.6999999999999957,15.030000000000001,26.68,25.96,3.23
2020-05-17,2020,5,17,Summer,36.71,35.45,43.46,25.9,1.259999999999998,17.560000000000002,26.7,22.73,2.47
2020-05-18,2020,5,18,Summer,38.11,36.66,43.64,30.5,1.4500000000000028,13.14,22.35,21.54,1.19
2020-05-19,2020,5,19,Summer,36.86,34.98,42.82,26.26,1.8800000000000026,16.56,26.52,23.31,1.76
2020-05-20,2020,5,20,Summer,36.52,34.75,43.03,27.53,1.7700000000000031,15.5,26.63,16.5,1.88
2020-05-21,2020,5,21,Summer,35.81,34.64,43.3,25.7,1.1700000000000017,17.599999999999998,28.63,15.9,2.67
2020-05-22,2020,5,22,Summer,38.14,36.25,45.79,26.64,1.8900000000000006,19.15,28.73,15.35,1.99
2020-05-23,2020,5,23,Summer,40.0,38.39,46.49,28.4,1.6099999999999994,18.090000000000003,26.92,17.19,1.65
2020-05-24,2020,5,24,Summer,40.59,38.97,46.92,31.15,1.6200000000000045,15.770000000000003,25.5,16.1,2.32
2020-05-25,2020,5,25,Summer,40.3,38.88,46.71,31.52,1.4199999999999946,15.190000000000001,26.64,14.11,3.03
2020-05-26,2020,5,26,Summer,41.62,39.88,47.87,29.74,1.7399999999999949,18.13,22.5,15.41,3.81
2020-05-27,2020,5,27,Summer,42.33,40.29,47.9,32.88,2.039999999999999,15.019999999999996,24.18,16.07,3.65
2020-05-28,2020,5,28,Summer,39.88,37.08,43.59,30.89,2.8000000000000043,12.700000000000003,25.29,29.03,4.74
2020-05-29,2020,5,29,Summer,38.12,35.01,40.89,29.26,3.1099999999999994,11.629999999999999,21.11,31.73,3.22
2020-05-30,2020,5,30,Summer,38.41,35.28,40.9,29.07,3.1299999999999955,11.829999999999998,13.3,30.39,2.16
2020-05-31,2020,5,31,Summer,33.2,31.49,36.84,26.99,1.7100000000000044,9.850000000000005,19.58,50.87,2.28
2020-06-01,2020,6,1,Monsoon,33.21,31.64,36.25,26.03,1.5700000000000003,10.219999999999999,24.62,47.42,1.58
2020-06-02,2020,6,2,Monsoon,34.98,32.83,38.35,26.87,2.1499999999999986,11.48,17.45,41.43,2.77
2020-06-03,2020,6,3,Monsoon,34.43,32.44,37.3,26.79,1.990000000000002,10.509999999999998,15.76,44.19,2.35
2020-06-04,2020,6,4,Monsoon,31.1,29.22,33.96,23.57,1.8800000000000026,10.39,8.31,53.04,3.28
2020-06-05,2020,6,5,Monsoon,27.04,25.91,29.7,22.66,1.129999999999999,7.039999999999999,8.06,72.71,4.47
2020-06-06,2020,6,6,Monsoon,33.39,30.34,35.72,23.4,3.0500000000000007,12.32,23.33,53.76,1.31
2020-06-07,2020,6,7,Monsoon,35.76,32.75,37.94,26.92,3.009999999999998,11.019999999999996,22.8,46.04,1.21
2020-06-08,2020,6,8,Monsoon,36.61,34.11,39.77,27.93,2.5,11.840000000000003,25.98,43.4,2.26
2020-06-09,2020,6,9,Monsoon,38.29,35.64,40.8,29.35,2.6499999999999986,11.449999999999996,24.8,38.72,1.11
2020-06-10,2020,6,10,Monsoon,38.79,36.33,42.11,30.85,2.460000000000001,11.259999999999998,24.27,36.28,1.19
2020-06-11,2020,6,11,Monsoon,38.61,36.2,41.89,30.46,2.4099999999999966,11.43,19.88,39.55,1.94
2020-06-12,2020,6,12,Monsoon,38.76,36.1,40.9,31.09,2.6599999999999966,9.809999999999999,21.96,42.53,2.07
2020-06-13,2020,6,13,Monsoon,38.59,35.58,40.5,30.69,3.010000000000005,9.809999999999999,21.19,46.26,2.48
2020-06-14,2020,6,14,Monsoon,38.17,34.87,39.42,30.5,3.3000000000000043,8.920000000000002,21.83,49.27,2.24
2020-06-15,2020,6,15,Monsoon,36.33,33.63,38.08,30.11,2.6999999999999957,7.969999999999999,16.25,56.6,2.32
2020-06-16,2020,6,16,Monsoon,37.71,34.31,40.64,28.09,3.3999999999999986,12.55,23.43,51.63,2.25
2020-06-17,2020,6,17,Monsoon,35.55,33.06,37.34,28.19,2.489999999999995,9.150000000000002,18.98,57.1,2.77
2020-06-18,2020,6,18,Monsoon,36.57,33.65,38.4,28.81,2.9200000000000017,9.59,13.65,56.4,1.91
2020-06-19,2020,6,19,Monsoon,37.6,34.56,39.88,29.44,3.039999999999999,10.440000000000001,20.39,50.81,2.86
2020-06-20,2020,6,20,Monsoon,37.13,34.38,41.04,29.37,2.75,11.669999999999998,19.18,54.26,3.56
2020-06-21,2020,6,21,Monsoon,34.85,32.04,36.24,27.89,2.8100000000000023,8.350000000000001,20.72,61.62,2.24
2020-06-22,2020,6,22,Monsoon,34.73,31.93,36.55,28.29,2.799999999999997,8.259999999999998,16.64,59.2,2.96
2020-06-23,2020,6,23,Monsoon,34.01,31.8,36.43,27.58,2.2099999999999973,8.850000000000001,13.7,65.36,3.38
2020-06-24,2020,6,24,Monsoon,33.29,31.62,35.24,28.0,1.6699999999999982,7.240000000000002,13.73,67.15,2.19
2020-06-25,2020,6,25,Monsoon,32.36,31.39,34.54,28.75,0.9699999999999989,5.789999999999999,6.63,71.35,2.01
2020-06-26,2020,6,26,Monsoon,34.53,33.44,39.92,27.64,1.0900000000000034,12.280000000000001,17.9,61.27,3.06
2020-06-27,2020,6,27,Monsoon,31.95,31.57,35.73,28.68,0.379999999999999,7.049999999999997,14.27,71.92,3.65
2020-06-28,2020,6,28,Monsoon,34.07,33.49,39.77,27.24,0.5799999999999983,12.530000000000005,20.23,62.59,3.49
2020-06-29,2020,6,29,Monsoon,32.2,31.37,36.08,27.64,0.8300000000000018,8.439999999999998,14.45,72.34,2.46
2020-06-30,2020,6,30,Monsoon,32.67,30.68,35.23,26.67,1.990000000000002,8.559999999999995,20.55,71.32,2.08
2020-07-01,2020,7,1,Monsoon,34.45,32.02,36.78,27.18,2.4299999999999997,9.600000000000001,19.56,64.85,1.01
2020-07-02,2020,7,2,Monsoon,35.79,33.38,38.59,28.21,2.4099999999999966,10.380000000000003,21.9,59.32,1.26
2020-07-03,2020,7,3,Monsoon,34.6,32.88,37.5,28.65,1.7199999999999989,8.850000000000001,13.42,65.74,2.23
2020-07-04,2020,7,4,Monsoon,31.1,30.54,33.6,28.23,0.5600000000000023,5.370000000000001,13.79,78.79,2.53
2020-07-05,2020,7,5,Monsoon,29.5,29.2,31.0,27.47,0.3000000000000007,3.530000000000001,12.42,84.25,1.94
2020-07-06,2020,7,6,Monsoon,29.33,28.97,31.83,26.53,0.35999999999999943,5.299999999999997,11.1,84.82,1.2
2020-07-07,2020,7,7,Monsoon,28.37,28.21,30.61,26.53,0.16000000000000014,4.079999999999998,12.03,87.52,1.82
2020-07-08,2020,7,8,Monsoon,30.39,29.93,33.4,26.72,0.46000000000000085,6.68,18.51,79.21,1.92
2020-07-09,2020,7,9,Monsoon,28.59,28.72,30.8,26.51,-0.129999999999999,4.289999999999999,13.45,87.8,2.04
2020-07-10,2020,7,10,Monsoon,29.38,29.63,33.53,26.76,-0.25,6.77,10.41,82.35,4.21
2020-07-11,2020,7,11,Monsoon,30.33,30.22,34.7,26.22,0.10999999999999943,8.480000000000004,19.02,79.7,4.18
2020-07-12,2020,7,12,Monsoon,30.55,30.18,34.21,26.4,0.370000000000001,7.810000000000002,19.67,79.63,3.59
2020-07-13,2020,7,13,Monsoon,30.69,30.45,33.99,27.41,0.240000000000002,6.580000000000002,20.57,80.81,2.41
2020-07-14,2020,7,14,Monsoon,30.32,30.25,33.85,27.22,0.07000000000000028,6.630000000000003,13.37,78.29,1.15
2020-07-15,2020,7,15,Monsoon,29.0,28.79,31.6,26.47,0.21000000000000085,5.130000000000003,17.39,83.31,2.19
2020-07-16,2020,7,16,Monsoon,29.72,29.32,32.73,25.93,0.3999999999999986,6.799999999999997,17.48,82.82,2.88
2020-07-17,2020,7,17,Monsoon,30.77,30.2,34.35,26.21,0.5700000000000003,8.14,20.64,79.81,2.63
2020-07-18,2020,7,18,Monsoon,30.59,30.01,33.77,26.53,0.5799999999999983,7.240000000000002,19.99,81.02,2.05
2020-07-19,2020,7,19,Monsoon,29.37,29.44,32.63,27.06,-0.07000000000000028,5.570000000000004,9.6,85.69,3.42
2020-07-20,2020,7,20,Monsoon,28.96,28.87,32.47,26.27,0.08999999999999986,6.199999999999999,10.49,85.8,2.93
2020-07-21,2020,7,21,Monsoon,29.1,29.27,32.81,25.92,-0.16999999999999815,6.890000000000001,16.43,84.1,2.6
2020-07-22,2020,7,22,Monsoon,29.79,29.66,33.52,26.07,0.129999999999999,7.450000000000003,19.12,82.67,2.23
2020-07-23,2020,7,23,Monsoon,29.74,29.43,32.84,26.08,0.3099999999999987,6.760000000000005,23.82,79.14,1.85
2020-07-24,2020,7,24,Monsoon,29.58,29.15,32.91,26.14,0.4299999999999997,6.769999999999996,18.88,80.59,2.03
2020-07-25,2020,7,25,Monsoon,29.01,28.58,32.16,24.86,0.43000000000000327,7.299999999999997,17.77,81.56,1.71
2020-07-26,2020,7,26,Monsoon,30.51,30.17,33.71,26.05,0.33999999999999986,7.66,22.44,76.6,0.91
2020-07-27,2020,7,27,Monsoon,30.59,30.55,34.88,26.66,0.03999999999999915,8.220000000000002,19.17,76.82,2.06
2020-07-28,2020,7,28,Monsoon,29.17,29.15,32.12,27.04,0.020000000000003126,5.079999999999998,14.72,85.5,2.2
2020-07-29,2020,7,29,Monsoon,27.94,27.9,30.4,26.13,0.0400000000000027,4.27,10.33,89.48,2.09
2020-07-30,2020,7,30,Monsoon,29.08,28.65,32.31,25.47,0.4299999999999997,6.840000000000003,17.11,83.97,1.21
2020-07-31,2020,7,31,Monsoon,29.85,29.31,33.08,25.75,0.5400000000000027,7.329999999999998,15.59,82.53,1.31
2020-08-01,2020,8,1,Monsoon,29.29,29.25,32.33,26.22,0.03999999999999915,6.109999999999999,15.41,83.51,1.85
2020-08-02,2020,8,2,Monsoon,30.44,30.06,33.64,26.11,0.38000000000000256,7.530000000000001,19.15,80.29,1.41
2020-08-03,2020,8,3,Monsoon,30.67,30.41,34.25,26.65,0.26000000000000156,7.600000000000001,14.66,81.18,2.03
2020-08-04,2020,8,4,Monsoon,30.56,30.38,33.42,27.14,0.17999999999999972,6.280000000000001,18.19,82.84,1.16
2020-08-05,2020,8,5,Monsoon,29.12,29.3,32.43,27.36,-0.17999999999999972,5.07,15.21,86.2,2.21
2020-08-06,2020,8,6,Monsoon,29.01,29.07,32.92,27.02,-0.05999999999999872,5.900000000000002,13.88,85.47,5.23
2020-08-07,2020,8,7,Monsoon,29.11,29.01,32.0,26.45,0.09999999999999787,5.550000000000001,21.13,83.94,2.18
2020-08-08,2020,8,8,Monsoon,30.51,29.83,33.87,25.78,0.6800000000000033,8.089999999999996,20.82,80.98,1.19
2020-08-09,2020,8,9,Monsoon,30.17,29.92,33.26,27.38,0.25,5.879999999999999,14.75,82.77,1.6
2020-08-10,2020,8,10,Monsoon,29.28,29.15,32.52,26.78,0.13000000000000256,5.740000000000002,17.98,87.15,2.2
2020-08-11,2020,8,11,Monsoon,29.34,29.23,32.37,27.17,0.10999999999999943,5.199999999999996,17.03,87.26,1.45
2020-08-12,2020,8,12,Monsoon,28.68,28.74,31.86,26.34,-0.05999999999999872,5.52,11.81,87.78,1.76
2020-08-13,2020,8,13,Monsoon,28.99,28.67,32.24,25.9,0.31999999999999673,6.340000000000003,8.09,87.03,1.9
2020-08-14,2020,8,14,Monsoon,28.92,28.77,32.55,25.92,0.15000000000000213,6.6299999999999955,10.94,87.22,2.46
2020-08-15,2020,8,15,Monsoon,28.21,28.15,31.05,25.9,0.060000000000002274,5.150000000000002,14.98,90.24,1.98
2020-08-16,2020,8,16,Monsoon,29.1,28.78,32.36,25.97,0.3200000000000003,6.390000000000001,20.5,87.03,1.92
2020-08-17,2020,8,17,Monsoon,29.77,29.42,33.54,25.64,0.34999999999999787,7.899999999999999,19.36,85.83,2.06
2020-08-18,2020,8,18,Monsoon,29.56,29.41,32.45,26.78,0.14999999999999858,5.670000000000002,19.57,85.82,1.81
2020-08-19,2020,8,19,Monsoon,29.17,29.13,32.16,26.7,0.0400000000000027,5.459999999999997,9.5,87.79,1.49
2020-08-20,2020,8,20,Monsoon,28.58,28.59,31.66,25.95,-0.010000000000001563,5.710000000000001,21.04,86.9,3.17
2020-08-21,2020,8,21,Monsoon,27.59,27.5,31.05,24.77,0.08999999999999986,6.280000000000001,13.06,86.76,4.9
2020-08-22,2020,8,22,Monsoon,27.64,27.57,30.82,25.08,0.07000000000000028,5.740000000000002,12.62,88.12,5.25
2020-08-23,2020,8,23,Monsoon,28.06,28.0,31.77,25.59,0.05999999999999872,6.18,15.23,87.46,3.37
2020-08-24,2020,8,24,Monsoon,28.44,28.08,31.53,24.51,0.360000000000003,7.02,19.24,83.56,1.77
2020-08-25,2020,8,25,Monsoon,29.03,28.61,32.05,25.26,0.4200000000000017,6.789999999999996,20.31,84.57,1.6
2020-08-26,2020,8,26,Monsoon,28.66,28.56,31.93,25.75,0.10000000000000142,6.18,21.07,86.72,1.73
2020-08-27,2020,8,27,Monsoon,29.01,28.7,32.39,26.04,0.3100000000000023,6.350000000000001,16.41,85.54,1.68
2020-08-28,2020,8,28,Monsoon,28.47,28.28,32.22,25.41,0.18999999999999773,6.809999999999999,17.78,85.7,2.83
2020-08-29,2020,8,29,Monsoon,28.0,28.12,31.45,25.52,-0.120000000000001,5.93,13.64,88.51,4.93
2020-08-30,2020,8,30,Monsoon,28.21,28.04,31.43,25.56,0.1700000000000017,5.870000000000001,18.58,83.42,2.73
2020-08-31,2020,8,31,Monsoon,28.6,28.34,32.5,24.44,0.26000000000000156,8.059999999999999,22.23,82.7,1.97
2020-09-01,2020,9,1,Monsoon,28.85,28.86,32.49,25.79,-0.00999999999999801,6.700000000000003,21.18,82.97,2.08
2020-09-02,2020,9,2,Monsoon,28.49,28.41,31.39,25.81,0.0799999999999983,5.580000000000002,10.41,85.81,1.13
2020-09-03,2020,9,3,Monsoon,28.78,28.67,32.56,25.67,0.10999999999999943,6.890000000000001,16.26,86.66,2.09
2020-09-04,2020,9,4,Monsoon,28.95,28.81,32.64,26.04,0.14000000000000057,6.600000000000001,20.27,83.66,1.06
2020-09-05,2020,9,5,Monsoon,28.87,28.58,32.39,24.57,0.2900000000000027,7.82,18.0,83.98,1.74
2020-09-06,2020,9,6,Monsoon,29.72,29.38,32.92,25.77,0.33999999999999986,7.150000000000002,21.69,83.97,1.32
2020-09-07,2020,9,7,Monsoon,29.05,29.03,33.1,25.68,0.019999999999999574,7.420000000000002,19.04,81.65,2.12
2020-09-08,2020,9,8,Monsoon,29.45,29.33,33.68,25.27,0.120000000000001,8.41,20.52,80.42,1.65
2020-09-09,2020,9,9,Monsoon,29.42,29.3,32.39,26.34,0.120000000000001,6.050000000000001,18.42,81.6,0.89
2020-09-10,2020,9,10,Monsoon,29.09,29.23,33.11,25.75,-0.14000000000000057,7.359999999999999,18.34,79.79,1.38
2020-09-11,2020,9,11,Monsoon,29.32,29.19,34.09,25.42,0.129999999999999,8.670000000000002,17.89,79.47,1.44
2020-09-12,2020,9,12,Monsoon,28.73,28.56,33.42,23.55,0.1700000000000017,9.870000000000001,16.07,75.59,1.11
2020-09-13,2020,9,13,Monsoon,28.6,28.76,33.07,24.53,-0.16000000000000014,8.54,15.64,75.51,0.9
2020-09-14,2020,9,14,Monsoon,28.13,28.34,31.69,25.62,-0.21000000000000085,6.07,14.76,77.59,0.77
2020-09-15,2020,9,15,Monsoon,28.2,28.14,31.29,25.08,0.05999999999999872,6.210000000000001,15.88,85.68,1.56
2020-09-16,2020,9,16,Monsoon,29.33,29.22,33.54,25.42,0.10999999999999943,8.119999999999997,15.51,81.08,1.53
2020-09-17,2020,9,17,Monsoon,29.94,30.0,35.23,24.61,-0.05999999999999872,10.619999999999997,15.84,75.15,1.55
2020-09-18,2020,9,18,Monsoon,30.53,30.69,36.12,25.72,-0.16000000000000014,10.399999999999999,17.7,72.38,1.32
2020-09-19,2020,9,19,Monsoon,29.28,28.93,33.52,25.19,0.3500000000000014,8.330000000000002,14.06,80.52,1.56
2020-09-20,2020,9,20,Monsoon,29.2,28.69,33.79,24.28,0.509999999999998,9.509999999999998,17.8,77.31,1.57
2020-09-21,2020,9,21,Monsoon,28.92,28.61,33.5,24.55,0.3100000000000023,8.95,19.11,80.05,1.85
2020-09-22,2020,9,22,Monsoon,28.65,28.42,31.87,25.73,0.22999999999999687,6.140000000000001,16.46,83.68,2.64
2020-09-23,2020,9,23,Monsoon,26.83,26.83,29.42,25.18,0.0,4.240000000000002,8.13,91.73,2.07
2020-09-24,2020,9,24,Monsoon,28.11,27.98,31.53,24.87,0.129999999999999,6.66,9.31,83.75,1.08
2020-09-25,2020,9,25,Monsoon,27.44,28.07,33.37,23.49,-0.629999999999999,9.879999999999999,16.71,72.53,2.3
2020-09-26,2020,9,26,Monsoon,27.24,28.1,34.8,21.83,-0.860000000000003,12.969999999999999,18.93,65.43,1.31
2020-09-27,2020,9,27,Monsoon,27.4,27.57,32.96,22.13,-0.1700000000000017,10.830000000000002,17.01,73.75,1.42
2020-09-28,2020,9,28,Monsoon,27.88,28.35,33.99,22.63,-0.4700000000000024,11.360000000000003,19.64,69.15,1.26
2020-09-29,2020,9,29,Monsoon,27.03,27.75,34.01,22.2,-0.7199999999999989,11.809999999999999,20.17,61.27,1.4
2020-09-30,2020,9,30,Monsoon,26.11,27.31,34.03,20.38,-1.1999999999999993,13.650000000000002,20.25,55.47,1.73
2020-10-01,2020,10,1,Post-Monsoon,26.18,26.62,33.91,20.03,-0.4400000000000013,13.879999999999995,20.3,59.26,1.48
2020-10-02,2020,10,2,Post-Monsoon,26.69,26.49,33.48,20.51,0.20000000000000284,12.969999999999995,20.4,65.99,1.2
2020-10-03,2020,10,3,Post-Monsoon,27.29,27.28,34.24,20.94,0.00999999999999801,13.3,19.03,64.72,0.86
2020-10-04,2020,10,4,Post-Monsoon,28.0,27.44,33.35,21.59,0.5599999999999987,11.760000000000002,15.63,69.67,0.97
2020-10-05,2020,10,5,Post-Monsoon,28.09,28.2,35.09,22.81,-0.10999999999999943,12.280000000000005,18.23,58.55,1.2
2020-10-06,2020,10,6,Post-Monsoon,27.35,27.67,35.41,21.11,-0.3200000000000003,14.299999999999997,19.23,47.48,0.96
2020-10-07,2020,10,7,Post-Monsoon,27.22,27.15,34.46,21.0,0.07000000000000028,13.46,18.99,58.28,1.09
2020-10-08,2020,10,8,Post-Monsoon,27.89,27.21,34.81,20.9,0.6799999999999997,13.910000000000004,18.78,60.23,1.03
2020-10-09,2020,10,9,Post-Monsoon,27.73,27.16,34.79,20.44,0.5700000000000003,14.349999999999998,19.14,59.14,1.1
2020-10-10,2020,10,10,Post-Monsoon,28.04,27.52,35.38,21.28,0.5199999999999996,14.100000000000001,19.17,59.96,1.26
2020-10-11,2020,10,11,Post-Monsoon,27.99,27.55,34.99,20.89,0.4399999999999977,14.100000000000001,18.21,60.19,1.28
2020-10-12,2020,10,12,Post-Monsoon,28.87,28.23,35.04,22.18,0.6400000000000006,12.86,17.85,63.05,1.12
2020-10-13,2020,10,13,Post-Monsoon,29.77,29.07,35.79,23.06,0.6999999999999993,12.73,15.68,64.72,1.54
2020-10-14,2020,10,14,Post-Monsoon,28.27,28.08,31.87,24.74,0.19000000000000128,7.130000000000003,15.54,77.95,1.7
2020-10-15,2020,10,15,Post-Monsoon,29.07,28.84,33.74,24.33,0.23000000000000043,9.410000000000004,16.17,71.94,1.34
2020-10-16,2020,10,16,Post-Monsoon,30.32,29.74,36.56,24.36,0.5800000000000018,12.200000000000003,16.79,61.41,0.92
2020-10-17,2020,10,17,Post-Monsoon,29.34,29.41,36.24,22.99,-0.07000000000000028,13.250000000000004,17.13,49.58,0.73
2020-10-18,2020,10,18,Post-Monsoon,28.62,29.32,36.0,23.44,-0.6999999999999993,12.559999999999999,15.89,48.64,1.14
2020-10-19,2020,10,19,Post-Monsoon,27.37,27.53,35.54,22.66,-0.16000000000000014,12.879999999999999,13.9,46.94,1.44
2020-10-20,2020,10,20,Post-Monsoon,26.09,26.46,35.56,18.63,-0.370000000000001,16.930000000000003,15.83,36.13,1.23
2020-10-21,2020,10,21,Post-Monsoon,24.81,25.7,35.32,17.45,-0.8900000000000006,17.87,17.03,33.88,1.4
2020-10-22,2020,10,22,Post-Monsoon,25.59,26.74,35.06,18.85,-1.1499999999999986,16.21,14.74,34.88,0.87
2020-10-23,2020,10,23,Post-Monsoon,26.9,27.28,35.1,21.29,-0.38000000000000256,13.810000000000002,15.01,47.77,1.42
2020-10-24,2020,10,24,Post-Monsoon,26.05,27.46,35.17,20.18,-1.4100000000000001,14.990000000000002,15.91,37.97,1.43
2020-10-25,2020,10,25,Post-Monsoon,26.76,26.92,34.65,20.32,-0.16000000000000014,14.329999999999998,15.6,55.03,1.37
2020-10-26,2020,10,26,Post-Monsoon,25.46,26.47,34.63,20.12,-1.009999999999998,14.510000000000002,15.55,42.37,1.41
2020-10-27,2020,10,27,Post-Monsoon,24.2,25.46,33.86,18.59,-1.2600000000000016,15.27,15.37,35.27,1.14
2020-10-28,2020,10,28,Post-Monsoon,23.19,24.49,32.34,17.61,-1.2999999999999972,14.730000000000004,14.62,34.29,1.17
2020-10-29,2020,10,29,Post-Monsoon,23.16,24.72,32.82,18.58,-1.5599999999999987,14.240000000000002,14.7,31.95,0.82
2020-10-30,2020,10,30,Post-Monsoon,23.23,23.42,33.73,15.3,-0.19000000000000128,18.429999999999996,15.42,36.47,1.56
2020-10-31,2020,10,31,Post-Monsoon,22.77,22.83,32.95,15.23,-0.05999999999999872,17.720000000000002,15.71,35.02,1.82
2020-11-01,2020,11,1,Post-Monsoon,21.96,22.15,31.91,15.51,-0.18999999999999773,16.4,13.6,35.08,2.02
2020-11-02,2020,11,2,Post-Monsoon,20.79,21.22,31.35,13.76,-0.4299999999999997,17.590000000000003,14.42,31.68,2.06
2020-11-03,2020,11,3,Post-Monsoon,20.6,21.56,31.42,13.53,-0.9599999999999973,17.89,14.92,33.14,1.82
2020-11-04,2020,11,4,Post-Monsoon,20.72,21.74,32.22,13.1,-1.0199999999999996,19.119999999999997,16.18,34.71,1.99
2020-11-05,2020,11,5,Post-Monsoon,20.11,22.16,30.18,15.1,-2.0500000000000007,15.08,12.78,36.23,1.31
2020-11-06,2020,11,6,Post-Monsoon,20.19,21.63,31.0,13.79,-1.4399999999999977,17.21,12.26,37.42,1.66
2020-11-07,2020,11,7,Post-Monsoon,19.98,21.84,30.84,14.11,-1.8599999999999994,16.73,11.86,33.31,1.44
2020-11-08,2020,11,8,Post-Monsoon,19.84,21.57,30.58,14.19,-1.7300000000000004,16.39,12.78,35.01,1.43
2020-11-09,2020,11,9,Post-Monsoon,18.67,20.4,28.61,14.64,-1.7299999999999969,13.969999999999999,11.26,37.54,1.23
2020-11-10,2020,11,10,Post-Monsoon,19.76,21.14,29.79,15.08,-1.379999999999999,14.709999999999999,12.11,39.49,1.18
2020-11-11,2020,11,11,Post-Monsoon,21.07,22.8,29.88,15.54,-1.7300000000000004,14.34,15.13,44.12,1.06
2020-11-12,2020,11,12,Post-Monsoon,23.25,23.52,30.74,16.71,-0.2699999999999996,14.029999999999998,13.4,48.97,0.99
2020-11-13,2020,11,13,Post-Monsoon,23.53,23.68,30.67,17.68,-0.14999999999999858,12.990000000000002,11.9,47.95,1.43
2020-11-14,2020,11,14,Post-Monsoon,23.62,24.13,31.55,17.23,-0.509999999999998,14.32,11.8,40.9,1.1
2020-11-15,2020,11,15,Post-Monsoon,23.77,24.2,30.88,17.69,-0.4299999999999997,13.189999999999998,11.23,50.31,1.02
2020-11-16,2020,11,16,Post-Monsoon,21.01,20.99,24.77,18.47,0.020000000000003126,6.300000000000001,10.25,74.86,1.68
2020-11-17,2020,11,17,Post-Monsoon,21.73,21.56,28.74,15.99,0.1700000000000017,12.749999999999998,12.59,61.21,1.79
2020-11-18,2020,11,18,Post-Monsoon,21.34,21.14,27.26,16.83,0.1999999999999993,10.430000000000003,10.17,57.82,0.86
2020-11-19,2020,11,19,Post-Monsoon,23.08,22.33,27.92,17.82,0.75,10.100000000000001,8.25,60.61,1.14
2020-11-20,2020,11,20,Post-Monsoon,19.92,19.73,27.6,14.61,0.19000000000000128,12.990000000000002,11.95,44.0,2.17
2020-11-21,2020,11,21,Post-Monsoon,17.56,17.56,26.64,11.17,0.0,15.47,14.5,38.89,2.74
2020-11-22,2020,11,22,Post-Monsoon,16.69,16.91,26.41,9.47,-0.21999999999999886,16.939999999999998,14.73,39.19,1.81
2020-11-23,2020,11,23,Post-Monsoon,16.81,18.42,26.67,10.16,-1.610000000000003,16.51,13.34,33.42,0.86
2020-11-24,2020,11,24,Post-Monsoon,17.03,19.28,27.0,12.49,-2.25,14.51,12.72,29.85,0.76
2020-11-25,2020,11,25,Post-Monsoon,18.3,20.67,27.17,15.01,-2.370000000000001,12.160000000000002,10.52,29.66,0.75
2020-11-26,2020,11,26,Post-Monsoon,18.91,19.96,27.51,15.29,-1.0500000000000007,12.220000000000002,10.73,35.35,0.98
2020-11-27,2020,11,27,Post-Monsoon,19.16,19.12,28.76,12.0,0.03999999999999915,16.76,11.78,49.21,1.71
2020-11-28,2020,11,28,Post-Monsoon,18.3,18.46,27.82,11.21,-0.16000000000000014,16.61,15.07,42.94,1.96
2020-11-29,2020,11,29,Post-Monsoon,17.55,17.91,26.89,11.08,-0.35999999999999943,15.81,14.26,44.53,1.57
2020-11-30,2020,11,30,Post-Monsoon,17.04,17.88,27.26,10.85,-0.8399999999999999,16.410000000000004,13.82,40.54,1.53
2020-12-01,2020,12,1,Winter,16.78,17.99,26.14,11.02,-1.2099999999999973,15.120000000000001,12.43,39.6,1.32
2020-12-02,2020,12,2,Winter,16.99,17.96,27.09,10.97,-0.9700000000000024,16.119999999999997,11.67,42.44,1.88
2020-12-03,2020,12,3,Winter,17.36,18.69,27.42,11.28,-1.3300000000000018,16.14,11.76,43.31,1.62
2020-12-04,2020,12,4,Winter,17.18,19.57,27.27,11.98,-2.3900000000000006,15.29,11.69,39.29,1.18
2020-12-05,2020,12,5,Winter,17.53,20.33,28.04,13.91,-2.799999999999997,14.129999999999999,11.79,37.91,1.02
2020-12-06,2020,12,6,Winter,18.81,20.36,29.5,12.73,-1.5500000000000007,16.77,11.64,41.42,1.26
2020-12-07,2020,12,7,Winter,18.72,19.51,28.57,12.99,-0.7900000000000027,15.58,11.98,44.18,1.77
2020-12-08,2020,12,8,Winter,17.65,19.05,27.22,13.24,-1.4000000000000021,13.979999999999999,10.38,41.65,1.62
2020-12-09,2020,12,9,Winter,18.55,19.8,28.5,12.16,-1.25,16.34,11.08,45.48,1.79
2020-12-10,2020,12,10,Winter,19.52,20.45,29.64,13.6,-0.9299999999999997,16.04,11.57,46.3,1.88
2020-12-11,2020,12,11,Winter,20.11,20.51,29.11,13.9,-0.40000000000000213,15.209999999999999,7.22,45.8,1.96
2020-12-12,2020,12,12,Winter,19.64,19.6,25.57,14.52,0.03999999999999915,11.05,7.32,66.68,2.04
2020-12-13,2020,12,13,Winter,19.3,19.13,25.96,13.95,0.1700000000000017,12.010000000000002,9.36,59.45,2.34
2020-12-14,2020,12,14,Winter,18.09,17.69,25.16,12.31,0.3999999999999986,12.85,10.09,44.75,2.26
2020-12-15,2020,12,15,Winter,15.57,15.0,17.79,12.5,0.5700000000000003,5.289999999999999,9.76,52.93,1.88
2020-12-16,2020,12,16,Winter,16.36,16.3,23.18,12.62,0.05999999999999872,10.56,9.03,53.73,1.83
2020-12-17,2020,12,17,Winter,14.0,13.89,22.31,8.29,0.10999999999999943,14.02,13.0,33.7,2.75
2020-12-18,2020,12,18,Winter,11.74,11.87,21.41,4.54,-0.129999999999999,16.87,13.14,32.8,2.53
2020-12-19,2020,12,19,Winter,12.59,13.12,23.98,5.22,-0.5299999999999994,18.76,13.47,32.9,2.28
2020-12-20,2020,12,20,Winter,13.09,13.41,23.11,5.43,-0.3200000000000003,17.68,11.72,33.75,1.92
2020-12-21,2020,12,21,Winter,14.5,15.16,24.2,8.2,-0.6600000000000001,16.0,11.94,34.46,1.59
2020-12-22,2020,12,22,Winter,15.57,16.52,25.25,11.03,-0.9499999999999993,14.22,9.75,35.86,1.63
2020-12-23,2020,12,23,Winter,14.96,16.18,25.4,9.92,-1.2199999999999989,15.479999999999999,11.56,35.98,1.47
2020-12-24,2020,12,24,Winter,14.41,15.43,24.68,9.14,-1.0199999999999996,15.54,11.06,36.35,1.49
2020-12-25,2020,12,25,Winter,14.26,14.77,25.08,7.94,-0.5099999999999998,17.139999999999997,12.43,36.5,2.29
2020-12-26,2020,12,26,Winter,13.21,14.54,24.4,6.18,-1.3299999999999983,18.22,12.2,35.87,1.88
2020-12-27,2020,12,27,Winter,14.16,15.65,23.85,8.04,-1.4900000000000002,15.810000000000002,11.68,37.92,1.23
2020-12-28,2020,12,28,Winter,15.78,16.07,25.0,10.2,-0.2900000000000009,14.8,9.21,44.57,1.37
2020-12-29,2020,12,29,Winter,13.4,13.59,22.69,7.3,-0.1899999999999995,15.39,9.7,30.83,2.13
2020-12-30,2020,12,30,Winter,12.19,12.23,21.99,5.26,-0.040000000000000924,16.729999999999997,11.44,34.44,2.11
2020-12-31,2020,12,31,Winter,12.81,12.97,23.3,5.06,-0.16000000000000014,18.240000000000002,9.07,36.26,1.96
2021-01-01,2021,1,1,Winter,14.17,15.57,23.77,7.95,-1.4000000000000004,15.82,9.74,35.16,1.07
2021-01-02,2021,1,2,Winter,16.91,18.35,27.19,11.6,-1.4400000000000013,15.590000000000002,8.98,42.53,0.82
2021-01-03,2021,1,3,Winter,19.08,18.9,27.06,13.51,0.17999999999999972,13.549999999999999,9.23,63.89,1.32
2021-01-04,2021,1,4,Winter,20.42,21.46,29.51,14.45,-1.0399999999999991,15.060000000000002,5.23,58.77,0.84
2021-01-05,2021,1,5,Winter,21.28,21.57,29.94,15.44,-0.28999999999999915,14.500000000000002,9.64,47.19,1.46
2021-01-06,2021,1,6,Winter,21.14,20.93,29.57,15.8,0.21000000000000085,13.77,11.11,48.61,1.34
2021-01-07,2021,1,7,Winter,19.84,19.4,27.81,13.79,0.4400000000000013,14.02,10.95,63.86,2.34
2021-01-08,2021,1,8,Winter,20.04,19.67,28.59,12.42,0.36999999999999744,16.17,6.57,56.7,1.83
2021-01-09,2021,1,9,Winter,19.57,19.42,24.26,16.22,0.14999999999999858,8.040000000000003,6.82,70.48,2.39
2021-01-10,2021,1,10,Winter,20.4,19.88,27.56,14.69,0.5199999999999996,12.87,10.08,62.55,3.08
2021-01-11,2021,1,11,Winter,16.2,15.8,23.75,10.18,0.3999999999999986,13.57,11.78,47.35,2.67
2021-01-12,2021,1,12,Winter,13.5,13.47,23.21,6.1,0.02999999999999936,17.11,10.33,37.84,2.04
2021-01-13,2021,1,13,Winter,12.51,12.59,22.39,5.84,-0.08000000000000007,16.55,9.93,37.93,1.92
2021-01-14,2021,1,14,Winter,11.13,12.79,21.72,5.33,-1.6599999999999984,16.39,10.36,33.9,1.34
2021-01-15,2021,1,15,Winter,11.8,14.05,23.01,7.48,-2.25,15.530000000000001,8.53,27.88,1.29
2021-01-16,2021,1,16,Winter,12.08,14.73,23.94,6.4,-2.6500000000000004,17.54,10.58,29.9,1.49
2021-01-17,2021,1,17,Winter,12.57,14.17,23.4,6.66,-1.5999999999999996,16.74,7.77,31.11,1.46
2021-01-18,2021,1,18,Winter,15.06,16.25,23.63,7.3,-1.1899999999999995,16.33,5.2,29.03,1.02
2021-01-19,2021,1,19,Winter,18.14,18.75,26.29,13.98,-0.6099999999999994,12.309999999999999,8.66,32.45,1.3
2021-01-20,2021,1,20,Winter,16.55,16.55,26.19,9.81,0.0,16.380000000000003,10.16,41.11,2.76
2021-01-21,2021,1,21,Winter,14.59,15.23,25.98,6.81,-0.6400000000000006,19.17,15.51,38.94,2.57
2021-01-22,2021,1,22,Winter,14.78,16.61,25.91,8.67,-1.83,17.240000000000002,8.05,29.43,1.17
2021-01-23,2021,1,23,Winter,15.78,16.9,26.04,8.8,-1.1199999999999992,17.24,8.51,28.76,1.35
2021-01-24,2021,1,24,Winter,17.02,17.66,26.41,9.89,-0.6400000000000006,16.52,9.87,34.79,1.26
2021-01-25,2021,1,25,Winter,15.72,15.25,24.03,8.34,0.47000000000000064,15.690000000000001,5.5,46.8,1.47
2021-01-26,2021,1,26,Winter,14.22,14.22,23.27,7.95,0.0,15.32,8.14,35.33,1.71
2021-01-27,2021,1,27,Winter,13.4,14.61,23.32,6.76,-1.209999999999999,16.560000000000002,9.77,35.21,1.54
2021-01-28,2021,1,28,Winter,13.59,15.24,23.56,7.91,-1.6500000000000004,15.649999999999999,5.99,30.62,1.26
2021-01-29,2021,1,29,Winter,13.16,13.2,22.86,6.07,-0.03999999999999915,16.79,10.05,30.72,2.03
2021-01-30,2021,1,30,Winter,13.63,13.88,24.89,5.21,-0.25,19.68,13.71,30.66,2.29
2021-01-31,2021,1,31,Winter,13.89,15.8,25.38,5.96,-1.9100000000000001,19.419999999999998,16.18,25.38,1.53
2021-02-01,2021,2,1,Winter,14.78,16.99,26.24,8.05,-2.209999999999999,18.189999999999998,16.05,20.59,1.64
2021-02-02,2021,2,2,Winter,16.48,18.23,28.3,8.29,-1.75,20.01,16.14,22.68,1.56
2021-02-03,2021,2,3,Winter,18.36,19.03,29.66,9.96,-0.6700000000000017,19.7,16.38,25.88,1.33
2021-02-04,2021,2,4,Winter,19.87,20.02,30.1,11.34,-0.14999999999999858,18.76,14.89,25.89,1.53
2021-02-05,2021,2,5,Winter,16.85,17.69,24.02,12.43,-0.8399999999999999,11.59,8.22,51.14,1.91
2021-02-06,2021,2,6,Winter,16.75,16.63,25.81,9.57,0.120000000000001,16.24,16.41,43.84,1.75
2021-02-07,2021,2,7,Winter,15.98,16.37,25.28,8.05,-0.39000000000000057,17.23,18.22,39.81,1.89
2021-02-08,2021,2,8,Winter,16.15,16.85,26.09,8.71,-0.7000000000000028,17.38,17.28,35.9,1.67
2021-02-09,2021,2,9,Winter,17.41,19.19,28.18,9.2,-1.7800000000000011,18.98,15.48,34.27,1.41
2021-02-10,2021,2,10,Winter,19.0,20.72,29.47,13.29,-1.7199999999999989,16.18,15.66,29.54,1.25
2021-02-11,2021,2,11,Winter,19.17,21.14,30.84,11.15,-1.9699999999999989,19.689999999999998,16.29,26.91,1.43
2021-02-12,2021,2,12,Winter,18.87,21.22,29.12,15.71,-2.349999999999998,13.41,13.33,23.48,0.96
2021-02-13,2021,2,13,Winter,19.01,20.43,29.35,13.63,-1.4199999999999982,15.72,15.32,26.35,1.33
2021-02-14,2021,2,14,Winter,19.64,20.91,29.8,14.35,-1.2699999999999996,15.450000000000001,15.96,25.18,1.42
2021-02-15,2021,2,15,Winter,20.09,21.65,30.44,14.38,-1.5599999999999987,16.060000000000002,16.98,24.53,1.23
2021-02-16,2021,2,16,Winter,21.02,21.32,31.2,16.41,-0.3000000000000007,14.79,9.23,37.51,1.57
2021-02-17,2021,2,17,Winter,20.52,21.37,29.24,13.52,-0.8500000000000014,15.719999999999999,16.73,42.67,0.64
2021-02-18,2021,2,18,Winter,20.57,22.03,29.64,15.49,-1.4600000000000009,14.15,16.99,26.1,0.89
2021-02-19,2021,2,19,Winter,20.53,21.92,30.06,16.46,-1.3900000000000006,13.599999999999998,16.5,24.33,1.04
2021-02-20,2021,2,20,Winter,20.29,20.62,30.48,13.3,-0.33000000000000185,17.18,17.4,24.89,1.41
2021-02-21,2021,2,21,Winter,20.16,20.97,30.48,11.88,-0.8099999999999987,18.6,18.25,25.51,1.86
2021-02-22,2021,2,22,Winter,21.1,21.92,31.73,12.18,-0.8200000000000003,19.55,18.43,22.76,1.93
2021-02-23,2021,2,23,Winter,22.71,24.15,33.65,14.02,-1.4399999999999977,19.63,18.98,21.17,1.55
2021-02-24,2021,2,24,Winter,23.66,24.57,34.86,14.9,-0.9100000000000001,19.96,19.64,20.1,2.04
2021-02-25,2021,2,25,Winter,24.76,25.18,36.01,15.36,-0.41999999999999815,20.65,20.16,20.35,2.22
2021-02-26,2021,2,26,Winter,25.13,25.57,35.62,16.44,-0.4400000000000013,19.179999999999996,20.69,21.67,2.23
2021-02-27,2021,2,27,Winter,26.1,26.32,35.9,17.44,-0.21999999999999886,18.459999999999997,20.22,24.21,2.52
2021-02-28,2021,2,28,Winter,27.09,26.98,35.91,19.32,0.10999999999999943,16.589999999999996,19.98,26.74,1.51
2021-03-01,2021,3,1,Summer,25.72,25.53,35.02,17.05,0.18999999999999773,17.970000000000002,20.6,21.72,2.02
2021-03-02,2021,3,2,Summer,23.09,22.69,32.61,14.0,0.3999999999999986,18.61,22.26,15.78,2.84
2021-03-03,2021,3,3,Summer,23.42,23.44,34.02,12.97,-0.019999999999999574,21.050000000000004,21.97,15.16,2.25
2021-03-04,2021,3,4,Summer,24.57,25.9,35.62,17.85,-1.3299999999999983,17.769999999999996,21.68,14.24,1.72
2021-03-05,2021,3,5,Summer,25.7,25.45,35.46,16.94,0.25,18.52,21.68,17.18,2.17
2021-03-06,2021,3,6,Summer,25.17,25.44,35.96,15.49,-0.2699999999999996,20.47,22.25,14.47,2.68
2021-03-07,2021,3,7,Summer,26.96,27.51,37.53,17.13,-0.5500000000000007,20.400000000000002,20.94,13.82,1.87
2021-03-08,2021,3,8,Summer,27.67,27.29,37.92,17.4,0.38000000000000256,20.520000000000003,20.23,16.97,2.06
2021-03-09,2021,3,9,Summer,27.9,28.71,37.34,19.19,-0.8100000000000023,18.150000000000002,19.53,18.03,1.34
2021-03-10,2021,3,10,Summer,28.21,29.36,37.29,20.44,-1.1499999999999986,16.849999999999998,20.41,18.53,1.28
2021-03-11,2021,3,11,Summer,28.31,28.52,37.31,20.4,-0.21000000000000085,16.910000000000004,20.45,19.42,1.13
2021-03-12,2021,3,12,Summer,27.77,27.0,36.94,20.36,0.7699999999999996,16.58,10.03,22.18,1.81
2021-03-13,2021,3,13,Summer,27.66,26.44,34.71,19.41,1.2199999999999989,15.3,19.91,39.71,1.55
2021-03-14,2021,3,14,Summer,27.5,26.63,35.54,18.88,0.870000000000001,16.66,21.65,30.98,1.88
2021-03-15,2021,3,15,Summer,27.27,27.41,35.81,19.51,-0.14000000000000057,16.3,21.45,22.79,2.14
2021-03-16,2021,3,16,Summer,27.73,27.55,36.64,19.78,0.17999999999999972,16.86,19.09,22.1,1.93
2021-03-17,2021,3,17,Summer,27.67,28.07,36.51,19.38,-0.3999999999999986,17.13,18.75,21.78,2.0
2021-03-18,2021,3,18,Summer,29.22,29.9,37.64,20.88,-0.6799999999999997,16.76,18.04,19.46,1.42
2021-03-19,2021,3,19,Summer,29.56,29.01,36.89,22.17,0.5499999999999972,14.719999999999999,13.09,26.05,1.92
2021-03-20,2021,3,20,Summer,29.63,28.61,37.04,21.71,1.0199999999999996,15.329999999999998,20.41,27.1,2.0
2021-03-21,2021,3,21,Summer,29.11,29.63,37.63,21.37,-0.5199999999999996,16.26,21.86,18.93,1.4
2021-03-22,2021,3,22,Summer,30.74,31.27,39.1,23.38,-0.5300000000000011,15.720000000000002,21.6,17.83,1.04
2021-03-23,2021,3,23,Summer,32.0,30.73,39.28,22.52,1.2699999999999996,16.76,20.41,21.06,1.37
2021-03-24,2021,3,24,Summer,30.31,28.81,37.19,20.81,1.5,16.38,22.03,27.31,2.04
2021-03-25,2021,3,25,Summer,28.35,27.45,35.95,20.44,0.9000000000000021,15.510000000000002,22.99,18.95,2.95
2021-03-26,2021,3,26,Summer,27.07,26.33,35.53,17.39,0.740000000000002,18.14,24.34,20.51,2.62
2021-03-27,2021,3,27,Summer,28.83,28.66,37.35,19.33,0.16999999999999815,18.020000000000003,24.16,20.23,1.51
2021-03-28,2021,3,28,Summer,30.33,29.85,38.88,20.8,0.4799999999999969,18.080000000000002,22.83,19.36,1.46
2021-03-29,2021,3,29,Summer,31.85,32.06,41.36,22.08,-0.21000000000000085,19.28,22.79,17.14,1.71
2021-03-30,2021,3,30,Summer,32.31,32.46,42.2,22.49,-0.14999999999999858,19.710000000000004,23.05,12.5,3.24
2021-03-31,2021,3,31,Summer,31.04,30.36,40.36,22.23,0.6799999999999997,18.13,25.49,8.94,3.96
2021-04-01,2021,4,1,Summer,28.44,27.88,38.58,17.47,0.5600000000000023,21.11,25.44,6.45,3.41
2021-04-02,2021,4,2,Summer,28.52,27.67,38.38,17.45,0.8499999999999979,20.930000000000003,27.07,7.35,2.22
2021-04-03,2021,4,3,Summer,29.2,28.12,38.52,18.33,1.0799999999999983,20.190000000000005,26.26,7.0,1.66
2021-04-04,2021,4,4,Summer,29.13,29.19,39.04,18.7,-0.060000000000002274,20.34,26.39,7.17,1.99
2021-04-05,2021,4,5,Summer,30.87,31.43,41.15,22.53,-0.5599999999999987,18.619999999999997,23.92,7.72,1.82
2021-04-06,2021,4,6,Summer,32.26,31.58,41.93,21.24,0.6799999999999997,20.69,22.89,10.04,1.89
2021-04-07,2021,4,7,Summer,33.81,32.69,42.45,24.22,1.1200000000000045,18.230000000000004,21.69,13.45,2.02
2021-04-08,2021,4,8,Summer,33.85,32.03,40.8,23.74,1.8200000000000003,17.06,22.12,15.68,1.53
2021-04-09,2021,4,9,Summer,32.6,31.01,40.25,22.47,1.5899999999999999,17.78,20.94,10.53,1.87
2021-04-10,2021,4,10,Summer,32.16,30.99,40.16,23.71,1.1699999999999982,16.449999999999996,24.82,9.05,1.63
2021-04-11,2021,4,11,Summer,31.63,31.15,40.7,22.36,0.4800000000000004,18.340000000000003,25.17,10.19,2.24
2021-04-12,2021,4,12,Summer,32.24,31.68,40.93,22.32,0.5600000000000023,18.61,25.52,12.05,2.32
2021-04-13,2021,4,13,Summer,33.23,32.89,41.97,24.49,0.3399999999999963,17.48,25.31,12.87,2.39
2021-04-14,2021,4,14,Summer,34.01,33.62,42.83,24.99,0.39000000000000057,17.84,25.09,13.43,2.22
2021-04-15,2021,4,15,Summer,34.06,33.4,41.93,25.41,0.6600000000000037,16.52,20.81,14.48,2.56
2021-04-16,2021,4,16,Summer,35.09,33.66,42.25,24.35,1.4300000000000068,17.9,23.71,16.83,1.49
2021-04-17,2021,4,17,Summer,34.99,33.0,40.8,26.32,1.990000000000002,14.479999999999997,21.36,18.83,1.92
2021-04-18,2021,4,18,Summer,33.31,31.89,39.95,24.69,1.4200000000000017,15.260000000000002,26.5,21.6,2.66
2021-04-19,2021,4,19,Summer,33.32,32.24,40.75,23.78,1.0799999999999983,16.97,25.76,16.67,2.86
2021-04-20,2021,4,20,Summer,33.86,33.59,41.96,25.88,0.269999999999996,16.080000000000002,22.68,15.34,1.89
2021-04-21,2021,4,21,Summer,29.59,28.57,35.79,23.11,1.0199999999999996,12.68,17.85,41.66,2.93
2021-04-22,2021,4,22,Summer,29.55,28.02,35.78,20.31,1.5300000000000011,15.470000000000002,26.67,40.82,1.33
2021-04-23,2021,4,23,Summer,31.32,30.14,39.1,20.79,1.1799999999999997,18.310000000000002,26.51,28.09,1.76
2021-04-24,2021,4,24,Summer,31.12,30.2,40.17,22.89,0.9200000000000017,17.28,26.38,22.49,2.3
2021-04-25,2021,4,25,Summer,30.29,29.33,38.1,20.29,0.9600000000000009,17.810000000000002,28.11,22.95,2.27
2021-04-26,2021,4,26,Summer,31.2,31.17,40.63,22.05,0.029999999999997584,18.580000000000002,27.76,17.55,1.99
2021-04-27,2021,4,27,Summer,32.88,32.88,42.34,22.21,0.0,20.130000000000003,27.12,15.25,1.89
2021-04-28,2021,4,28,Summer,34.72,35.04,43.98,24.86,-0.3200000000000003,19.119999999999997,25.37,14.16,1.62
2021-04-29,2021,4,29,Summer,35.9,35.62,43.56,27.58,0.28000000000000114,15.980000000000004,18.6,13.58,0.85
2021-04-30,2021,4,30,Summer,34.85,34.51,41.95,25.38,0.3400000000000034,16.570000000000004,21.47,16.09,1.25
2021-05-01,2021,5,1,Summer,35.6,34.52,41.7,26.14,1.0799999999999983,15.560000000000002,21.94,17.49,1.52
2021-05-02,2021,5,2,Summer,34.36,32.91,41.22,27.64,1.4500000000000028,13.579999999999998,10.34,24.72,3.72
2021-05-03,2021,5,3,Summer,34.53,32.38,39.73,25.51,2.1499999999999986,14.219999999999995,13.94,28.52,1.59
2021-05-04,2021,5,4,Summer,36.61,34.16,41.37,26.19,2.450000000000003,15.179999999999996,23.34,24.35,1.51
2021-05-05,2021,5,5,Summer,37.15,34.0,40.86,27.41,3.1499999999999986,13.45,23.69,23.52,2.31
2021-05-06,2021,5,6,Summer,36.08,33.64,40.74,26.78,2.4399999999999977,13.96,20.7,28.59,2.84
2021-05-07,2021,5,7,Summer,36.07,33.77,40.92,26.69,2.299999999999997,14.23,17.4,25.41,2.72
2021-05-08,2021,5,8,Summer,35.9,33.0,39.73,26.83,2.8999999999999986,12.899999999999999,22.27,26.64,1.72
2021-05-09,2021,5,9,Summer,34.86,32.89,38.81,26.17,1.9699999999999989,12.64,22.6,27.32,1.64
2021-05-10,2021,5,10,Summer,36.16,33.43,40.68,25.67,2.729999999999997,15.009999999999998,21.49,26.34,1.71
2021-05-11,2021,5,11,Summer,36.11,33.61,40.38,26.85,2.5,13.530000000000001,24.55,24.5,1.94
2021-05-12,2021,5,12,Summer,36.21,33.57,40.75,26.94,2.6400000000000006,13.809999999999999,24.74,27.62,1.95
2021-05-13,2021,5,13,Summer,32.31,29.9,34.69,24.89,2.4100000000000037,9.799999999999997,15.47,41.02,1.13
2021-05-14,2021,5,14,Summer,35.1,32.37,39.34,24.24,2.730000000000004,15.100000000000005,25.12,36.48,1.42
2021-05-15,2021,5,15,Summer,37.84,35.02,41.29,29.39,2.8200000000000003,11.899999999999999,20.65,29.9,1.2
2021-05-16,2021,5,16,Summer,39.44,35.68,42.37,28.63,3.759999999999998,13.739999999999998,23.29,26.91,1.44
2021-05-17,2021,5,17,Summer,39.23,36.35,42.46,30.27,2.8799999999999955,12.190000000000001,6.61,24.5,1.66
2021-05-18,2021,5,18,Summer,34.25,31.63,37.17,24.9,2.620000000000001,12.270000000000003,9.14,37.18,2.51
2021-05-19,2021,5,19,Summer,26.89,25.66,29.35,22.84,1.2300000000000004,6.510000000000002,10.79,77.09,4.08
2021-05-20,2021,5,20,Summer,30.0,29.2,33.99,25.02,0.8000000000000007,8.970000000000002,15.76,68.85,4.25
2021-05-21,2021,5,21,Summer,31.62,30.05,36.73,23.44,1.5700000000000003,13.289999999999996,20.02,47.65,2.81
2021-05-22,2021,5,22,Summer,33.83,32.21,39.64,24.08,1.6199999999999974,15.560000000000002,26.11,38.68,1.69
2021-05-23,2021,5,23,Summer,34.59,32.65,40.14,25.13,1.9400000000000048,15.010000000000002,27.28,37.39,2.14
2021-05-24,2021,5,24,Summer,33.25,31.82,38.92,25.6,1.4299999999999997,13.32,27.06,32.81,3.69
2021-05-25,2021,5,25,Summer,33.73,32.48,41.15,23.53,1.25,17.619999999999997,26.39,30.81,2.94
2021-05-26,2021,5,26,Summer,35.36,33.5,41.61,25.47,1.8599999999999994,16.14,24.63,32.45,1.78
2021-05-27,2021,5,27,Summer,34.61,32.71,39.89,24.94,1.8999999999999986,14.95,21.43,39.7,2.57
2021-05-28,2021,5,28,Summer,28.58,27.61,31.39,24.44,0.9699999999999989,6.949999999999999,14.62,67.54,5.81
2021-05-29,2021,5,29,Summer,31.61,29.38,34.63,25.0,2.2300000000000004,9.630000000000003,19.46,65.29,5.08
2021-05-30,2021,5,30,Summer,34.89,32.1,39.27,24.48,2.789999999999999,14.790000000000003,23.15,55.73,1.49
2021-05-31,2021,5,31,Summer,37.21,34.89,41.75,27.3,2.3200000000000003,14.45,23.96,44.62,1.63
2021-06-01,2021,6,1,Monsoon,37.53,34.84,40.53,28.72,2.6899999999999977,11.810000000000002,21.07,40.3,1.25
2021-06-02,2021,6,2,Monsoon,37.1,34.08,40.06,28.68,3.020000000000003,11.380000000000003,25.01,41.49,1.09
2021-06-03,2021,6,3,Monsoon,37.42,35.15,41.46,28.08,2.270000000000003,13.380000000000003,22.17,37.9,1.6
2021-06-04,2021,6,4,Monsoon,37.64,34.98,40.99,27.58,2.6600000000000037,13.410000000000004,20.99,39.91,2.17
2021-06-05,2021,6,5,Monsoon,34.28,33.03,36.66,30.04,1.25,6.619999999999997,17.38,45.55,2.97
2021-06-06,2021,6,6,Monsoon,37.28,35.02,40.68,28.31,2.259999999999998,12.370000000000001,22.61,40.67,2.61
2021-06-07,2021,6,7,Monsoon,37.41,35.83,41.26,30.51,1.5799999999999983,10.749999999999996,24.03,40.29,2.91
2021-06-08,2021,6,8,Monsoon,36.98,35.69,41.74,30.04,1.2899999999999991,11.700000000000003,20.4,42.25,1.83
2021-06-09,2021,6,9,Monsoon,38.91,36.54,42.0,32.23,2.3699999999999974,9.770000000000003,18.72,40.58,1.47
2021-06-10,2021,6,10,Monsoon,32.12,31.34,34.27,28.3,0.7799999999999976,5.970000000000002,9.91,60.2,2.47
2021-06-11,2021,6,11,Monsoon,30.78,29.66,33.13,27.33,1.120000000000001,5.800000000000004,21.05,68.47,1.7
2021-06-12,2021,6,12,Monsoon,32.87,31.19,36.05,26.9,1.6799999999999962,9.149999999999999,17.93,66.41,1.81
2021-06-13,2021,6,13,Monsoon,32.76,30.93,34.98,27.54,1.8299999999999983,7.439999999999998,18.49,68.81,2.97
2021-06-14,2021,6,14,Monsoon,31.17,30.06,34.28,26.83,1.110000000000003,7.450000000000003,15.39,73.61,1.7
2021-06-15,2021,6,15,Monsoon,33.44,31.18,36.3,26.45,2.259999999999998,9.849999999999998,21.79,64.57,2.7
2021-06-16,2021,6,16,Monsoon,34.78,32.47,38.27,26.23,2.3100000000000023,12.040000000000003,22.52,59.47,1.8
2021-06-17,2021,6,17,Monsoon,33.3,31.36,35.57,27.12,1.9399999999999977,8.45,17.72,62.28,1.93
2021-06-18,2021,6,18,Monsoon,28.91,28.19,30.17,26.53,0.7199999999999989,3.6400000000000006,6.41,80.68,2.08
2021-06-19,2021,6,19,Monsoon,29.23,28.82,32.26,25.59,0.41000000000000014,6.669999999999998,8.25,78.76,2.73
2021-06-20,2021,6,20,Monsoon,30.59,29.76,33.33,26.03,0.8299999999999983,7.299999999999997,17.46,73.77,3.35
2021-06-21,2021,6,21,Monsoon,32.3,31.03,35.41,26.38,1.269999999999996,9.029999999999998,19.28,68.2,2.33
2021-06-22,2021,6,22,Monsoon,33.75,32.29,37.94,26.62,1.4600000000000009,11.319999999999997,22.16,57.58,1.83
2021-06-23,2021,6,23,Monsoon,34.1,32.26,37.16,27.38,1.8400000000000034,9.779999999999998,15.99,64.3,1.82
2021-06-24,2021,6,24,Monsoon,32.61,31.05,34.81,27.79,1.5599999999999987,7.020000000000003,10.71,70.97,1.98
2021-06-25,2021,6,25,Monsoon,32.56,30.83,36.02,26.47,1.730000000000004,9.550000000000004,20.87,67.33,1.94
2021-06-26,2021,6,26,Monsoon,32.39,30.34,35.47,25.63,2.0500000000000007,9.84,22.55,69.55,1.92
2021-06-27,2021,6,27,Monsoon,32.06,30.28,34.61,26.87,1.7800000000000011,7.739999999999998,19.53,72.16,2.03
2021-06-28,2021,6,28,Monsoon,33.84,31.72,36.05,26.97,2.1200000000000045,9.079999999999998,18.85,67.26,1.2
2021-06-29,2021,6,29,Monsoon,35.05,34.35,39.81,28.35,0.6999999999999957,11.46,22.61,51.89,2.06
2021-06-30,2021,6,30,Monsoon,36.51,36.27,43.33,28.53,0.23999999999999488,14.799999999999997,20.51,42.94,2.79
2021-07-01,2021,7,1,Monsoon,36.41,35.66,42.42,31.27,0.75,11.150000000000002,20.5,50.04,4.21
2021-07-02,2021,7,2,Monsoon,35.44,34.29,40.46,29.59,1.1499999999999986,10.870000000000001,18.57,51.76,3.49
2021-07-03,2021,7,3,Monsoon,35.08,33.66,39.11,27.88,1.4200000000000017,11.23,17.46,54.23,2.78
2021-07-04,2021,7,4,Monsoon,36.63,34.2,39.17,29.07,2.4299999999999997,10.100000000000001,20.17,50.76,1.32
2021-07-05,2021,7,5,Monsoon,37.0,34.42,39.75,28.54,2.5799999999999983,11.21,21.71,52.06,1.39
2021-07-06,2021,7,6,Monsoon,37.91,35.72,41.15,29.23,2.1899999999999977,11.919999999999998,20.76,45.57,1.31
2021-07-07,2021,7,7,Monsoon,37.12,36.06,41.41,31.03,1.0599999999999952,10.379999999999995,18.15,46.76,2.39
2021-07-08,2021,7,8,Monsoon,35.04,33.97,38.93,29.7,1.0700000000000003,9.23,15.69,56.66,2.42
2021-07-09,2021,7,9,Monsoon,33.57,31.81,35.83,28.11,1.7600000000000016,7.719999999999999,18.37,64.41,2.2
2021-07-10,2021,7,10,Monsoon,34.3,32.5,37.27,28.25,1.7999999999999972,9.020000000000003,18.93,65.06,2.64
2021-07-11,2021,7,11,Monsoon,30.8,30.43,32.79,28.45,0.370000000000001,4.34,12.96,75.7,4.06
2021-07-12,2021,7,12,Monsoon,30.11,29.75,32.61,27.0,0.35999999999999943,5.609999999999999,19.19,76.96,3.32
2021-07-13,2021,7,13,Monsoon,33.53,31.99,37.13,27.25,1.5400000000000027,9.880000000000003,24.87,66.56,3.2
2021-07-14,2021,7,14,Monsoon,33.85,32.31,37.26,27.46,1.5399999999999991,9.799999999999997,22.58,63.11,3.49
2021-07-15,2021,7,15,Monsoon,34.39,32.43,37.86,27.05,1.9600000000000009,10.809999999999999,21.81,62.88,3.32
2021-07-16,2021,7,16,Monsoon,34.42,32.44,37.09,27.68,1.980000000000004,9.410000000000004,21.58,61.17,2.14
2021-07-17,2021,7,17,Monsoon,29.19,29.0,30.96,27.05,0.19000000000000128,3.91,9.9,76.26,2.67
2021-07-18,2021,7,18,Monsoon,28.95,28.82,31.03,27.19,0.129999999999999,3.84,8.06,82.69,2.38
2021-07-19,2021,7,19,Monsoon,29.03,28.82,31.52,26.39,0.21000000000000085,5.129999999999999,12.1,85.42,1.53
2021-07-20,2021,7,20,Monsoon,30.0,29.59,33.41,26.58,0.41000000000000014,6.829999999999998,15.58,79.69,2.46
2021-07-21,2021,7,21,Monsoon,29.07,28.95,31.84,26.46,0.120000000000001,5.379999999999999,11.52,85.14,2.76
2021-07-22,2021,7,22,Monsoon,30.24,29.82,33.33,26.45,0.41999999999999815,6.879999999999999,15.24,81.81,1.53
2021-07-23,2021,7,23,Monsoon,30.32,30.47,33.8,27.06,-0.14999999999999858,6.739999999999998,18.69,80.38,1.61
2021-07-24,2021,7,24,Monsoon,30.94,30.45,33.93,27.63,0.490000000000002,6.300000000000001,20.25,81.72,2.92
2021-07-25,2021,7,25,Monsoon,31.12,30.55,34.07,27.76,0.5700000000000003,6.309999999999999,20.22,80.52,2.97
2021-07-26,2021,7,26,Monsoon,29.74,29.55,32.29,27.16,0.18999999999999773,5.129999999999999,18.16,81.87,1.99
2021-07-27,2021,7,27,Monsoon,29.53,29.3,32.27,26.92,0.23000000000000043,5.350000000000001,9.97,85.32,1.57
2021-07-28,2021,7,28,Monsoon,27.96,28.04,30.59,25.71,-0.0799999999999983,4.879999999999999,9.59,88.81,2.44
2021-07-29,2021,7,29,Monsoon,29.17,28.91,32.05,26.39,0.26000000000000156,5.659999999999997,9.81,86.3,1.82
2021-07-30,2021,7,30,Monsoon,28.02,28.19,29.72,26.62,-0.1700000000000017,3.099999999999998,10.44,87.73,1.53
2021-07-31,2021,7,31,Monsoon,29.05,28.91,32.4,25.58,0.14000000000000057,6.82,18.79,84.54,2.89
2021-08-01,2021,8,1,Monsoon,28.54,28.68,32.26,26.25,-0.14000000000000057,6.009999999999998,11.59,89.01,4.3
2021-08-02,2021,8,2,Monsoon,28.68,28.53,32.26,25.07,0.14999999999999858,7.189999999999998,12.51,85.21,4.09
2021-08-03,2021,8,3,Monsoon,28.59,28.39,32.77,25.14,0.1999999999999993,7.630000000000003,17.37,84.75,3.62
2021-08-04,2021,8,4,Monsoon,28.51,28.13,32.53,24.55,0.38000000000000256,7.98,17.43,86.36,3.34
2021-08-05,2021,8,5,Monsoon,28.7,28.45,32.4,25.33,0.25,7.07,19.7,85.96,3.63
2021-08-06,2021,8,6,Monsoon,29.21,29.13,32.68,26.14,0.08000000000000185,6.539999999999999,17.71,85.88,3.06
2021-08-07,2021,8,7,Monsoon,29.01,28.96,32.47,26.29,0.05000000000000071,6.18,16.39,86.15,2.42
2021-08-08,2021,8,8,Monsoon,27.98,28.09,30.38,26.42,-0.10999999999999943,3.9599999999999973,15.78,90.38,2.14
2021-08-09,2021,8,9,Monsoon,29.47,29.17,32.81,26.12,0.29999999999999716,6.690000000000001,12.02,86.5,1.2
2021-08-10,2021,8,10,Monsoon,28.52,28.49,31.3,26.63,0.030000000000001137,4.670000000000002,13.54,88.62,2.68
2021-08-11,2021,8,11,Monsoon,28.76,28.92,33.17,26.14,-0.16000000000000014,7.030000000000001,11.83,83.48,2.74
2021-08-12,2021,8,12,Monsoon,29.13,29.1,33.09,25.88,0.029999999999997584,7.210000000000004,13.75,83.66,2.44
2021-08-13,2021,8,13,Monsoon,29.29,29.24,33.11,26.19,0.05000000000000071,6.919999999999998,15.37,84.38,2.27
2021-08-14,2021,8,14,Monsoon,29.57,29.53,33.53,25.94,0.03999999999999915,7.59,20.38,83.98,2.21
2021-08-15,2021,8,15,Monsoon,29.91,29.89,33.52,26.81,0.019999999999999574,6.710000000000004,20.3,83.21,1.93
2021-08-16,2021,8,16,Monsoon,30.08,30.06,33.66,26.39,0.019999999999999574,7.269999999999996,17.92,78.67,1.24
2021-08-17,2021,8,17,Monsoon,30.34,30.35,34.24,26.49,-0.010000000000001563,7.7500000000000036,19.21,76.73,1.1
2021-08-18,2021,8,18,Monsoon,30.21,29.82,33.51,26.48,0.39000000000000057,7.029999999999998,15.25,79.46,0.82
2021-08-19,2021,8,19,Monsoon,28.95,28.76,31.74,26.33,0.18999999999999773,5.41,10.45,86.45,0.86
2021-08-20,2021,8,20,Monsoon,28.25,28.48,30.89,26.6,-0.23000000000000043,4.289999999999999,11.55,88.4,1.56
2021-08-21,2021,8,21,Monsoon,29.04,28.86,32.81,25.93,0.17999999999999972,6.880000000000003,14.0,85.53,1.72
2021-08-22,2021,8,22,Monsoon,28.72,28.54,32.01,25.9,0.17999999999999972,6.109999999999999,20.98,86.04,1.02
2021-08-23,2021,8,23,Monsoon,27.83,28.06,30.52,25.94,-0.23000000000000043,4.579999999999998,16.76,88.92,2.03
2021-08-24,2021,8,24,Monsoon,28.0,28.26,30.97,26.14,-0.26000000000000156,4.829999999999998,12.77,89.71,2.9
2021-08-25,2021,8,25,Monsoon,28.81,28.92,32.18,26.16,-0.11000000000000298,6.02,15.03,87.27,2.76
2021-08-26,2021,8,26,Monsoon,28.15,28.32,31.76,26.1,-0.1700000000000017,5.66,15.17,87.1,3.11
2021-08-27,2021,8,27,Monsoon,28.56,28.55,32.32,25.35,0.00999999999999801,6.969999999999999,11.23,83.58,1.82
2021-08-28,2021,8,28,Monsoon,28.43,28.67,32.28,25.14,-0.240000000000002,7.140000000000001,15.65,80.23,1.17
2021-08-29,2021,8,29,Monsoon,28.52,28.22,31.8,24.87,0.3000000000000007,6.93,14.69,82.82,1.31
2021-08-30,2021,8,30,Monsoon,27.44,27.43,30.11,25.36,0.010000000000001563,4.75,12.45,90.49,2.09
2021-08-31,2021,8,31,Monsoon,27.57,27.47,30.87,25.4,0.10000000000000142,5.470000000000002,19.01,88.24,2.03
2021-09-01,2021,9,1,Monsoon,28.46,28.38,32.02,25.06,0.08000000000000185,6.960000000000004,20.91,85.18,1.67
2021-09-02,2021,9,2,Monsoon,28.95,29.22,32.26,25.42,-0.2699999999999996,6.839999999999996,20.76,79.27,1.37
2021-09-03,2021,9,3,Monsoon,28.85,28.83,32.06,25.55,0.020000000000003126,6.510000000000002,17.38,83.81,1.33
2021-09-04,2021,9,4,Monsoon,28.33,28.23,31.33,25.73,0.09999999999999787,5.599999999999998,16.35,86.06,1.35
2021-09-05,2021,9,5,Monsoon,29.62,29.31,33.07,24.84,0.3100000000000023,8.23,18.65,78.57,0.67
2021-09-06,2021,9,6,Monsoon,29.36,29.43,33.53,25.67,-0.07000000000000028,7.859999999999999,15.45,80.17,1.28
2021-09-07,2021,9,7,Monsoon,27.61,27.64,31.58,23.76,-0.030000000000001137,7.819999999999997,19.23,87.15,2.98
2021-09-08,2021,9,8,Monsoon,27.59,27.6,30.89,25.43,-0.010000000000001563,5.460000000000001,16.19,87.34,3.05
2021-09-09,2021,9,9,Monsoon,28.17,27.99,31.91,24.73,0.18000000000000327,7.18,16.58,84.95,2.14
2021-09-10,2021,9,10,Monsoon,27.99,27.98,31.1,25.41,0.00999999999999801,5.690000000000001,14.78,87.67,2.38
2021-09-11,2021,9,11,Monsoon,27.54,27.72,30.31,25.69,-0.17999999999999972,4.619999999999997,12.28,91.15,2.02
2021-09-12,2021,9,12,Monsoon,28.26,28.33,31.39,25.76,-0.06999999999999673,5.629999999999999,20.14,84.73,1.83
2021-09-13,2021,9,13,Monsoon,28.24,28.34,31.81,25.27,-0.10000000000000142,6.539999999999999,19.35,85.74,2.08
2021-09-14,2021,9,14,Monsoon,27.62,27.68,30.85,25.56,-0.05999999999999872,5.290000000000003,16.02,87.09,4.72
2021-09-15,2021,9,15,Monsoon,26.16,26.3,28.2,24.41,-0.14000000000000057,3.789999999999999,7.44,91.95,5.82
2021-09-16,2021,9,16,Monsoon,25.58,25.85,26.95,25.15,-0.2700000000000031,1.8000000000000007,5.39,93.41,7.42
2021-09-17,2021,9,17,Monsoon,26.58,26.79,29.16,25.01,-0.21000000000000085,4.149999999999999,10.27,92.0,3.19
2021-09-18,2021,9,18,Monsoon,27.96,27.89,31.4,25.11,0.07000000000000028,6.289999999999999,17.41,86.99,2.29
2021-09-19,2021,9,19,Monsoon,28.17,28.0,31.55,24.57,0.1700000000000017,6.98,19.55,85.52,1.53
2021-09-20,2021,9,20,Monsoon,28.59,28.58,32.13,25.05,0.010000000000001563,7.080000000000002,19.43,84.86,1.02
2021-09-21,2021,9,21,Monsoon,27.78,27.94,30.73,25.23,-0.16000000000000014,5.5,17.72,87.01,1.17
2021-09-22,2021,9,22,Monsoon,27.26,27.47,30.45,25.25,-0.2099999999999973,5.199999999999999,17.4,88.28,1.45
2021-09-23,2021,9,23,Monsoon,27.28,27.22,30.64,24.14,0.060000000000002274,6.5,16.02,88.44,2.52
2021-09-24,2021,9,24,Monsoon,27.1,27.2,30.37,24.87,-0.09999999999999787,5.5,10.78,90.2,2.29
2021-09-25,2021,9,25,Monsoon,27.42,27.42,30.75,24.72,0.0,6.030000000000001,11.57,88.49,1.74
2021-09-26,2021,9,26,Monsoon,26.83,26.92,29.82,24.79,-0.09000000000000341,5.030000000000001,14.6,88.42,1.54
2021-09-27,2021,9,27,Monsoon,27.4,27.42,31.53,23.89,-0.020000000000003126,7.640000000000001,16.96,88.14,1.92
2021-09-28,2021,9,28,Monsoon,27.09,27.2,30.16,25.04,-0.10999999999999943,5.120000000000001,19.87,89.96,1.99
2021-09-29,2021,9,29,Monsoon,26.52,26.58,29.12,24.68,-0.05999999999999872,4.440000000000001,17.59,89.86,1.7
2021-09-30,2021,9,30,Monsoon,27.68,27.51,31.47,23.33,0.16999999999999815,8.14,19.81,85.18,1.22
2021-10-01,2021,10,1,Post-Monsoon,27.6,27.82,31.29,23.95,-0.21999999999999886,7.34,15.7,83.11,1.37
2021-10-02,2021,10,2,Post-Monsoon,27.59,27.7,31.47,24.14,-0.10999999999999943,7.329999999999998,16.5,85.21,1.38
2021-10-03,2021,10,3,Post-Monsoon,27.88,27.98,31.96,24.33,-0.10000000000000142,7.630000000000003,17.12,86.55,1.76
2021-10-04,2021,10,4,Post-Monsoon,27.65,28.1,31.12,25.41,-0.45000000000000284,5.710000000000001,17.39,84.13,1.0
2021-10-05,2021,10,5,Post-Monsoon,28.49,28.69,32.4,24.95,-0.20000000000000284,7.449999999999999,17.87,79.85,0.66
2021-10-06,2021,10,6,Post-Monsoon,27.8,27.69,31.09,24.44,0.10999999999999943,6.649999999999999,12.12,85.15,1.11
2021-10-07,2021,10,7,Post-Monsoon,27.36,27.43,31.76,23.85,-0.07000000000000028,7.91,17.93,84.19,1.37
2021-10-08,2021,10,8,Post-Monsoon,25.32,25.52,30.22,21.32,-0.1999999999999993,8.899999999999999,18.33,81.44,1.37
2021-10-09,2021,10,9,Post-Monsoon,24.9,25.47,31.13,20.61,-0.5700000000000003,10.52,18.15,77.99,1.39
2021-10-10,2021,10,10,Post-Monsoon,25.27,26.5,32.28,21.1,-1.2300000000000004,11.18,18.81,68.01,1.19
2021-10-11,2021,10,11,Post-Monsoon,25.0,25.97,31.33,20.01,-0.9699999999999989,11.319999999999997,18.46,71.45,1.06
2021-10-12,2021,10,12,Post-Monsoon,25.46,26.44,31.76,20.32,-0.9800000000000004,11.440000000000001,17.76,70.96,1.04
2021-10-13,2021,10,13,Post-Monsoon,25.02,25.89,31.69,20.28,-0.870000000000001,11.41,18.35,70.06,1.23
2021-10-14,2021,10,14,Post-Monsoon,23.39,23.96,31.1,18.19,-0.5700000000000003,12.91,18.15,71.15,1.56
2021-10-15,2021,10,15,Post-Monsoon,23.92,24.59,31.73,18.04,-0.6699999999999982,13.690000000000001,18.32,69.4,1.18
2021-10-16,2021,10,16,Post-Monsoon,25.25,25.67,30.54,20.16,-0.4200000000000017,10.379999999999999,16.47,75.92,0.96
2021-10-17,2021,10,17,Post-Monsoon,26.05,26.4,29.57,23.74,-0.34999999999999787,5.830000000000002,14.24,87.22,1.7
2021-10-18,2021,10,18,Post-Monsoon,26.02,26.18,28.21,24.48,-0.16000000000000014,3.7300000000000004,11.24,92.15,2.52
2021-10-19,2021,10,19,Post-Monsoon,25.94,25.9,30.08,21.32,0.0400000000000027,8.759999999999998,9.28,88.63,2.13
2021-10-20,2021,10,20,Post-Monsoon,22.73,23.09,28.9,18.82,-0.35999999999999943,10.079999999999998,17.11,81.11,1.9
2021-10-21,2021,10,21,Post-Monsoon,21.43,21.91,28.42,17.83,-0.4800000000000004,10.590000000000003,17.26,79.57,1.91
2021-10-22,2021,10,22,Post-Monsoon,21.18,21.64,28.4,15.84,-0.46000000000000085,12.559999999999999,17.59,81.35,1.81
2021-10-23,2021,10,23,Post-Monsoon,22.86,23.76,29.56,17.31,-0.9000000000000021,12.25,17.71,76.31,1.02
2021-10-24,2021,10,24,Post-Monsoon,22.97,24.63,29.31,19.29,-1.6600000000000001,10.02,16.96,68.85,1.05
2021-10-25,2021,10,25,Post-Monsoon,22.56,23.55,28.34,20.12,-0.990000000000002,8.219999999999999,15.93,73.34,1.0
2021-10-26,2021,10,26,Post-Monsoon,21.55,21.78,27.43,17.22,-0.23000000000000043,10.21,16.87,81.33,1.4
2021-10-27,2021,10,27,Post-Monsoon,19.86,20.85,26.75,16.44,-0.990000000000002,10.309999999999999,17.0,73.16,1.45
2021-10-28,2021,10,28,Post-Monsoon,19.07,20.72,26.1,15.36,-1.6499999999999986,10.740000000000002,17.08,69.49,1.08
2021-10-29,2021,10,29,Post-Monsoon,18.88,20.5,26.5,14.38,-1.620000000000001,12.12,16.88,67.01,1.09
2021-10-30,2021,10,30,Post-Monsoon,18.95,19.86,27.05,13.36,-0.9100000000000001,13.690000000000001,16.15,71.94,1.46
2021-10-31,2021,10,31,Post-Monsoon,18.79,19.98,27.1,13.31,-1.1900000000000013,13.790000000000001,16.52,70.93,1.45
2021-11-01,2021,11,1,Post-Monsoon,18.65,20.45,26.39,13.82,-1.8000000000000007,12.57,14.45,65.87,1.03
2021-11-02,2021,11,2,Post-Monsoon,19.18,21.08,26.56,15.4,-1.8999999999999986,11.159999999999998,14.44,64.73,0.63
2021-11-03,2021,11,3,Post-Monsoon,19.69,21.04,26.55,15.9,-1.3499999999999979,10.65,14.12,71.68,0.77
2021-11-04,2021,11,4,Post-Monsoon,18.97,20.23,26.13,14.11,-1.2600000000000016,12.02,14.91,74.6,1.21
2021-11-05,2021,11,5,Post-Monsoon,18.76,19.88,26.1,14.69,-1.1199999999999974,11.410000000000002,13.67,73.78,1.42
2021-11-06,2021,11,6,Post-Monsoon,18.24,18.86,25.68,14.1,-0.620000000000001,11.58,13.25,77.06,1.84
2021-11-07,2021,11,7,Post-Monsoon,17.67,18.44,25.03,13.15,-0.7699999999999996,11.88,9.83,76.63,1.7
2021-11-08,2021,11,8,Post-Monsoon,17.64,19.31,25.2,13.16,-1.6699999999999982,12.04,12.53,71.05,1.18
2021-11-09,2021,11,9,Post-Monsoon,16.83,18.49,24.44,12.45,-1.6600000000000001,11.990000000000002,12.85,72.03,1.34
2021-11-10,2021,11,10,Post-Monsoon,17.1,18.68,25.22,11.98,-1.5799999999999983,13.239999999999998,13.36,73.62,1.11
2021-11-11,2021,11,11,Post-Monsoon,17.27,18.61,25.12,12.06,-1.3399999999999999,13.06,13.43,71.02,0.82
2021-11-12,2021,11,12,Post-Monsoon,16.97,18.4,24.65,12.29,-1.4299999999999997,12.36,13.39,69.98,1.15
2021-11-13,2021,11,13,Post-Monsoon,15.99,17.46,23.99,11.52,-1.4700000000000006,12.469999999999999,13.28,70.85,1.47
2021-11-14,2021,11,14,Post-Monsoon,15.76,17.38,24.03,11.3,-1.6199999999999992,12.73,12.88,66.65,1.13
2021-11-15,2021,11,15,Post-Monsoon,14.73,16.44,22.76,11.04,-1.7100000000000009,11.720000000000002,13.05,66.4,1.23
2021-11-16,2021,11,16,Post-Monsoon,14.51,16.32,23.16,9.76,-1.8100000000000005,13.4,12.49,64.68,1.11
2021-11-17,2021,11,17,Post-Monsoon,14.64,16.11,22.64,10.25,-1.4699999999999989,12.39,10.91,68.31,0.84
2021-11-18,2021,11,18,Post-Monsoon,15.88,16.88,22.25,12.22,-0.9999999999999982,10.03,7.02,69.7,0.96
2021-11-19,2021,11,19,Post-Monsoon,16.57,16.88,21.77,13.19,-0.3099999999999987,8.58,8.71,75.79,1.39
2021-11-20,2021,11,20,Post-Monsoon,17.81,18.1,22.38,15.2,-0.2900000000000027,7.18,5.92,81.64,1.42
2021-11-21,2021,11,21,Post-Monsoon,18.59,18.85,25.99,13.64,-0.26000000000000156,12.349999999999998,13.09,80.38,1.94
2021-11-22,2021,11,22,Post-Monsoon,16.22,16.91,25.62,11.93,-0.6900000000000013,13.690000000000001,14.56,67.67,2.35
2021-11-23,2021,11,23,Post-Monsoon,14.47,16.61,24.34,9.16,-2.139999999999999,15.18,14.6,58.39,1.62
2021-11-24,2021,11,24,Post-Monsoon,14.18,16.93,23.93,9.4,-2.75,14.53,13.77,56.73,0.83
2021-11-25,2021,11,25,Post-Monsoon,14.18,16.75,23.6,9.99,-2.5700000000000003,13.610000000000001,13.14,59.73,1.04
2021-11-26,2021,11,26,Post-Monsoon,14.64,16.75,23.45,9.36,-2.1099999999999994,14.09,12.77,63.43,0.9
2021-11-27,2021,11,27,Post-Monsoon,15.74,17.88,24.69,11.05,-2.139999999999999,13.64,12.33,65.01,0.76
2021-11-28,2021,11,28,Post-Monsoon,15.76,17.86,24.19,12.72,-2.0999999999999996,11.47,12.46,66.87,0.74
2021-11-29,2021,11,29,Post-Monsoon,14.72,16.86,22.83,12.08,-2.139999999999999,10.749999999999998,12.03,68.69,1.22
2021-11-30,2021,11,30,Post-Monsoon,14.81,16.46,23.83,9.95,-1.6500000000000004,13.879999999999999,11.01,63.63,1.64
2021-12-01,2021,12,1,Winter,14.46,15.88,20.7,12.2,-1.42,8.5,9.17,66.92,1.14
2021-12-02,2021,12,2,Winter,15.28,15.69,22.37,10.61,-0.41000000000000014,11.760000000000002,9.48,72.07,1.77
2021-12-03,2021,12,3,Winter,15.27,16.08,21.74,11.61,-0.8099999999999987,10.129999999999999,8.3,73.08,1.31
2021-12-04,2021,12,4,Winter,16.53,17.76,24.63,11.1,-1.2300000000000004,13.53,11.79,70.74,1.25
2021-12-05,2021,12,5,Winter,17.87,19.3,24.55,14.16,-1.4299999999999997,10.39,10.31,74.56,0.87
2021-12-06,2021,12,6,Winter,18.26,18.64,22.78,15.68,-0.379999999999999,7.100000000000001,8.82,82.64,1.62
2021-12-07,2021,12,7,Winter,16.06,16.59,23.87,11.67,-0.5300000000000011,12.200000000000001,12.12,71.37,2.1
2021-12-08,2021,12,8,Winter,13.84,16.07,22.64,8.89,-2.2300000000000004,13.75,13.72,59.58,1.45
2021-12-09,2021,12,9,Winter,14.17,17.13,23.13,12.19,-2.959999999999999,10.94,10.07,52.67,0.76
2021-12-10,2021,12,10,Winter,13.53,15.15,22.36,10.85,-1.620000000000001,11.51,12.53,62.46,1.45
2021-12-11,2021,12,11,Winter,12.93,14.42,21.51,7.81,-1.4900000000000002,13.700000000000003,11.42,66.82,1.41
2021-12-12,2021,12,12,Winter,12.0,14.71,20.46,8.75,-2.710000000000001,11.71,11.92,59.2,0.6
2021-12-13,2021,12,13,Winter,11.84,13.98,19.39,7.76,-2.1400000000000006,11.63,11.14,65.81,0.77
2021-12-14,2021,12,14,Winter,13.61,15.39,22.13,9.55,-1.7800000000000011,12.579999999999998,9.58,69.31,0.78
2021-12-15,2021,12,15,Winter,14.49,15.62,23.02,9.65,-1.129999999999999,13.37,8.57,71.49,1.57
2021-12-16,2021,12,16,Winter,15.04,15.87,22.14,9.94,-0.8300000000000001,12.200000000000001,8.45,69.47,0.8
2021-12-17,2021,12,17,Winter,14.23,14.59,21.2,7.78,-0.35999999999999943,13.419999999999998,6.79,67.31,2.11
2021-12-18,2021,12,18,Winter,9.92,10.34,19.55,4.35,-0.41999999999999993,15.200000000000001,12.33,60.01,2.29
2021-12-19,2021,12,19,Winter,8.81,9.23,18.59,2.85,-0.41999999999999993,15.74,12.44,60.68,2.02
2021-12-20,2021,12,20,Winter,8.34,9.8,17.19,1.84,-1.4600000000000009,15.350000000000001,12.32,53.02,1.5
2021-12-21,2021,12,21,Winter,8.94,11.21,19.01,3.25,-2.2700000000000014,15.760000000000002,11.79,47.66,1.45
2021-12-22,2021,12,22,Winter,9.85,12.66,19.76,5.03,-2.8100000000000005,14.73,13.15,46.5,1.07
2021-12-23,2021,12,23,Winter,11.5,13.84,20.89,5.47,-2.34,15.420000000000002,11.67,50.53,0.97
2021-12-24,2021,12,24,Winter,13.02,14.65,22.7,8.21,-1.6300000000000008,14.489999999999998,11.38,57.06,1.04
2021-12-25,2021,12,25,Winter,14.24,15.95,22.69,10.62,-1.709999999999999,12.070000000000002,10.87,58.24,0.93
2021-12-26,2021,12,26,Winter,13.69,14.94,22.45,9.07,-1.25,13.379999999999999,7.88,64.14,1.25
2021-12-27,2021,12,27,Winter,13.91,15.0,20.45,10.33,-1.0899999999999999,10.12,9.48,61.68,1.04
2021-12-28,2021,12,28,Winter,13.02,13.52,18.18,10.26,-0.5,7.92,2.72,79.34,1.16
2021-12-29,2021,12,29,Winter,12.06,12.65,15.51,10.4,-0.5899999999999999,5.109999999999999,5.35,91.84,1.73
2021-12-30,2021,12,30,Winter,12.6,13.71,19.58,7.97,-1.1100000000000012,11.61,8.36,80.29,1.06
2021-12-31,2021,12,31,Winter,12.4,12.89,19.61,7.77,-0.4900000000000002,11.84,6.12,73.11,1.15
2022-01-01,2022,1,1,Winter,11.17,12.53,19.72,6.31,-1.3599999999999994,13.41,10.21,56.63,1.16
2022-01-02,2022,1,2,Winter,10.55,12.88,19.43,6.98,-2.33,12.45,10.98,53.41,1.1
2022-01-03,2022,1,3,Winter,10.16,12.21,18.21,4.99,-2.0500000000000007,13.22,11.67,58.57,1.21
2022-01-04,2022,1,4,Winter,11.64,13.51,20.86,5.74,-1.8699999999999992,15.12,11.97,60.63,1.19
2022-01-05,2022,1,5,Winter,13.31,13.98,19.94,7.6,-0.6699999999999999,12.340000000000002,6.87,65.64,1.43
2022-01-06,2022,1,6,Winter,13.47,13.69,16.3,11.73,-0.21999999999999886,4.57,2.27,90.42,2.22
2022-01-07,2022,1,7,Winter,14.65,14.55,17.52,12.49,0.09999999999999964,5.029999999999999,4.7,91.86,1.58
2022-01-08,2022,1,8,Winter,15.23,15.4,18.31,12.65,-0.16999999999999993,5.659999999999998,4.27,93.93,2.11
2022-01-09,2022,1,9,Winter,16.65,16.63,20.78,14.04,0.019999999999999574,6.740000000000002,5.91,92.4,2.01
2022-01-10,2022,1,10,Winter,14.99,15.23,21.16,9.87,-0.2400000000000002,11.290000000000001,6.98,79.63,1.72
2022-01-11,2022,1,11,Winter,12.19,12.57,19.5,7.09,-0.3800000000000008,12.41,8.31,76.43,1.4
2022-01-12,2022,1,12,Winter,10.91,11.21,18.39,6.02,-0.3000000000000007,12.370000000000001,11.85,71.58,1.57
2022-01-13,2022,1,13,Winter,10.28,11.28,17.59,5.58,-1.0,12.01,11.84,65.67,1.2
2022-01-14,2022,1,14,Winter,9.25,10.65,17.28,4.6,-1.4000000000000004,12.680000000000001,10.5,65.26,1.33
2022-01-15,2022,1,15,Winter,9.26,9.64,16.74,3.84,-0.3800000000000008,12.899999999999999,6.04,77.19,1.53
2022-01-16,2022,1,16,Winter,9.14,9.8,16.87,3.51,-0.6600000000000001,13.360000000000001,6.66,76.51,1.3
2022-01-17,2022,1,17,Winter,9.34,10.84,17.18,4.27,-1.5,12.91,6.14,68.08,0.98
2022-01-18,2022,1,18,Winter,9.96,11.66,18.58,5.27,-1.6999999999999993,13.309999999999999,6.05,64.83,1.39
2022-01-19,2022,1,19,Winter,10.92,11.74,18.21,4.52,-0.8200000000000003,13.690000000000001,8.31,70.57,1.3
2022-01-20,2022,1,20,Winter,13.0,13.85,20.13,8.84,-0.8499999999999996,11.29,10.11,68.15,0.95
2022-01-21,2022,1,21,Winter,13.43,14.69,21.55,7.88,-1.2599999999999998,13.670000000000002,10.99,66.76,0.84
2022-01-22,2022,1,22,Winter,11.29,11.85,15.23,8.33,-0.5600000000000005,6.9,4.7,85.76,2.84
2022-01-23,2022,1,23,Winter,13.56,14.3,19.48,9.32,-0.7400000000000002,10.16,3.72,81.05,1.83
2022-01-24,2022,1,24,Winter,12.35,13.2,18.44,9.28,-0.8499999999999996,9.160000000000002,8.23,78.39,1.06
2022-01-25,2022,1,25,Winter,11.95,12.0,18.49,6.09,-0.05000000000000071,12.399999999999999,14.27,72.42,1.52
2022-01-26,2022,1,26,Winter,10.68,10.96,17.78,5.38,-0.28000000000000114,12.400000000000002,9.89,72.05,1.74
2022-01-27,2022,1,27,Winter,10.88,11.07,18.77,5.37,-0.1899999999999995,13.399999999999999,9.67,75.28,2.07
2022-01-28,2022,1,28,Winter,10.62,11.32,20.11,5.08,-0.7000000000000011,15.03,17.08,62.02,2.37
2022-01-29,2022,1,29,Winter,10.96,11.65,20.7,4.14,-0.6899999999999995,16.56,16.57,57.21,1.75
2022-01-30,2022,1,30,Winter,12.47,14.16,23.42,5.59,-1.6899999999999995,17.830000000000002,16.16,53.44,2.01
2022-01-31,2022,1,31,Winter,13.69,15.62,24.14,6.87,-1.9299999999999997,17.27,11.73,55.39,1.38
2022-02-01,2022,2,1,Winter,14.33,15.89,24.61,8.66,-1.5600000000000005,15.95,14.05,58.14,1.95
2022-02-02,2022,2,2,Winter,13.97,15.14,23.1,8.85,-1.17,14.250000000000002,11.72,55.73,1.49
2022-02-03,2022,2,3,Winter,15.41,15.67,24.14,8.49,-0.2599999999999998,15.65,11.64,64.26,3.37
2022-02-04,2022,2,4,Winter,12.46,12.77,19.38,7.29,-0.3099999999999987,12.09,9.5,76.9,2.01
2022-02-05,2022,2,5,Winter,11.78,12.86,20.79,7.35,-1.08,13.44,12.28,65.3,1.8
2022-02-06,2022,2,6,Winter,11.4,13.45,20.64,5.67,-2.049999999999999,14.97,14.64,54.14,1.44
2022-02-07,2022,2,7,Winter,12.5,15.17,22.57,6.13,-2.67,16.44,17.19,47.65,1.12
2022-02-08,2022,2,8,Winter,14.93,16.46,24.54,7.21,-1.5300000000000011,17.33,16.54,52.8,1.25
2022-02-09,2022,2,9,Winter,14.87,15.36,22.46,10.41,-0.4900000000000002,12.05,11.42,74.44,1.88
2022-02-10,2022,2,10,Winter,14.27,14.21,21.12,9.09,0.05999999999999872,12.030000000000001,17.03,81.16,2.21
2022-02-11,2022,2,11,Winter,12.7,13.25,21.33,6.81,-0.5500000000000007,14.52,18.09,68.01,2.42
2022-02-12,2022,2,12,Winter,12.44,14.17,22.33,6.2,-1.7300000000000004,16.13,19.12,60.83,2.08
2022-02-13,2022,2,13,Winter,12.87,15.51,22.78,7.95,-2.6400000000000006,14.830000000000002,17.9,53.54,1.17
2022-02-14,2022,2,14,Winter,13.36,15.77,22.95,8.85,-2.41,14.1,18.49,57.22,1.16
2022-02-15,2022,2,15,Winter,14.3,16.61,23.95,10.59,-2.3099999999999987,13.36,17.14,58.62,1.2
2022-02-16,2022,2,16,Winter,15.43,17.68,25.15,10.31,-2.25,14.839999999999998,17.18,55.31,1.49
2022-02-17,2022,2,17,Winter,15.53,16.98,25.21,9.29,-1.450000000000001,15.920000000000002,18.71,54.86,1.77
2022-02-18,2022,2,18,Winter,16.4,17.89,26.55,9.43,-1.490000000000002,17.12,18.93,52.3,1.68
2022-02-19,2022,2,19,Winter,17.11,17.98,26.53,10.84,-0.870000000000001,15.690000000000001,17.71,55.74,1.78
2022-02-20,2022,2,20,Winter,16.33,16.81,25.38,9.63,-0.4800000000000004,15.749999999999998,18.08,58.07,2.38
2022-02-21,2022,2,21,Winter,15.19,17.27,25.18,10.0,-2.08,15.18,19.75,49.5,1.87
2022-02-22,2022,2,22,Winter,17.39,17.89,27.9,9.85,-0.5,18.049999999999997,19.17,48.57,2.15
2022-02-23,2022,2,23,Winter,18.68,18.78,29.21,9.95,-0.10000000000000142,19.26,17.84,52.26,2.39
2022-02-24,2022,2,24,Winter,19.25,19.26,28.19,11.81,-0.010000000000001563,16.380000000000003,14.87,60.81,1.89
2022-02-25,2022,2,25,Winter,20.2,20.09,28.51,13.46,0.10999999999999943,15.05,16.73,57.73,1.37
2022-02-26,2022,2,26,Winter,19.94,19.89,28.74,12.49,0.05000000000000071,16.25,17.3,53.72,2.21
2022-02-27,2022,2,27,Winter,20.08,19.74,28.61,12.35,0.33999999999999986,16.259999999999998,17.18,57.06,1.85
2022-02-28,2022,2,28,Winter,18.18,18.13,26.58,11.25,0.05000000000000071,15.329999999999998,19.26,53.77,1.96
2022-03-01,2022,3,1,Summer,18.04,18.79,27.78,10.48,-0.75,17.3,20.37,45.95,1.54
2022-03-02,2022,3,2,Summer,19.47,20.23,28.98,14.45,-0.7600000000000016,14.530000000000001,20.38,44.97,1.35
2022-03-03,2022,3,3,Summer,20.13,21.81,29.95,14.68,-1.6799999999999997,15.27,19.99,41.83,1.01
2022-03-04,2022,3,4,Summer,21.5,21.55,30.95,13.83,-0.05000000000000071,17.119999999999997,19.62,47.85,1.54
2022-03-05,2022,3,5,Summer,20.46,20.24,29.77,12.97,0.22000000000000242,16.799999999999997,21.02,54.89,2.37
2022-03-06,2022,3,6,Summer,20.55,21.66,30.03,13.57,-1.1099999999999994,16.46,21.75,42.19,1.26
2022-03-07,2022,3,7,Summer,21.07,21.47,30.04,14.65,-0.3999999999999986,15.389999999999999,18.26,44.94,1.12
2022-03-08,2022,3,8,Summer,21.45,21.96,31.74,13.89,-0.5100000000000016,17.849999999999998,19.3,45.39,1.86
2022-03-09,2022,3,9,Summer,22.8,23.25,33.02,13.56,-0.4499999999999993,19.46,20.15,44.73,2.09
2022-03-10,2022,3,10,Summer,23.4,23.54,32.55,14.82,-0.14000000000000057,17.729999999999997,15.19,45.07,2.13
2022-03-11,2022,3,11,Summer,23.24,23.3,32.58,15.17,-0.060000000000002274,17.409999999999997,21.14,45.16,2.14
2022-03-12,2022,3,12,Summer,22.59,22.96,32.23,14.43,-0.370000000000001,17.799999999999997,22.03,42.0,2.02
2022-03-13,2022,3,13,Summer,23.8,24.54,33.43,14.47,-0.7399999999999984,18.96,22.48,38.17,1.63
2022-03-14,2022,3,14,Summer,25.76,26.0,35.33,16.69,-0.23999999999999844,18.639999999999997,21.74,41.37,1.56
2022-03-15,2022,3,15,Summer,27.24,27.96,36.52,20.21,-0.7200000000000024,16.310000000000002,20.81,40.44,1.13
2022-03-16,2022,3,16,Summer,27.62,28.93,37.03,19.81,-1.3099999999999987,17.220000000000002,21.24,38.73,1.6
2022-03-17,2022,3,17,Summer,28.09,28.46,36.72,21.64,-0.370000000000001,15.079999999999998,18.81,39.98,1.38
2022-03-18,2022,3,18,Summer,28.76,29.08,37.06,20.59,-0.31999999999999673,16.470000000000002,18.46,40.51,1.38
2022-03-19,2022,3,19,Summer,29.53,29.77,37.57,22.84,-0.23999999999999844,14.73,17.42,41.18,1.2
2022-03-20,2022,3,20,Summer,29.61,30.92,38.32,23.19,-1.3100000000000023,15.129999999999999,20.24,35.41,1.08
2022-03-21,2022,3,21,Summer,29.31,29.45,38.88,21.61,-0.14000000000000057,17.270000000000003,22.2,33.65,1.88
2022-03-22,2022,3,22,Summer,28.14,28.45,38.16,20.05,-0.3099999999999987,18.109999999999996,22.77,31.99,2.14
2022-03-23,2022,3,23,Summer,27.43,27.87,37.38,18.41,-0.4400000000000013,18.970000000000002,22.71,31.13,1.84
2022-03-24,2022,3,24,Summer,28.87,29.78,38.27,22.48,-0.9100000000000001,15.790000000000003,19.86,30.35,1.53
2022-03-25,2022,3,25,Summer,29.19,29.05,38.87,22.08,0.14000000000000057,16.79,21.52,29.81,2.07
2022-03-26,2022,3,26,Summer,27.79,27.68,38.24,18.53,0.10999999999999943,19.71,24.19,27.3,2.96
2022-03-27,2022,3,27,Summer,27.59,28.24,39.19,17.5,-0.6499999999999986,21.689999999999998,24.26,24.57,2.12
2022-03-28,2022,3,28,Summer,28.22,29.47,39.51,18.82,-1.25,20.689999999999998,23.88,22.81,1.75
2022-03-29,2022,3,29,Summer,29.22,30.36,41.03,19.13,-1.1400000000000006,21.900000000000002,24.22,22.15,1.9
2022-03-30,2022,3,30,Summer,30.32,31.83,41.1,23.67,-1.509999999999998,17.43,23.65,21.84,1.05
2022-03-31,2022,3,31,Summer,31.27,31.64,41.76,21.33,-0.370000000000001,20.43,23.32,25.59,1.39
2022-04-01,2022,4,1,Summer,31.47,31.16,41.16,23.32,0.3099999999999987,17.839999999999996,23.52,26.45,1.45
2022-04-02,2022,4,2,Summer,30.05,30.67,40.6,21.24,-0.620000000000001,19.360000000000003,25.75,19.78,1.73
2022-04-03,2022,4,3,Summer,30.73,32.31,42.01,25.2,-1.5800000000000018,16.81,25.16,15.91,1.32
2022-04-04,2022,4,4,Summer,31.53,32.67,42.24,24.97,-1.1400000000000006,17.270000000000003,25.95,15.07,1.55
2022-04-05,2022,4,5,Summer,30.69,31.26,41.73,22.25,-0.5700000000000003,19.479999999999997,25.3,15.77,2.05
2022-04-06,2022,4,6,Summer,31.43,32.14,42.56,22.7,-0.7100000000000009,19.860000000000003,25.46,15.04,2.04
2022-04-07,2022,4,7,Summer,31.89,32.74,42.52,22.38,-0.8500000000000014,20.140000000000004,25.02,14.76,1.56
2022-04-08,2022,4,8,Summer,32.33,34.14,43.25,25.48,-1.8100000000000023,17.77,25.28,12.71,1.76
2022-04-09,2022,4,9,Summer,33.16,33.87,43.96,22.82,-0.7100000000000009,21.14,25.86,12.48,1.85
2022-04-10,2022,4,10,Summer,34.38,34.98,44.56,24.42,-0.5999999999999943,20.14,24.24,12.62,1.61
2022-04-11,2022,4,11,Summer,34.4,34.94,44.24,25.57,-0.5399999999999991,18.67,24.35,13.72,1.85
2022-04-12,2022,4,12,Summer,35.67,35.15,44.82,25.18,0.5200000000000031,19.64,20.96,14.63,1.46
2022-04-13,2022,4,13,Summer,35.71,34.69,43.54,26.79,1.0200000000000031,16.75,20.03,15.72,1.62
2022-04-14,2022,4,14,Summer,34.84,34.08,43.12,24.81,0.7600000000000051,18.31,24.48,15.3,2.11
2022-04-15,2022,4,15,Summer,34.9,33.11,42.15,24.63,1.7899999999999991,17.52,23.65,17.4,1.59
2022-04-16,2022,4,16,Summer,35.79,34.17,42.74,27.33,1.6199999999999974,15.410000000000004,24.07,15.95,1.14
2022-04-17,2022,4,17,Summer,35.23,34.09,43.62,25.29,1.1399999999999935,18.33,25.95,13.72,1.89
2022-04-18,2022,4,18,Summer,35.55,35.27,45.1,24.82,0.27999999999999403,20.28,25.26,11.93,1.9
2022-04-19,2022,4,19,Summer,36.55,36.45,44.96,29.65,0.09999999999999432,15.310000000000002,24.01,11.36,1.69
2022-04-20,2022,4,20,Summer,36.43,36.43,44.98,27.54,0.0,17.439999999999998,25.1,13.08,2.47
2022-04-21,2022,4,21,Summer,34.77,33.16,40.06,26.49,1.6100000000000065,13.570000000000004,23.49,24.71,2.28
2022-04-22,2022,4,22,Summer,36.26,34.2,41.63,26.37,2.059999999999995,15.260000000000002,23.86,21.79,1.69
2022-04-23,2022,4,23,Summer,35.75,34.8,42.63,27.1,0.9500000000000028,15.530000000000001,25.3,15.99,2.08
2022-04-24,2022,4,24,Summer,34.77,33.93,43.0,25.43,0.8400000000000034,17.57,25.29,11.66,2.99
2022-04-25,2022,4,25,Summer,35.13,34.71,43.56,25.61,0.4200000000000017,17.950000000000003,25.84,12.82,2.9
2022-04-26,2022,4,26,Summer,36.14,35.5,43.73,26.36,0.6400000000000006,17.369999999999997,24.17,14.44,2.01
2022-04-27,2022,4,27,Summer,36.11,36.18,44.75,28.54,-0.07000000000000028,16.21,25.73,12.02,2.41
2022-04-28,2022,4,28,Summer,36.75,37.53,45.6,29.3,-0.7800000000000011,16.3,25.7,9.36,1.54
2022-04-29,2022,4,29,Summer,37.55,37.58,46.5,29.37,-0.030000000000001137,17.13,24.74,9.81,1.86
2022-04-30,2022,4,30,Summer,38.9,37.24,46.07,28.2,1.6599999999999966,17.87,24.4,11.94,1.58
2022-05-01,2022,5,1,Summer,37.03,35.36,44.06,26.87,1.6700000000000017,17.19,23.5,22.41,2.36
2022-05-02,2022,5,2,Summer,37.83,35.36,42.75,26.89,2.469999999999999,15.86,20.26,19.63,2.02
2022-05-03,2022,5,3,Summer,37.7,35.01,42.08,27.64,2.690000000000005,14.439999999999998,23.22,32.19,2.5
2022-05-04,2022,5,4,Summer,38.27,35.27,41.81,28.83,3.0,12.980000000000004,22.58,31.3,2.31
2022-05-05,2022,5,5,Summer,34.94,33.01,39.08,26.97,1.9299999999999997,12.11,23.64,37.89,1.41
2022-05-06,2022,5,6,Summer,35.63,33.4,40.24,26.53,2.230000000000004,13.71,23.52,33.99,1.72
2022-05-07,2022,5,7,Summer,36.46,33.93,40.55,27.52,2.530000000000001,13.029999999999998,22.9,32.11,1.62
2022-05-08,2022,5,8,Summer,35.96,33.91,41.24,26.75,2.0500000000000043,14.490000000000002,24.84,31.14,2.12
2022-05-09,2022,5,9,Summer,36.11,33.93,40.75,27.29,2.1799999999999997,13.46,22.78,36.57,2.72
2022-05-10,2022,5,10,Summer,37.06,34.58,40.79,28.61,2.480000000000004,12.18,23.2,34.69,2.73
2022-05-11,2022,5,11,Summer,37.84,35.15,41.03,28.76,2.690000000000005,12.27,21.22,35.76,2.16
2022-05-12,2022,5,12,Summer,38.68,35.98,42.63,29.55,2.700000000000003,13.080000000000002,22.3,32.47,1.67
2022-05-13,2022,5,13,Summer,39.05,37.89,45.9,28.93,1.1599999999999966,16.97,23.26,25.2,2.06
2022-05-14,2022,5,14,Summer,38.95,38.28,46.66,29.78,0.6700000000000017,16.879999999999995,26.54,16.47,1.7
2022-05-15,2022,5,15,Summer,39.11,37.76,47.39,27.51,1.3500000000000014,19.88,26.24,13.4,1.7
2022-05-16,2022,5,16,Summer,38.91,38.06,46.59,29.45,0.8499999999999943,17.140000000000004,19.86,14.74,2.81
2022-05-17,2022,5,17,Summer,38.85,37.5,45.26,30.38,1.3500000000000014,14.879999999999999,26.24,12.92,1.65
2022-05-18,2022,5,18,Summer,38.61,36.77,44.41,29.07,1.8399999999999963,15.339999999999996,22.74,14.04,1.66
2022-05-19,2022,5,19,Summer,39.11,37.69,45.36,28.58,1.4200000000000017,16.78,24.83,15.95,2.06
2022-05-20,2022,5,20,Summer,40.2,38.92,47.36,29.93,1.2800000000000011,17.43,23.58,13.56,2.3
2022-05-21,2022,5,21,Summer,39.37,37.28,44.31,30.89,2.0899999999999963,13.420000000000002,18.16,20.03,2.79
2022-05-22,2022,5,22,Summer,37.84,35.6,42.7,29.45,2.240000000000002,13.250000000000004,21.62,22.18,2.53
2022-05-23,2022,5,23,Summer,37.58,34.94,41.86,28.58,2.6400000000000006,13.280000000000001,13.93,23.33,2.98
2022-05-24,2022,5,24,Summer,30.97,29.14,34.14,24.38,1.8299999999999983,9.760000000000002,19.16,46.91,2.02
2022-05-25,2022,5,25,Summer,33.66,31.57,37.75,24.61,2.0899999999999963,13.14,21.65,45.15,1.56
2022-05-26,2022,5,26,Summer,35.12,33.06,39.36,26.83,2.059999999999995,12.530000000000001,24.46,41.01,1.97
2022-05-27,2022,5,27,Summer,36.09,34.65,40.68,27.86,1.4400000000000048,12.82,23.64,35.74,2.08
2022-05-28,2022,5,28,Summer,36.31,34.58,40.27,31.14,1.730000000000004,9.130000000000003,23.22,39.66,1.5
2022-05-29,2022,5,29,Summer,37.55,36.01,43.49,29.73,1.5399999999999991,13.760000000000002,20.98,31.1,2.85
2022-05-30,2022,5,30,Summer,38.72,36.76,43.45,29.51,1.9600000000000009,13.940000000000001,22.22,25.11,1.57
2022-05-31,2022,5,31,Summer,38.18,36.3,43.94,29.02,1.8800000000000026,14.919999999999998,22.55,19.04,1.78
2022-06-01,2022,6,1,Monsoon,38.08,37.64,44.43,29.61,0.4399999999999977,14.82,23.46,16.55,1.88
2022-06-02,2022,6,2,Monsoon,38.19,37.63,44.24,31.0,0.5599999999999952,13.240000000000002,24.07,16.78,1.64
2022-06-03,2022,6,3,Monsoon,39.34,38.81,45.37,31.78,0.5300000000000011,13.589999999999996,21.26,15.58,1.36
2022-06-04,2022,6,4,Monsoon,39.65,38.76,46.37,31.16,0.8900000000000006,15.209999999999997,25.6,13.54,1.87
2022-06-05,2022,6,5,Monsoon,39.79,38.3,46.09,30.14,1.490000000000002,15.950000000000003,23.97,12.66,1.58
2022-06-06,2022,6,6,Monsoon,41.32,39.73,46.21,33.38,1.5900000000000034,12.829999999999998,25.4,14.1,1.16
2022-06-07,2022,6,7,Monsoon,41.03,38.39,46.16,29.67,2.6400000000000006,16.489999999999995,24.52,19.54,1.69
2022-06-08,2022,6,8,Monsoon,40.02,38.78,46.53,30.97,1.240000000000002,15.560000000000002,23.2,16.72,2.74
2022-06-09,2022,6,9,Monsoon,41.05,39.6,46.48,32.45,1.4499999999999957,14.029999999999994,25.05,14.77,2.25
2022-06-10,2022,6,10,Monsoon,41.24,40.35,46.35,34.98,0.8900000000000006,11.370000000000005,23.89,16.68,2.17
2022-06-11,2022,6,11,Monsoon,41.56,39.97,46.82,33.61,1.5900000000000034,13.21,23.58,17.02,2.25
2022-06-12,2022,6,12,Monsoon,40.97,39.2,46.29,31.56,1.769999999999996,14.73,24.99,19.78,2.63
2022-06-13,2022,6,13,Monsoon,41.5,39.34,46.4,31.8,2.1599999999999966,14.599999999999998,24.08,21.04,3.15
2022-06-14,2022,6,14,Monsoon,41.86,39.34,45.66,34.76,2.519999999999996,10.899999999999999,23.56,28.23,4.94
2022-06-15,2022,6,15,Monsoon,41.85,39.36,45.37,33.23,2.490000000000002,12.14,22.38,31.26,3.56
2022-06-16,2022,6,16,Monsoon,38.17,35.94,39.52,32.61,2.230000000000004,6.910000000000004,14.0,40.9,4.01
2022-06-17,2022,6,17,Monsoon,40.56,36.85,42.15,30.68,3.710000000000001,11.469999999999999,22.26,40.82,3.12
2022-06-18,2022,6,18,Monsoon,36.57,34.29,36.15,32.49,2.280000000000001,3.6599999999999966,17.4,45.4,3.07
2022-06-19,2022,6,19,Monsoon,35.97,33.31,38.74,28.88,2.6599999999999966,9.860000000000003,21.99,49.12,3.32
2022-06-20,2022,6,20,Monsoon,36.98,33.8,38.83,28.92,3.1799999999999997,9.909999999999997,22.56,45.2,2.96
2022-06-21,2022,6,21,Monsoon,38.25,34.4,39.14,28.57,3.8500000000000014,10.57,18.83,40.66,1.11
2022-06-22,2022,6,22,Monsoon,38.58,35.38,40.62,29.48,3.1999999999999957,11.139999999999997,24.05,38.18,1.14
2022-06-23,2022,6,23,Monsoon,39.53,36.09,41.76,30.36,3.4399999999999977,11.399999999999999,20.66,36.59,1.91
2022-06-24,2022,6,24,Monsoon,40.16,36.4,42.43,29.69,3.759999999999998,12.739999999999998,23.09,34.66,1.25
2022-06-25,2022,6,25,Monsoon,39.49,36.53,41.98,30.72,2.960000000000001,11.259999999999998,20.29,38.27,2.98
2022-06-26,2022,6,26,Monsoon,38.4,35.73,39.97,31.39,2.6700000000000017,8.579999999999998,21.35,43.1,4.2
2022-06-27,2022,6,27,Monsoon,37.73,35.11,39.12,30.66,2.6199999999999974,8.459999999999997,17.85,46.87,3.27
2022-06-28,2022,6,28,Monsoon,38.99,36.28,42.12,31.37,2.710000000000001,10.749999999999996,13.78,45.43,3.42
2022-06-29,2022,6,29,Monsoon,34.84,33.27,38.47,28.7,1.5700000000000003,9.77,8.97,61.83,3.69
2022-06-30,2022,6,30,Monsoon,28.77,28.45,30.03,27.12,0.3200000000000003,2.91,4.7,83.6,2.57
2022-07-01,2022,7,1,Monsoon,33.28,31.08,34.8,26.54,2.200000000000003,8.259999999999998,19.76,65.13,1.07
2022-07-02,2022,7,2,Monsoon,33.71,32.12,36.0,28.5,1.5900000000000034,7.5,12.25,63.01,1.2
2022-07-03,2022,7,3,Monsoon,33.81,32.3,36.46,28.18,1.5100000000000051,8.280000000000001,19.98,64.17,1.8
2022-07-04,2022,7,4,Monsoon,36.24,34.1,39.89,28.43,2.1400000000000006,11.46,22.1,55.27,2.56
2022-07-05,2022,7,5,Monsoon,35.06,33.56,38.71,29.26,1.5,9.45,21.95,57.59,3.04
2022-07-06,2022,7,6,Monsoon,36.27,34.71,40.37,29.91,1.5600000000000023,10.459999999999997,22.71,51.93,4.46
2022-07-07,2022,7,7,Monsoon,34.82,33.27,38.06,29.82,1.5499999999999972,8.240000000000002,24.0,56.94,3.63
2022-07-08,2022,7,8,Monsoon,37.09,34.98,40.69,29.36,2.1100000000000065,11.329999999999998,21.97,51.42,2.52
2022-07-09,2022,7,9,Monsoon,34.39,33.54,37.43,30.46,0.8500000000000014,6.969999999999999,18.37,52.48,3.77
2022-07-10,2022,7,10,Monsoon,36.59,34.5,40.03,29.07,2.0900000000000034,10.96,25.41,49.06,3.16
2022-07-11,2022,7,11,Monsoon,37.12,34.92,40.82,29.08,2.1999999999999957,11.740000000000002,21.09,46.79,3.0
2022-07-12,2022,7,12,Monsoon,35.72,33.99,37.92,30.53,1.7299999999999969,7.390000000000001,23.2,53.11,2.65
2022-07-13,2022,7,13,Monsoon,37.02,35.19,40.85,30.09,1.8300000000000054,10.760000000000002,23.14,47.34,3.67
2022-07-14,2022,7,14,Monsoon,35.96,34.79,40.19,30.36,1.1700000000000017,9.829999999999998,22.65,49.25,5.22
2022-07-15,2022,7,15,Monsoon,34.17,33.35,37.47,29.71,0.8200000000000003,7.759999999999998,23.56,52.51,5.23
2022-07-16,2022,7,16,Monsoon,35.0,33.6,38.57,29.06,1.3999999999999986,9.510000000000002,20.17,54.65,3.56
2022-07-17,2022,7,17,Monsoon,36.32,34.73,40.12,30.05,1.5900000000000034,10.069999999999997,21.52,50.62,3.84
2022-07-18,2022,7,18,Monsoon,36.83,35.08,41.14,30.18,1.75,10.96,22.62,47.24,4.03
2022-07-19,2022,7,19,Monsoon,37.89,35.44,40.97,30.04,2.450000000000003,10.93,19.06,46.67,2.48
2022-07-20,2022,7,20,Monsoon,33.01,32.25,36.2,28.44,0.759999999999998,7.760000000000002,7.93,68.07,2.57
2022-07-21,2022,7,21,Monsoon,30.95,30.28,32.87,27.93,0.6699999999999982,4.939999999999998,10.18,79.62,0.97
2022-07-22,2022,7,22,Monsoon,29.97,29.5,32.6,27.03,0.46999999999999886,5.57,12.35,81.35,2.01
2022-07-23,2022,7,23,Monsoon,30.41,29.98,33.84,26.5,0.4299999999999997,7.340000000000003,17.86,77.11,3.69
2022-07-24,2022,7,24,Monsoon,29.74,29.52,33.38,26.82,0.21999999999999886,6.560000000000002,20.59,77.01,3.86
2022-07-25,2022,7,25,Monsoon,28.55,28.35,31.42,25.8,0.1999999999999993,5.620000000000001,14.56,84.14,3.74
2022-07-26,2022,7,26,Monsoon,29.91,29.27,33.08,25.9,0.6400000000000006,7.18,14.3,81.38,2.47
2022-07-27,2022,7,27,Monsoon,30.34,29.49,33.45,25.97,0.8500000000000014,7.480000000000004,15.2,80.48,1.53
2022-07-28,2022,7,28,Monsoon,30.0,29.25,32.77,26.38,0.75,6.390000000000004,9.37,81.44,0.85
2022-07-29,2022,7,29,Monsoon,29.76,29.28,32.51,26.22,0.4800000000000004,6.289999999999999,16.64,82.43,1.58
2022-07-30,2022,7,30,Monsoon,29.84,29.29,33.49,26.32,0.5500000000000007,7.170000000000002,11.65,83.43,1.78
2022-07-31,2022,7,31,Monsoon,29.04,28.8,32.29,26.37,0.23999999999999844,5.919999999999998,17.46,83.81,1.97
2022-08-01,2022,8,1,Monsoon,29.82,29.49,33.44,26.1,0.33000000000000185,7.339999999999996,19.22,77.78,2.92
2022-08-02,2022,8,2,Monsoon,29.93,29.51,33.37,26.21,0.41999999999999815,7.159999999999997,14.65,79.93,2.24
2022-08-03,2022,8,3,Monsoon,29.78,29.37,32.73,25.94,0.41000000000000014,6.789999999999996,14.05,82.02,1.6
2022-08-04,2022,8,4,Monsoon,29.04,28.84,32.21,26.2,0.1999999999999993,6.010000000000002,15.14,85.17,2.31
2022-08-05,2022,8,5,Monsoon,29.75,29.31,33.13,25.54,0.4400000000000013,7.590000000000003,17.05,82.3,1.52
2022-08-06,2022,8,6,Monsoon,30.06,29.84,33.34,26.46,0.21999999999999886,6.880000000000003,15.67,81.67,1.22
2022-08-07,2022,8,7,Monsoon,28.23,28.32,30.82,26.66,-0.08999999999999986,4.16,11.33,88.18,1.74
2022-08-08,2022,8,8,Monsoon,29.89,29.63,33.6,25.84,0.26000000000000156,7.760000000000002,22.03,81.24,2.14
2022-08-09,2022,8,9,Monsoon,29.82,29.68,34.19,26.66,0.14000000000000057,7.529999999999998,22.83,81.14,3.15
2022-08-10,2022,8,10,Monsoon,29.51,29.53,33.97,25.92,-0.019999999999999574,8.049999999999997,17.46,77.81,4.84
2022-08-11,2022,8,11,Monsoon,28.88,28.9,33.53,26.25,-0.019999999999999574,7.280000000000001,16.76,79.5,5.32
2022-08-12,2022,8,12,Monsoon,28.64,28.42,32.3,25.13,0.21999999999999886,7.169999999999998,13.97,82.4,4.2
2022-08-13,2022,8,13,Monsoon,29.66,29.26,33.34,25.01,0.3999999999999986,8.330000000000002,15.69,83.27,2.33
2022-08-14,2022,8,14,Monsoon,27.93,28.09,30.85,26.09,-0.16000000000000014,4.760000000000002,12.58,88.66,1.96
2022-08-15,2022,8,15,Monsoon,28.02,28.12,31.75,25.74,-0.10000000000000142,6.010000000000002,11.62,82.68,6.0
2022-08-16,2022,8,16,Monsoon,28.22,28.07,31.85,25.51,0.14999999999999858,6.34,16.74,83.64,4.23
2022-08-17,2022,8,17,Monsoon,29.18,28.61,32.5,24.89,0.5700000000000003,7.609999999999999,23.46,80.88,1.83
2022-08-18,2022,8,18,Monsoon,29.19,28.89,32.74,25.56,0.3000000000000007,7.180000000000003,21.21,81.84,2.69
2022-08-19,2022,8,19,Monsoon,29.32,29.1,32.83,25.49,0.21999999999999886,7.34,18.31,83.14,1.92
2022-08-20,2022,8,20,Monsoon,29.23,29.23,32.87,26.31,0.0,6.559999999999999,17.08,82.6,1.62
2022-08-21,2022,8,21,Monsoon,28.22,28.48,31.9,25.99,-0.26000000000000156,5.91,12.03,81.67,4.04
2022-08-22,2022,8,22,Monsoon,28.61,28.55,32.69,25.33,0.05999999999999872,7.359999999999999,15.86,82.64,4.74
2022-08-23,2022,8,23,Monsoon,28.93,28.63,32.88,24.98,0.3000000000000007,7.900000000000002,22.28,79.76,2.77
2022-08-24,2022,8,24,Monsoon,28.53,28.33,31.52,25.64,0.20000000000000284,5.879999999999999,13.91,81.59,1.07
2022-08-25,2022,8,25,Monsoon,28.95,28.56,32.8,25.23,0.39000000000000057,7.569999999999997,14.68,82.23,1.0
2022-08-26,2022,8,26,Monsoon,29.2,28.58,33.05,25.02,0.620000000000001,8.029999999999998,16.01,81.58,1.65
2022-08-27,2022,8,27,Monsoon,29.44,29.13,33.67,25.44,0.3100000000000023,8.23,19.15,80.62,2.48
2022-08-28,2022,8,28,Monsoon,29.0,28.8,33.27,25.47,0.1999999999999993,7.800000000000004,12.34,79.39,2.11
2022-08-29,2022,8,29,Monsoon,29.18,28.68,32.14,24.98,0.5,7.16,15.11,80.07,0.93
2022-08-30,2022,8,30,Monsoon,29.5,28.96,33.22,25.45,0.5399999999999991,7.77,14.22,79.65,0.96
2022-08-31,2022,8,31,Monsoon,29.46,29.15,32.94,25.84,0.3100000000000023,7.099999999999998,17.72,80.9,1.61
2022-09-01,2022,9,1,Monsoon,29.06,29.05,32.59,26.26,0.00999999999999801,6.330000000000002,13.49,85.25,1.54
2022-09-02,2022,9,2,Monsoon,29.05,28.73,32.24,25.77,0.3200000000000003,6.470000000000002,17.0,83.78,1.32
2022-09-03,2022,9,3,Monsoon,29.3,29.05,33.61,25.35,0.25,8.259999999999998,19.82,80.33,2.38
2022-09-04,2022,9,4,Monsoon,29.75,29.56,34.18,25.65,0.19000000000000128,8.530000000000001,20.66,79.54,2.34
2022-09-05,2022,9,5,Monsoon,30.14,29.56,34.3,25.54,0.5800000000000018,8.759999999999998,21.25,76.29,1.61
2022-09-06,2022,9,6,Monsoon,30.35,29.75,35.01,25.12,0.6000000000000014,9.889999999999997,20.86,73.08,1.31
2022-09-07,2022,9,7,Monsoon,30.5,29.76,34.72,25.22,0.7399999999999984,9.5,18.56,72.76,0.85
2022-09-08,2022,9,8,Monsoon,29.64,29.05,33.3,25.59,0.5899999999999999,7.709999999999997,17.17,78.03,1.52
2022-09-09,2022,9,9,Monsoon,29.22,28.71,32.26,25.63,0.509999999999998,6.629999999999999,18.94,79.55,1.7
2022-09-10,2022,9,10,Monsoon,29.77,29.16,33.33,25.82,0.6099999999999994,7.509999999999998,19.7,78.0,2.09
2022-09-11,2022,9,11,Monsoon,29.82,29.19,33.34,25.58,0.629999999999999,7.760000000000005,20.74,75.55,2.2
2022-09-12,2022,9,12,Monsoon,29.83,29.35,33.92,26.09,0.4799999999999969,7.830000000000002,14.96,73.64,3.81
2022-09-13,2022,9,13,Monsoon,28.34,28.03,32.2,25.3,0.3099999999999987,6.900000000000002,9.18,81.53,5.14
2022-09-14,2022,9,14,Monsoon,27.37,27.26,30.71,24.78,0.10999999999999943,5.93,7.32,87.2,4.44
2022-09-15,2022,9,15,Monsoon,26.12,26.32,28.3,25.16,-0.1999999999999993,3.1400000000000006,8.87,92.64,3.63
2022-09-16,2022,9,16,Monsoon,26.6,26.85,28.81,25.41,-0.25,3.3999999999999986,10.7,92.04,2.69
2022-09-17,2022,9,17,Monsoon,27.83,27.79,31.24,24.81,0.03999999999999915,6.43,13.33,83.65,1.13
2022-09-18,2022,9,18,Monsoon,27.8,27.77,30.95,24.55,0.030000000000001137,6.399999999999999,16.0,82.29,0.76
2022-09-19,2022,9,19,Monsoon,28.07,27.86,31.46,24.42,0.21000000000000085,7.039999999999999,16.21,83.77,1.13
2022-09-20,2022,9,20,Monsoon,27.5,27.32,30.84,24.42,0.17999999999999972,6.419999999999998,16.51,87.38,1.46
2022-09-21,2022,9,21,Monsoon,26.95,27.08,29.51,25.27,-0.129999999999999,4.240000000000002,5.32,91.14,2.62
2022-09-22,2022,9,22,Monsoon,27.14,27.34,30.59,25.0,-0.1999999999999993,5.59,12.04,88.76,2.94
2022-09-23,2022,9,23,Monsoon,27.28,27.25,31.26,24.34,0.030000000000001137,6.920000000000002,13.24,87.38,2.9
2022-09-24,2022,9,24,Monsoon,26.53,26.29,30.17,23.56,0.240000000000002,6.610000000000003,11.26,88.24,2.65
2022-09-25,2022,9,25,Monsoon,26.81,26.83,29.68,24.2,-0.019999999999999574,5.48,11.36,86.98,0.96
2022-09-26,2022,9,26,Monsoon,27.37,27.26,31.1,24.04,0.10999999999999943,7.060000000000002,14.02,84.91,1.16
2022-09-27,2022,9,27,Monsoon,27.23,27.32,31.46,23.29,-0.08999999999999986,8.170000000000002,19.19,81.27,1.44
2022-09-28,2022,9,28,Monsoon,27.28,27.17,31.76,22.68,0.10999999999999943,9.080000000000002,18.71,81.43,1.16
2022-09-29,2022,9,29,Monsoon,27.3,27.5,31.92,22.94,-0.1999999999999993,8.98,18.53,78.16,1.08
2022-09-30,2022,9,30,Monsoon,27.04,27.29,31.19,22.48,-0.25,8.71,19.17,75.56,0.88
2022-10-01,2022,10,1,Post-Monsoon,26.76,27.5,31.77,22.61,-0.7399999999999984,9.16,18.46,73.41,0.97
2022-10-02,2022,10,2,Post-Monsoon,26.46,26.73,31.59,22.06,-0.2699999999999996,9.530000000000001,17.01,78.89,1.38
2022-10-03,2022,10,3,Post-Monsoon,27.15,27.32,31.72,22.95,-0.1700000000000017,8.77,16.42,79.23,1.23
2022-10-04,2022,10,4,Post-Monsoon,27.1,27.2,31.17,23.74,-0.09999999999999787,7.430000000000003,13.0,83.33,1.8
2022-10-05,2022,10,5,Post-Monsoon,25.83,25.81,28.52,24.06,0.019999999999999574,4.460000000000001,5.36,91.82,2.05
2022-10-06,2022,10,6,Post-Monsoon,25.76,25.83,28.05,23.65,-0.06999999999999673,4.400000000000002,6.47,92.86,2.61
2022-10-07,2022,10,7,Post-Monsoon,26.24,26.14,29.32,24.02,0.09999999999999787,5.300000000000001,6.57,88.7,2.28
2022-10-08,2022,10,8,Post-Monsoon,25.73,25.83,29.24,23.3,-0.09999999999999787,5.939999999999998,12.57,88.79,2.13
2022-10-09,2022,10,9,Post-Monsoon,26.02,26.06,29.48,23.08,-0.03999999999999915,6.400000000000002,13.59,89.33,1.69
2022-10-10,2022,10,10,Post-Monsoon,24.98,25.24,27.08,23.95,-0.259999999999998,3.129999999999999,6.61,94.12,2.51
2022-10-11,2022,10,11,Post-Monsoon,25.46,25.46,29.14,22.7,0.0,6.440000000000001,8.91,89.01,1.75
2022-10-12,2022,10,12,Post-Monsoon,25.09,25.02,28.99,21.78,0.07000000000000028,7.209999999999997,16.59,83.52,0.88
2022-10-13,2022,10,13,Post-Monsoon,24.46,24.53,29.27,20.11,-0.07000000000000028,9.16,19.1,81.31,1.04
2022-10-14,2022,10,14,Post-Monsoon,23.13,23.53,28.24,18.95,-0.40000000000000213,9.29,18.9,77.0,1.14
2022-10-15,2022,10,15,Post-Monsoon,22.89,23.48,28.81,18.05,-0.5899999999999999,10.759999999999998,18.15,74.44,1.07
2022-10-16,2022,10,16,Post-Monsoon,22.8,23.33,28.47,18.71,-0.5299999999999976,9.759999999999998,17.4,75.75,1.01
2022-10-17,2022,10,17,Post-Monsoon,22.95,23.14,28.44,17.96,-0.19000000000000128,10.48,18.27,78.85,1.17
2022-10-18,2022,10,18,Post-Monsoon,22.65,23.05,28.4,18.17,-0.40000000000000213,10.229999999999997,16.64,79.62,1.44
2022-10-19,2022,10,19,Post-Monsoon,22.46,22.98,28.7,17.56,-0.5199999999999996,11.14,17.15,77.99,1.26
2022-10-20,2022,10,20,Post-Monsoon,22.77,23.45,29.87,17.01,-0.6799999999999997,12.86,17.76,74.78,1.07
2022-10-21,2022,10,21,Post-Monsoon,22.4,23.06,29.14,17.16,-0.6600000000000001,11.98,17.66,76.5,1.17
2022-10-22,2022,10,22,Post-Monsoon,22.27,23.58,29.06,17.46,-1.3099999999999987,11.599999999999998,16.96,72.4,1.01
2022-10-23,2022,10,23,Post-Monsoon,21.93,23.63,28.5,19.3,-1.6999999999999993,9.2,17.37,68.97,0.8
2022-10-24,2022,10,24,Post-Monsoon,21.43,22.06,28.75,16.31,-0.629999999999999,12.440000000000001,18.4,76.22,1.57
2022-10-25,2022,10,25,Post-Monsoon,20.38,21.11,28.06,15.66,-0.7300000000000004,12.399999999999999,17.72,76.91,1.86
2022-10-26,2022,10,26,Post-Monsoon,20.24,21.62,28.05,14.9,-1.3800000000000026,13.15,17.32,69.74,1.12
2022-10-27,2022,10,27,Post-Monsoon,20.3,21.79,27.76,15.1,-1.4899999999999984,12.660000000000002,16.9,71.55,1.09
2022-10-28,2022,10,28,Post-Monsoon,21.06,22.16,28.7,15.74,-1.1000000000000014,12.959999999999999,15.72,71.99,0.87
2022-10-29,2022,10,29,Post-Monsoon,21.15,22.12,27.82,16.14,-0.9700000000000024,11.68,15.53,74.42,0.96
2022-10-30,2022,10,30,Post-Monsoon,20.89,22.44,27.4,17.23,-1.5500000000000007,10.169999999999998,14.67,70.4,0.73
2022-10-31,2022,10,31,Post-Monsoon,20.27,22.12,27.33,16.35,-1.8500000000000014,10.979999999999997,15.38,70.89,0.84
2022-11-01,2022,11,1,Post-Monsoon,19.92,21.16,26.89,15.12,-1.2399999999999984,11.770000000000001,15.98,74.43,1.12
2022-11-02,2022,11,2,Post-Monsoon,19.89,20.53,26.51,15.08,-0.6400000000000006,11.430000000000001,15.19,80.66,1.67
2022-11-03,2022,11,3,Post-Monsoon,20.89,21.54,27.94,15.71,-0.6499999999999986,12.23,14.26,82.55,1.41
2022-11-04,2022,11,4,Post-Monsoon,20.87,21.67,28.26,16.6,-0.8000000000000007,11.66,12.78,76.72,0.93
2022-11-05,2022,11,5,Post-Monsoon,20.28,20.67,26.33,16.42,-0.39000000000000057,9.909999999999997,12.17,86.78,1.44
2022-11-06,2022,11,6,Post-Monsoon,19.93,20.82,26.06,15.58,-0.8900000000000006,10.479999999999999,13.3,81.23,1.14
2022-11-07,2022,11,7,Post-Monsoon,19.72,20.65,25.21,16.26,-0.9299999999999997,8.95,14.13,80.74,1.11
2022-11-08,2022,11,8,Post-Monsoon,20.72,21.15,27.22,16.59,-0.4299999999999997,10.629999999999999,12.98,81.01,1.19
2022-11-09,2022,11,9,Post-Monsoon,21.05,21.9,27.24,16.57,-0.8499999999999979,10.669999999999998,11.38,78.14,0.92
2022-11-10,2022,11,10,Post-Monsoon,21.25,22.07,27.25,17.5,-0.8200000000000003,9.75,11.71,79.31,1.01
2022-11-11,2022,11,11,Post-Monsoon,19.6,20.21,26.6,15.98,-0.6099999999999994,10.620000000000001,12.13,81.13,1.61
2022-11-12,2022,11,12,Post-Monsoon,18.06,18.62,26.52,13.07,-0.5600000000000023,13.45,13.88,77.24,1.87
2022-11-13,2022,11,13,Post-Monsoon,17.19,18.47,25.53,12.07,-1.2799999999999976,13.46,15.29,72.44,1.82
2022-11-14,2022,11,14,Post-Monsoon,17.53,19.42,25.67,13.66,-1.8900000000000006,12.010000000000002,13.66,67.52,1.12
2022-11-15,2022,11,15,Post-Monsoon,18.08,18.87,26.29,12.85,-0.7900000000000027,13.44,14.32,78.42,1.73
2022-11-16,2022,11,16,Post-Monsoon,18.58,19.09,25.86,14.14,-0.5100000000000016,11.719999999999999,14.08,78.56,1.82
2022-11-17,2022,11,17,Post-Monsoon,16.9,17.72,24.33,12.44,-0.8200000000000003,11.889999999999999,15.12,72.96,1.93
2022-11-18,2022,11,18,Post-Monsoon,15.34,17.4,23.4,11.61,-2.0599999999999987,11.79,14.4,65.2,1.16
2022-11-19,2022,11,19,Post-Monsoon,14.97,17.46,23.05,12.57,-2.49,10.48,12.98,63.05,0.72
2022-11-20,2022,11,20,Post-Monsoon,16.33,17.27,24.41,11.01,-0.9400000000000013,13.4,12.27,73.21,1.1
2022-11-21,2022,11,21,Post-Monsoon,15.96,16.7,24.4,11.37,-0.7399999999999984,13.03,13.51,75.1,1.69
2022-11-22,2022,11,22,Post-Monsoon,15.77,16.85,25.04,10.71,-1.0800000000000018,14.329999999999998,14.88,72.12,1.74
2022-11-23,2022,11,23,Post-Monsoon,14.57,15.6,24.24,9.75,-1.0299999999999994,14.489999999999998,14.71,69.55,1.89
2022-11-24,2022,11,24,Post-Monsoon,13.74,15.43,23.45,8.7,-1.6899999999999995,14.75,15.1,64.24,1.85
2022-11-25,2022,11,25,Post-Monsoon,14.03,15.74,23.5,8.97,-1.7100000000000009,14.53,13.52,65.66,1.5
2022-11-26,2022,11,26,Post-Monsoon,13.87,15.38,22.93,8.83,-1.5100000000000016,14.1,12.91,69.06,1.5
2022-11-27,2022,11,27,Post-Monsoon,14.71,16.5,23.72,10.1,-1.7899999999999991,13.62,11.79,70.08,1.0
2022-11-28,2022,11,28,Post-Monsoon,15.0,17.05,23.4,11.18,-2.0500000000000007,12.219999999999999,11.57,69.24,0.94
2022-11-29,2022,11,29,Post-Monsoon,14.88,17.15,23.44,11.09,-2.269999999999998,12.350000000000001,10.71,69.08,0.88
2022-11-30,2022,11,30,Post-Monsoon,14.16,16.34,22.37,11.22,-2.1799999999999997,11.15,9.01,68.94,1.08
2022-12-01,2022,12,1,Winter,13.71,15.31,22.39,8.82,-1.5999999999999996,13.57,10.35,70.29,1.43
2022-12-02,2022,12,2,Winter,14.17,15.88,22.38,9.57,-1.7100000000000009,12.809999999999999,10.74,71.2,0.94
2022-12-03,2022,12,3,Winter,14.48,16.31,22.52,11.35,-1.8299999999999983,11.17,10.22,74.17,0.84
2022-12-04,2022,12,4,Winter,14.26,16.02,22.5,9.98,-1.7599999999999998,12.52,10.49,74.03,1.27
2022-12-05,2022,12,5,Winter,13.69,15.47,21.78,9.3,-1.7800000000000011,12.48,9.65,72.95,1.2
2022-12-06,2022,12,6,Winter,13.1,13.94,21.56,8.49,-0.8399999999999999,13.069999999999999,11.18,76.95,1.86
2022-12-07,2022,12,7,Winter,12.76,13.62,22.12,7.48,-0.8599999999999994,14.64,13.97,70.57,2.04
2022-12-08,2022,12,8,Winter,12.6,13.74,21.65,7.42,-1.1400000000000006,14.229999999999999,13.21,69.18,1.38
2022-12-09,2022,12,9,Winter,12.74,15.02,22.39,8.39,-2.2799999999999994,14.0,12.33,64.94,0.74
2022-12-10,2022,12,10,Winter,13.87,15.95,23.13,9.18,-2.08,13.95,10.88,69.59,1.02
2022-12-11,2022,12,11,Winter,14.76,15.58,24.41,9.29,-0.8200000000000003,15.120000000000001,12.34,75.7,1.69
2022-12-12,2022,12,12,Winter,15.32,16.29,25.9,9.14,-0.9699999999999989,16.759999999999998,14.17,68.11,1.82
2022-12-13,2022,12,13,Winter,15.08,15.83,25.39,9.47,-0.75,15.92,14.49,67.37,2.16
2022-12-14,2022,12,14,Winter,14.1,14.71,23.92,8.48,-0.6100000000000012,15.440000000000001,14.89,68.79,2.18
2022-12-15,2022,12,15,Winter,12.77,13.45,22.12,7.0,-0.6799999999999997,15.120000000000001,14.82,67.39,1.94
2022-12-16,2022,12,16,Winter,12.49,14.38,22.55,7.29,-1.8900000000000006,15.260000000000002,13.98,61.33,1.58
2022-12-17,2022,12,17,Winter,12.04,14.75,21.56,7.81,-2.710000000000001,13.75,12.88,57.24,1.08
2022-12-18,2022,12,18,Winter,12.07,14.25,21.61,7.16,-2.1799999999999997,14.45,11.17,62.76,1.32
2022-12-19,2022,12,19,Winter,11.73,13.69,19.83,8.41,-1.959999999999999,11.419999999999998,8.14,65.11,1.04
2022-12-20,2022,12,20,Winter,12.31,13.73,21.4,7.56,-1.42,13.84,7.18,72.47,1.55
2022-12-21,2022,12,21,Winter,13.29,14.73,22.65,9.03,-1.4400000000000013,13.62,12.48,61.53,1.14
2022-12-22,2022,12,22,Winter,14.04,15.53,23.54,8.38,-1.4900000000000002,15.159999999999998,12.78,60.15,1.24
2022-12-23,2022,12,23,Winter,16.15,17.14,24.57,10.94,-0.990000000000002,13.63,11.9,62.3,1.15
2022-12-24,2022,12,24,Winter,16.95,17.47,23.3,13.86,-0.5199999999999996,9.440000000000001,9.32,74.43,1.14
2022-12-25,2022,12,25,Winter,13.57,14.03,22.12,8.56,-0.4599999999999991,13.56,9.84,70.31,1.51
2022-12-26,2022,12,26,Winter,11.32,12.46,20.12,7.45,-1.1400000000000006,12.670000000000002,8.23,59.93,1.36
2022-12-27,2022,12,27,Winter,11.32,11.89,20.7,5.62,-0.5700000000000003,15.079999999999998,9.82,66.69,2.14
2022-12-28,2022,12,28,Winter,11.51,12.21,21.85,6.0,-0.7000000000000011,15.850000000000001,14.1,60.32,2.56
2022-12-29,2022,12,29,Winter,11.95,13.77,21.74,5.71,-1.8200000000000003,16.029999999999998,12.37,55.81,1.43
2022-12-30,2022,12,30,Winter,14.33,15.65,22.86,8.64,-1.3200000000000003,14.219999999999999,12.12,57.16,0.91
2022-12-31,2022,12,31,Winter,13.45,14.42,21.96,8.71,-0.9700000000000006,13.25,6.09,66.26,1.55
2023-01-01,2023,1,1,Winter,12.57,13.73,20.56,7.97,-1.1600000000000001,12.59,2.52,64.73,0.84
2023-01-02,2023,1,2,Winter,11.68,13.15,19.49,8.05,-1.4700000000000006,11.439999999999998,4.25,61.45,0.86
2023-01-03,2023,1,3,Winter,10.6,11.74,18.43,7.08,-1.1400000000000006,11.35,2.25,58.05,0.96
2023-01-04,2023,1,4,Winter,9.84,10.45,18.03,4.0,-0.6099999999999994,14.030000000000001,4.23,64.7,1.14
2023-01-05,2023,1,5,Winter,9.27,10.39,17.68,3.32,-1.120000000000001,14.36,10.08,61.03,1.14
2023-01-06,2023,1,6,Winter,8.97,9.46,17.68,3.48,-0.4900000000000002,14.2,6.84,65.07,1.27
2023-01-07,2023,1,7,Winter,8.45,9.17,18.29,1.94,-0.7200000000000006,16.349999999999998,6.87,62.25,1.69
2023-01-08,2023,1,8,Winter,9.87,10.91,19.71,3.42,-1.040000000000001,16.29,7.12,57.26,1.46
2023-01-09,2023,1,9,Winter,10.79,12.28,20.67,5.03,-1.4900000000000002,15.64,5.93,57.81,1.2
2023-01-10,2023,1,10,Winter,12.35,13.57,22.12,6.41,-1.2200000000000006,15.71,8.81,54.98,1.58
2023-01-11,2023,1,11,Winter,12.98,14.08,22.98,6.84,-1.0999999999999996,16.14,7.0,58.87,1.42
2023-01-12,2023,1,12,Winter,14.99,15.34,23.05,7.88,-0.34999999999999964,15.170000000000002,9.8,64.19,1.3
2023-01-13,2023,1,13,Winter,16.35,17.34,24.51,10.77,-0.9899999999999984,13.740000000000002,10.04,64.89,1.51
2023-01-14,2023,1,14,Winter,15.64,16.82,23.86,12.07,-1.1799999999999997,11.79,10.01,66.36,1.55
2023-01-15,2023,1,15,Winter,10.74,11.1,18.77,5.45,-0.35999999999999943,13.32,13.43,49.15,2.16
2023-01-16,2023,1,16,Winter,8.56,9.84,18.4,2.66,-1.2799999999999994,15.739999999999998,15.31,42.78,1.71
2023-01-17,2023,1,17,Winter,9.39,10.16,19.53,2.91,-0.7699999999999996,16.62,13.6,48.57,1.65
2023-01-18,2023,1,18,Winter,9.73,10.86,20.24,2.99,-1.129999999999999,17.25,12.55,43.29,1.44
2023-01-19,2023,1,19,Winter,10.34,12.57,20.14,4.83,-2.2300000000000004,15.31,12.68,38.14,0.97
2023-01-20,2023,1,20,Winter,12.08,14.15,21.1,8.13,-2.0700000000000003,12.97,9.34,40.78,1.0
2023-01-21,2023,1,21,Winter,15.2,16.72,24.88,9.58,-1.5199999999999996,15.299999999999999,9.88,51.6,0.95
2023-01-22,2023,1,22,Winter,15.76,16.7,23.53,9.73,-0.9399999999999995,13.8,6.15,57.22,1.22
2023-01-23,2023,1,23,Winter,18.19,19.33,25.57,13.59,-1.139999999999997,11.98,6.56,67.28,0.88
2023-01-24,2023,1,24,Winter,18.8,19.11,26.29,14.97,-0.3099999999999987,11.319999999999999,11.95,72.18,1.7
2023-01-25,2023,1,25,Winter,15.82,15.87,18.47,13.34,-0.049999999999998934,5.129999999999999,4.35,85.82,1.23
2023-01-26,2023,1,26,Winter,18.17,17.88,23.7,14.3,0.2900000000000027,9.399999999999999,10.29,81.05,1.3
2023-01-27,2023,1,27,Winter,15.96,15.93,24.02,10.2,0.030000000000001137,13.82,8.18,61.33,2.43
2023-01-28,2023,1,28,Winter,13.44,14.17,23.76,6.71,-0.7300000000000004,17.05,16.81,48.33,2.0
2023-01-29,2023,1,29,Winter,14.59,16.57,25.53,10.25,-1.9800000000000004,15.280000000000001,15.54,40.13,1.14
2023-01-30,2023,1,30,Winter,16.57,17.15,26.46,9.79,-0.5799999999999983,16.67,11.79,47.95,1.38
2023-01-31,2023,1,31,Winter,16.36,16.35,24.27,10.79,0.00999999999999801,13.48,11.18,64.83,2.66
2023-02-01,2023,2,1,Winter,14.95,14.89,23.54,9.72,0.05999999999999872,13.819999999999999,12.33,64.11,3.02
2023-02-02,2023,2,2,Winter,14.03,14.33,24.53,6.47,-0.3000000000000007,18.060000000000002,18.03,53.32,2.19
2023-02-03,2023,2,3,Winter,15.39,15.55,26.17,7.51,-0.16000000000000014,18.660000000000004,17.18,52.78,1.92
2023-02-04,2023,2,4,Winter,16.54,16.89,27.61,8.89,-0.3500000000000014,18.72,17.75,47.68,2.31
2023-02-05,2023,2,5,Winter,17.21,17.64,27.31,9.6,-0.4299999999999997,17.71,17.81,51.92,2.05
2023-02-06,2023,2,6,Winter,18.32,19.36,28.65,12.29,-1.0399999999999991,16.36,17.73,47.12,1.55
2023-02-07,2023,2,7,Winter,19.13,19.26,29.0,12.37,-0.13000000000000256,16.630000000000003,17.93,49.43,2.17
2023-02-08,2023,2,8,Winter,17.02,17.19,26.8,10.14,-0.1700000000000017,16.66,18.97,46.38,2.36
2023-02-09,2023,2,9,Winter,16.94,18.65,27.37,9.17,-1.7099999999999973,18.200000000000003,18.69,35.4,1.29
2023-02-10,2023,2,10,Winter,18.66,20.6,29.83,11.42,-1.9400000000000013,18.409999999999997,18.55,36.55,1.6
2023-02-11,2023,2,11,Winter,19.55,19.72,30.03,11.88,-0.16999999999999815,18.15,18.58,48.15,1.9
2023-02-12,2023,2,12,Winter,17.49,17.66,27.39,11.07,-0.1700000000000017,16.32,19.45,38.34,3.22
2023-02-13,2023,2,13,Winter,15.38,15.49,25.52,8.22,-0.10999999999999943,17.299999999999997,20.65,34.33,3.45
2023-02-14,2023,2,14,Winter,15.85,15.93,26.49,7.06,-0.08000000000000007,19.43,19.12,37.24,2.14
2023-02-15,2023,2,15,Winter,17.28,18.14,27.7,9.6,-0.8599999999999994,18.1,18.51,41.21,1.36
2023-02-16,2023,2,16,Winter,18.33,19.68,27.93,11.42,-1.3500000000000014,16.509999999999998,17.54,43.35,1.05
2023-02-17,2023,2,17,Winter,19.47,20.68,27.96,14.06,-1.2100000000000009,13.9,13.2,43.03,1.07
2023-02-18,2023,2,18,Winter,19.64,21.46,28.18,14.69,-1.8200000000000003,13.49,16.39,44.07,0.94
2023-02-19,2023,2,19,Winter,20.65,21.83,30.24,14.54,-1.1799999999999997,15.7,16.29,45.34,1.09
2023-02-20,2023,2,20,Winter,21.14,22.23,32.17,13.1,-1.0899999999999999,19.07,18.63,40.49,1.65
2023-02-21,2023,2,21,Winter,21.71,22.72,33.29,13.36,-1.009999999999998,19.93,20.05,35.89,1.72
2023-02-22,2023,2,22,Winter,22.02,22.79,32.89,14.01,-0.7699999999999996,18.880000000000003,19.26,37.52,1.69
2023-02-23,2023,2,23,Winter,21.38,22.12,31.75,13.95,-0.740000000000002,17.8,19.48,36.93,2.08
2023-02-24,2023,2,24,Winter,19.7,20.89,29.73,12.55,-1.1900000000000013,17.18,15.8,35.34,1.78
2023-02-25,2023,2,25,Winter,20.26,22.23,30.96,13.07,-1.9699999999999989,17.89,19.75,30.54,1.15
2023-02-26,2023,2,26,Winter,21.69,23.6,31.88,14.87,-1.9100000000000001,17.009999999999998,19.72,31.37,0.87
2023-02-27,2023,2,27,Winter,22.39,24.49,32.11,17.59,-2.099999999999998,14.52,18.28,32.43,1.16
2023-02-28,2023,2,28,Winter,23.04,24.9,33.24,17.3,-1.8599999999999994,15.940000000000001,19.38,32.93,1.31
2023-03-01,2023,3,1,Summer,23.2,24.51,33.31,17.42,-1.3100000000000023,15.89,18.85,32.21,1.06
2023-03-02,2023,3,2,Summer,23.9,24.1,34.04,15.93,-0.20000000000000284,18.11,19.56,36.61,1.72
2023-03-03,2023,3,3,Summer,24.86,24.98,35.19,16.38,-0.120000000000001,18.81,20.44,36.66,2.65
2023-03-04,2023,3,4,Summer,25.52,25.23,34.67,16.88,0.28999999999999915,17.790000000000003,20.52,38.7,2.26
2023-03-05,2023,3,5,Summer,25.0,24.57,33.8,16.89,0.4299999999999997,16.909999999999997,18.95,39.92,2.12
2023-03-06,2023,3,6,Summer,24.68,24.62,33.62,16.71,0.05999999999999872,16.909999999999997,20.85,37.16,2.09
2023-03-07,2023,3,7,Summer,24.34,25.16,33.18,16.48,-0.8200000000000003,16.7,16.39,33.49,1.65
2023-03-08,2023,3,8,Summer,25.55,25.65,32.9,18.71,-0.09999999999999787,14.189999999999998,18.52,34.97,0.99
2023-03-09,2023,3,9,Summer,24.27,24.28,31.71,19.14,-0.010000000000001563,12.57,17.31,38.85,1.24
2023-03-10,2023,3,10,Summer,24.8,24.13,31.74,16.62,0.6700000000000017,15.119999999999997,20.03,42.49,1.27
2023-03-11,2023,3,11,Summer,24.65,25.06,32.31,17.4,-0.41000000000000014,14.910000000000004,19.4,37.39,1.11
2023-03-12,2023,3,12,Summer,25.14,26.05,33.07,17.69,-0.9100000000000001,15.379999999999999,20.03,33.63,0.85
2023-03-13,2023,3,13,Summer,26.88,26.98,34.91,18.71,-0.10000000000000142,16.199999999999996,15.43,32.54,1.09
2023-03-14,2023,3,14,Summer,26.42,26.91,35.35,19.93,-0.48999999999999844,15.420000000000002,19.19,33.47,1.38
2023-03-15,2023,3,15,Summer,26.96,27.52,35.36,20.0,-0.5599999999999987,15.36,20.4,31.09,1.09
2023-03-16,2023,3,16,Summer,24.79,25.16,32.58,19.78,-0.370000000000001,12.799999999999997,12.34,35.9,1.62
2023-03-17,2023,3,17,Summer,25.56,25.01,32.39,18.71,0.5499999999999972,13.68,12.36,41.33,1.93
2023-03-18,2023,3,18,Summer,26.4,25.6,32.33,19.33,0.7999999999999972,13.0,7.91,43.49,1.4
2023-03-19,2023,3,19,Summer,25.49,24.34,29.31,20.16,1.1499999999999986,9.149999999999999,10.53,57.39,0.95
2023-03-20,2023,3,20,Summer,22.2,21.49,26.2,17.67,0.7100000000000009,8.529999999999998,12.46,71.99,1.34
2023-03-21,2023,3,21,Summer,22.59,21.74,28.48,15.65,0.8500000000000014,12.83,16.52,66.05,1.55
2023-03-22,2023,3,22,Summer,23.89,22.84,31.02,15.45,1.0500000000000007,15.57,22.8,54.06,1.73
2023-03-23,2023,3,23,Summer,25.47,24.91,32.44,16.79,0.5599999999999987,15.649999999999999,21.13,44.29,1.92
2023-03-24,2023,3,24,Summer,27.62,27.26,34.41,20.16,0.35999999999999943,14.249999999999996,19.2,39.74,1.03
2023-03-25,2023,3,25,Summer,29.17,27.76,35.68,21.86,1.4100000000000001,13.82,20.58,42.09,1.26
2023-03-26,2023,3,26,Summer,28.05,26.88,35.05,19.87,1.1700000000000017,15.179999999999996,22.31,40.1,1.97
2023-03-27,2023,3,27,Summer,27.44,26.24,34.29,19.29,1.2000000000000028,15.0,19.93,39.22,1.88
2023-03-28,2023,3,28,Summer,27.01,26.4,34.67,17.71,0.610000000000003,16.96,23.89,34.75,1.83
2023-03-29,2023,3,29,Summer,28.13,27.66,35.61,20.07,0.46999999999999886,15.54,20.51,31.74,1.28
2023-03-30,2023,3,30,Summer,27.92,27.75,34.82,22.36,0.1700000000000017,12.46,18.77,34.98,1.18
2023-03-31,2023,3,31,Summer,26.89,26.01,33.22,19.45,0.879999999999999,13.77,20.01,52.88,2.31
2023-04-01,2023,4,1,Summer,25.69,24.82,30.77,18.84,0.870000000000001,11.93,22.72,59.11,1.67
2023-04-02,2023,4,2,Summer,26.77,26.29,33.93,19.53,0.4800000000000004,14.399999999999999,23.86,42.56,2.11
2023-04-03,2023,4,3,Summer,28.72,28.01,36.63,20.01,0.7099999999999973,16.62,24.28,38.18,2.08
2023-04-04,2023,4,4,Summer,29.37,28.25,36.53,21.4,1.120000000000001,15.130000000000003,20.04,37.42,2.11
2023-04-05,2023,4,5,Summer,28.19,27.32,36.14,19.74,0.870000000000001,16.400000000000002,26.09,35.56,2.73
2023-04-06,2023,4,6,Summer,28.36,27.61,37.41,18.49,0.75,18.919999999999998,25.42,30.58,2.24
2023-04-07,2023,4,7,Summer,28.31,27.67,37.15,19.22,0.639999999999997,17.93,25.48,30.66,2.33
2023-04-08,2023,4,8,Summer,28.97,28.44,37.15,18.85,0.5299999999999976,18.299999999999997,21.89,27.74,1.27
2023-04-09,2023,4,9,Summer,29.95,28.54,37.38,20.5,1.4100000000000001,16.880000000000003,24.68,31.57,1.48
2023-04-10,2023,4,10,Summer,29.83,29.35,38.64,21.93,0.4799999999999969,16.71,26.82,21.81,1.8
2023-04-11,2023,4,11,Summer,28.57,28.49,37.79,20.4,0.08000000000000185,17.39,26.86,23.76,2.41
2023-04-12,2023,4,12,Summer,30.62,30.39,40.32,20.56,0.23000000000000043,19.76,25.1,24.82,2.65
2023-04-13,2023,4,13,Summer,32.43,31.61,41.18,22.76,0.8200000000000003,18.419999999999998,24.74,26.93,2.13
2023-04-14,2023,4,14,Summer,32.67,32.45,40.36,24.78,0.21999999999999886,15.579999999999998,18.08,25.22,1.5
2023-04-15,2023,4,15,Summer,33.19,32.86,40.29,26.05,0.3299999999999983,14.239999999999998,18.53,23.64,1.15
2023-04-16,2023,4,16,Summer,34.72,34.08,42.82,25.8,0.6400000000000006,17.02,24.81,21.63,1.7
2023-04-17,2023,4,17,Summer,34.48,33.88,42.96,25.57,0.5999999999999943,17.39,24.83,18.98,2.33
2023-04-18,2023,4,18,Summer,34.89,33.84,43.52,24.18,1.0499999999999972,19.340000000000003,26.75,17.81,2.31
2023-04-19,2023,4,19,Summer,35.34,34.12,42.15,26.2,1.220000000000006,15.95,25.25,21.02,2.73
2023-04-20,2023,4,20,Summer,35.57,34.43,42.54,26.56,1.1400000000000006,15.98,23.0,21.12,2.26
2023-04-21,2023,4,21,Summer,33.29,31.3,37.45,26.45,1.9899999999999984,11.000000000000004,22.5,28.17,1.93
2023-04-22,2023,4,22,Summer,33.76,31.36,39.03,24.05,2.3999999999999986,14.98,23.79,29.11,1.45
2023-04-23,2023,4,23,Summer,32.52,31.04,39.76,23.62,1.480000000000004,16.139999999999997,16.03,26.1,1.95
2023-04-24,2023,4,24,Summer,29.14,27.75,35.01,21.04,1.3900000000000006,13.969999999999999,17.27,35.56,2.44
2023-04-25,2023,4,25,Summer,28.19,27.27,33.02,19.86,0.9200000000000017,13.160000000000004,23.69,45.44,1.31
2023-04-26,2023,4,26,Summer,30.26,29.69,36.66,22.94,0.5700000000000003,13.719999999999995,22.29,34.58,1.34
2023-04-27,2023,4,27,Summer,31.96,30.92,38.04,24.39,1.0399999999999991,13.649999999999999,24.32,30.35,1.23
2023-04-28,2023,4,28,Summer,30.87,30.87,37.26,25.41,0.0,11.849999999999998,11.58,30.72,1.58
2023-04-29,2023,4,29,Summer,29.7,28.74,34.76,24.18,0.9600000000000009,10.579999999999998,17.54,46.27,3.4
2023-04-30,2023,4,30,Summer,26.95,26.47,30.93,22.16,0.4800000000000004,8.77,8.31,50.28,1.61
2023-05-01,2023,5,1,Summer,26.39,25.29,31.87,20.2,1.1000000000000014,11.670000000000002,17.52,61.24,1.76
2023-05-02,2023,5,2,Summer,27.65,25.64,30.83,20.1,2.009999999999998,10.729999999999997,23.16,64.54,1.61
2023-05-03,2023,5,3,Summer,27.9,26.42,31.11,21.56,1.4799999999999969,9.55,18.77,64.37,1.25
2023-05-04,2023,5,4,Summer,30.15,28.08,33.51,21.97,2.0700000000000003,11.54,23.79,52.49,1.13
2023-05-05,2023,5,5,Summer,30.68,29.48,36.1,23.22,1.1999999999999993,12.880000000000003,26.98,39.92,1.45
2023-05-06,2023,5,6,Summer,31.83,30.62,38.46,22.67,1.2099999999999973,15.79,25.67,38.44,2.42
2023-05-07,2023,5,7,Summer,33.1,32.42,39.83,24.42,0.6799999999999997,15.409999999999997,26.22,33.3,2.01
2023-05-08,2023,5,8,Summer,34.2,32.17,39.46,24.99,2.030000000000001,14.470000000000002,22.64,34.31,1.41
2023-05-09,2023,5,9,Summer,32.77,31.74,41.26,23.42,1.0300000000000047,17.839999999999996,28.47,28.76,2.74
2023-05-10,2023,5,10,Summer,30.93,30.36,39.54,21.54,0.5700000000000003,18.0,28.4,25.43,2.63
2023-05-11,2023,5,11,Summer,31.33,31.76,39.71,24.83,-0.43000000000000327,14.880000000000003,27.98,20.16,1.49
2023-05-12,2023,5,12,Summer,32.73,32.27,40.67,23.47,0.45999999999999375,17.200000000000003,26.71,23.08,1.37
2023-05-13,2023,5,13,Summer,34.12,33.33,41.15,23.73,0.7899999999999991,17.419999999999998,25.63,23.11,1.66
2023-05-14,2023,5,14,Summer,34.91,33.92,43.26,24.9,0.9899999999999949,18.36,24.47,25.66,1.93
2023-05-15,2023,5,15,Summer,35.0,34.14,41.67,25.84,0.8599999999999994,15.830000000000002,24.94,27.86,2.12
2023-05-16,2023,5,16,Summer,36.43,36.14,43.09,28.48,0.28999999999999915,14.610000000000003,25.93,26.38,2.32
2023-05-17,2023,5,17,Summer,37.46,36.55,43.34,28.67,0.9100000000000037,14.670000000000002,24.77,26.97,1.87
2023-05-18,2023,5,18,Summer,36.26,34.64,40.98,30.01,1.6199999999999974,10.969999999999995,25.47,30.91,2.27
2023-05-19,2023,5,19,Summer,36.18,34.53,41.95,27.54,1.6499999999999986,14.410000000000004,26.69,27.21,3.03
2023-05-20,2023,5,20,Summer,36.45,35.41,43.02,28.82,1.0400000000000063,14.200000000000003,26.45,21.26,2.53
2023-05-21,2023,5,21,Summer,37.1,36.27,44.69,28.83,0.8299999999999983,15.86,27.04,18.58,2.26
2023-05-22,2023,5,22,Summer,38.67,37.39,45.15,28.17,1.2800000000000011,16.979999999999997,25.9,18.8,1.64
2023-05-23,2023,5,23,Summer,39.48,38.13,45.03,30.79,1.3499999999999943,14.240000000000002,25.99,20.68,1.8
2023-05-24,2023,5,24,Summer,38.58,35.31,42.7,27.57,3.269999999999996,15.130000000000003,25.63,29.54,2.59
2023-05-25,2023,5,25,Summer,35.12,33.03,37.71,28.19,2.0899999999999963,9.52,21.91,39.29,2.25
2023-05-26,2023,5,26,Summer,31.54,30.26,34.24,27.04,1.2799999999999976,7.200000000000003,19.5,46.39,2.17
2023-05-27,2023,5,27,Summer,32.13,30.75,35.45,25.7,1.3800000000000026,9.750000000000004,17.43,46.22,1.1
2023-05-28,2023,5,28,Summer,34.06,32.08,37.56,25.41,1.980000000000004,12.150000000000002,21.78,45.58,1.17
2023-05-29,2023,5,29,Summer,36.22,33.77,39.43,27.52,2.4499999999999957,11.91,24.07,40.09,1.43
2023-05-30,2023,5,30,Summer,37.84,34.97,40.86,29.2,2.8700000000000045,11.66,25.76,36.05,1.87
2023-05-31,2023,5,31,Summer,35.6,33.39,40.06,27.11,2.210000000000001,12.950000000000003,27.56,36.45,2.93
2023-06-01,2023,6,1,Monsoon,35.29,32.92,39.55,26.11,2.3699999999999974,13.439999999999998,27.13,34.5,2.84
2023-06-02,2023,6,2,Monsoon,35.85,34.29,40.56,28.25,1.5600000000000023,12.310000000000002,27.05,31.31,3.16
2023-06-03,2023,6,3,Monsoon,36.28,34.0,39.45,27.99,2.280000000000001,11.460000000000004,26.22,33.39,2.07
2023-06-04,2023,6,4,Monsoon,38.37,35.54,42.83,27.72,2.8299999999999983,15.11,23.78,29.12,1.91
2023-06-05,2023,6,5,Monsoon,37.56,34.65,40.47,28.22,2.9100000000000037,12.25,23.09,33.43,1.95
2023-06-06,2023,6,6,Monsoon,38.43,35.96,42.14,29.77,2.469999999999999,12.370000000000001,23.72,29.1,2.08
2023-06-07,2023,6,7,Monsoon,38.92,36.36,43.14,29.22,2.5600000000000023,13.920000000000002,22.74,23.54,2.04
2023-06-08,2023,6,8,Monsoon,38.94,36.84,43.54,29.77,2.0999999999999943,13.77,25.85,22.61,2.46
2023-06-09,2023,6,9,Monsoon,39.63,37.27,43.73,30.16,2.3599999999999994,13.569999999999997,25.86,25.35,2.58
2023-06-10,2023,6,10,Monsoon,40.27,37.65,43.85,31.24,2.6200000000000045,12.610000000000003,25.43,27.24,3.07
2023-06-11,2023,6,11,Monsoon,41.3,38.68,44.82,32.4,2.6199999999999974,12.420000000000002,27.04,27.69,3.72
2023-06-12,2023,6,12,Monsoon,40.84,38.82,43.62,33.73,2.020000000000003,9.89,24.6,30.89,3.99
2023-06-13,2023,6,13,Monsoon,42.42,40.12,46.19,33.88,2.3000000000000043,12.309999999999995,24.64,27.03,4.45
2023-06-14,2023,6,14,Monsoon,41.47,39.47,44.94,33.37,2.0,11.57,25.95,25.07,6.28
2023-06-15,2023,6,15,Monsoon,40.65,38.56,43.46,34.04,2.0899999999999963,9.420000000000002,24.87,28.86,5.98
2023-06-16,2023,6,16,Monsoon,40.14,37.83,43.26,32.2,2.3100000000000023,11.059999999999995,26.11,30.8,4.46
2023-06-17,2023,6,17,Monsoon,41.31,38.27,44.04,32.09,3.039999999999999,11.949999999999996,25.26,29.69,2.93
2023-06-18,2023,6,18,Monsoon,40.56,37.35,43.25,30.67,3.210000000000001,12.579999999999998,25.71,35.62,3.9
2023-06-19,2023,6,19,Monsoon,40.85,37.25,42.62,33.34,3.6000000000000014,9.279999999999994,21.36,38.49,3.93
2023-06-20,2023,6,20,Monsoon,36.45,34.4,37.42,32.04,2.0500000000000043,5.380000000000003,12.87,49.36,5.09
2023-06-21,2023,6,21,Monsoon,31.25,30.59,32.23,27.84,0.6600000000000001,4.389999999999997,8.48,72.11,2.84
2023-06-22,2023,6,22,Monsoon,34.06,31.95,36.29,27.26,2.110000000000003,9.029999999999998,12.34,68.62,1.99
2023-06-23,2023,6,23,Monsoon,36.17,34.06,39.08,28.87,2.1099999999999994,10.209999999999997,16.61,58.11,2.04
2023-06-24,2023,6,24,Monsoon,36.89,34.88,39.02,30.1,2.009999999999998,8.920000000000002,17.22,54.36,1.28
2023-06-25,2023,6,25,Monsoon,34.33,33.12,35.62,30.98,1.2100000000000009,4.639999999999997,14.74,62.75,1.4
2023-06-26,2023,6,26,Monsoon,33.1,32.66,35.99,29.41,0.44000000000000483,6.580000000000002,20.27,57.48,1.89
2023-06-27,2023,6,27,Monsoon,35.19,33.68,38.4,28.66,1.509999999999998,9.739999999999998,23.11,53.2,3.25
2023-06-28,2023,6,28,Monsoon,33.6,32.18,36.24,28.38,1.4200000000000017,7.860000000000003,16.48,60.93,3.63
2023-06-29,2023,6,29,Monsoon,31.64,30.3,34.72,26.84,1.3399999999999999,7.879999999999999,15.1,74.32,2.44
2023-06-30,2023,6,30,Monsoon,30.9,29.65,33.59,26.52,1.25,7.070000000000004,10.12,79.11,1.65
2023-07-01,2023,7,1,Monsoon,30.12,29.25,32.46,26.53,0.870000000000001,5.93,13.18,80.14,1.7
2023-07-02,2023,7,2,Monsoon,31.51,30.42,34.39,26.61,1.0899999999999999,7.780000000000001,15.64,76.86,2.13
2023-07-03,2023,7,3,Monsoon,32.41,31.44,35.87,27.09,0.9699999999999953,8.779999999999998,16.35,70.4,1.81
2023-07-04,2023,7,4,Monsoon,32.68,31.55,36.23,27.57,1.129999999999999,8.659999999999997,13.56,71.98,1.27
2023-07-05,2023,7,5,Monsoon,30.89,30.23,33.67,27.28,0.6600000000000001,6.390000000000001,16.57,78.23,2.79
2023-07-06,2023,7,6,Monsoon,31.38,31.04,34.8,26.77,0.33999999999999986,8.029999999999998,15.9,74.8,2.48
2023-07-07,2023,7,7,Monsoon,30.5,30.26,33.4,27.43,0.23999999999999844,5.969999999999999,16.87,77.98,2.74
2023-07-08,2023,7,8,Monsoon,30.26,29.98,34.39,27.09,0.28000000000000114,7.300000000000001,12.54,80.2,3.56
2023-07-09,2023,7,9,Monsoon,30.88,30.52,33.66,26.64,0.35999999999999943,7.019999999999996,18.52,78.78,1.81
2023-07-10,2023,7,10,Monsoon,31.31,30.79,34.04,27.24,0.5199999999999996,6.800000000000001,16.09,78.2,1.29
2023-07-11,2023,7,11,Monsoon,30.97,30.49,33.64,27.6,0.4800000000000004,6.039999999999999,18.45,79.65,1.29
2023-07-12,2023,7,12,Monsoon,31.0,30.28,33.69,27.19,0.7199999999999989,6.4999999999999964,14.49,80.79,1.14
2023-07-13,2023,7,13,Monsoon,30.83,30.48,34.44,26.79,0.34999999999999787,7.649999999999999,11.24,80.26,2.72
2023-07-14,2023,7,14,Monsoon,31.88,31.03,34.73,27.56,0.8499999999999979,7.169999999999998,15.82,78.41,0.99
2023-07-15,2023,7,15,Monsoon,30.83,30.27,33.09,27.5,0.5599999999999987,5.590000000000003,15.31,81.35,0.73
2023-07-16,2023,7,16,Monsoon,30.49,30.23,32.79,27.09,0.259999999999998,5.699999999999999,18.22,79.55,0.78
2023-07-17,2023,7,17,Monsoon,29.99,29.75,32.61,27.22,0.23999999999999844,5.390000000000001,18.82,82.19,1.97
2023-07-18,2023,7,18,Monsoon,29.09,28.87,31.69,26.13,0.21999999999999886,5.560000000000002,18.68,84.84,2.77
2023-07-19,2023,7,19,Monsoon,29.92,29.57,34.35,25.28,0.3500000000000014,9.07,21.48,80.68,2.63
2023-07-20,2023,7,20,Monsoon,31.03,30.88,34.95,26.37,0.15000000000000213,8.580000000000002,23.27,79.11,2.17
2023-07-21,2023,7,21,Monsoon,30.63,30.69,34.22,27.76,-0.060000000000002274,6.459999999999997,21.53,78.82,2.52
2023-07-22,2023,7,22,Monsoon,30.51,30.22,34.08,26.72,0.2900000000000027,7.359999999999999,19.72,77.35,4.14
2023-07-23,2023,7,23,Monsoon,30.37,30.05,33.92,26.54,0.3200000000000003,7.380000000000003,21.61,77.54,3.58
2023-07-24,2023,7,24,Monsoon,29.84,29.7,33.89,26.37,0.14000000000000057,7.52,20.9,80.41,2.63
2023-07-25,2023,7,25,Monsoon,31.75,31.24,35.28,27.03,0.5100000000000016,8.25,16.63,75.85,1.52
2023-07-26,2023,7,26,Monsoon,31.87,31.39,35.88,26.96,0.4800000000000004,8.920000000000002,20.46,74.54,1.85
2023-07-27,2023,7,27,Monsoon,30.2,29.71,33.49,26.5,0.48999999999999844,6.990000000000002,19.88,80.02,2.51
2023-07-28,2023,7,28,Monsoon,31.58,31.05,35.04,26.82,0.5299999999999976,8.219999999999999,17.24,75.44,1.5
2023-07-29,2023,7,29,Monsoon,30.29,29.88,33.75,26.89,0.41000000000000014,6.859999999999999,17.22,81.16,2.41
2023-07-30,2023,7,30,Monsoon,30.2,29.68,33.61,26.39,0.5199999999999996,7.219999999999999,17.97,80.11,2.76
2023-07-31,2023,7,31,Monsoon,29.84,29.71,33.13,26.67,0.129999999999999,6.460000000000001,17.71,82.76,2.27
2023-08-01,2023,8,1,Monsoon,30.16,30.08,33.69,27.1,0.08000000000000185,6.589999999999996,15.19,81.05,2.33
2023-08-02,2023,8,2,Monsoon,29.19,29.25,32.12,27.17,-0.05999999999999872,4.949999999999996,7.97,86.29,1.9
2023-08-03,2023,8,3,Monsoon,30.32,30.09,34.12,26.78,0.23000000000000043,7.339999999999996,16.09,81.27,2.24
2023-08-04,2023,8,4,Monsoon,29.77,29.41,33.36,26.51,0.35999999999999943,6.849999999999998,16.41,83.28,2.44
2023-08-05,2023,8,5,Monsoon,29.85,29.36,33.24,26.12,0.490000000000002,7.120000000000001,14.59,83.53,0.75
2023-08-06,2023,8,6,Monsoon,28.5,28.52,31.12,26.54,-0.019999999999999574,4.580000000000002,9.7,89.2,2.19
2023-08-07,2023,8,7,Monsoon,27.21,27.48,29.7,25.69,-0.2699999999999996,4.009999999999998,16.7,88.47,3.55
2023-08-08,2023,8,8,Monsoon,27.84,27.91,30.47,25.12,-0.07000000000000028,5.349999999999998,15.51,86.67,3.35
2023-08-09,2023,8,9,Monsoon,27.31,27.3,29.64,25.42,0.00999999999999801,4.219999999999999,11.4,89.21,3.4
2023-08-10,2023,8,10,Monsoon,28.84,28.59,32.33,25.53,0.25,6.799999999999997,13.98,83.52,2.36
2023-08-11,2023,8,11,Monsoon,28.84,28.79,32.82,25.76,0.05000000000000071,7.059999999999999,19.46,82.57,2.57
2023-08-12,2023,8,12,Monsoon,28.58,28.68,32.67,25.51,-0.10000000000000142,7.16,20.6,81.03,3.55
2023-08-13,2023,8,13,Monsoon,28.41,28.33,31.85,25.04,0.08000000000000185,6.810000000000002,10.0,82.89,2.75
2023-08-14,2023,8,14,Monsoon,28.97,28.59,31.89,25.48,0.379999999999999,6.41,16.33,80.13,1.31
2023-08-15,2023,8,15,Monsoon,29.05,28.56,32.38,25.08,0.490000000000002,7.300000000000004,18.73,80.67,1.56
2023-08-16,2023,8,16,Monsoon,30.23,29.65,34.21,25.41,0.5800000000000018,8.8,20.6,77.74,2.11
2023-08-17,2023,8,17,Monsoon,30.15,29.82,33.88,26.5,0.3299999999999983,7.380000000000003,14.38,81.57,2.18
2023-08-18,2023,8,18,Monsoon,29.4,29.44,32.32,26.29,-0.0400000000000027,6.030000000000001,11.43,82.66,1.44
2023-08-19,2023,8,19,Monsoon,29.84,29.76,33.62,26.86,0.0799999999999983,6.759999999999998,19.08,82.49,2.31
2023-08-20,2023,8,20,Monsoon,30.26,29.91,34.15,27.15,0.3500000000000014,7.0,17.67,83.73,2.86
2023-08-21,2023,8,21,Monsoon,29.62,29.29,32.05,26.41,0.33000000000000185,5.639999999999997,15.03,81.24,1.45
2023-08-22,2023,8,22,Monsoon,27.47,27.58,29.07,25.76,-0.10999999999999943,3.3099999999999987,4.52,89.42,1.36
2023-08-23,2023,8,23,Monsoon,28.59,28.19,32.36,25.4,0.3999999999999986,6.960000000000001,11.18,88.51,1.91
2023-08-24,2023,8,24,Monsoon,28.22,28.08,31.77,25.35,0.14000000000000057,6.419999999999998,7.06,86.52,3.16
2023-08-25,2023,8,25,Monsoon,27.92,27.89,32.09,24.18,0.030000000000001137,7.910000000000004,17.58,84.08,3.25
2023-08-26,2023,8,26,Monsoon,28.32,28.17,32.55,24.24,0.14999999999999858,8.309999999999999,21.11,83.27,2.98
2023-08-27,2023,8,27,Monsoon,28.15,28.25,32.9,24.63,-0.10000000000000142,8.27,20.97,80.9,3.91
2023-08-28,2023,8,28,Monsoon,27.59,27.41,31.69,24.6,0.17999999999999972,7.09,20.08,84.34,3.65
2023-08-29,2023,8,29,Monsoon,28.41,28.28,32.99,24.42,0.129999999999999,8.57,19.11,81.81,2.68
2023-08-30,2023,8,30,Monsoon,28.86,28.69,32.94,24.65,0.16999999999999815,8.29,19.95,79.91,2.06
2023-08-31,2023,8,31,Monsoon,29.39,29.2,33.7,24.87,0.19000000000000128,8.830000000000002,20.75,78.94,1.66
2023-09-01,2023,9,1,Monsoon,29.57,29.54,34.67,25.17,0.030000000000001137,9.5,20.74,76.78,1.9
2023-09-02,2023,9,2,Monsoon,29.73,29.71,35.22,25.09,0.019999999999999574,10.129999999999999,22.4,77.1,2.08
2023-09-03,2023,9,3,Monsoon,29.93,29.87,35.05,25.26,0.05999999999999872,9.789999999999996,23.1,73.94,1.47
2023-09-04,2023,9,4,Monsoon,29.92,29.71,34.8,24.64,0.21000000000000085,10.159999999999997,20.44,69.82,1.08
2023-09-05,2023,9,5,Monsoon,28.12,27.87,30.92,25.7,0.25,5.220000000000002,15.44,85.05,2.91
2023-09-06,2023,9,6,Monsoon,27.35,27.19,30.95,24.73,0.16000000000000014,6.219999999999999,12.21,80.91,1.84
2023-09-07,2023,9,7,Monsoon,28.24,28.09,32.28,24.27,0.14999999999999858,8.010000000000002,16.31,82.59,2.48
2023-09-08,2023,9,8,Monsoon,26.93,27.01,29.51,25.11,-0.08000000000000185,4.400000000000002,13.13,91.17,3.21
2023-09-09,2023,9,9,Monsoon,27.61,27.57,30.84,25.6,0.03999999999999915,5.239999999999998,6.28,90.3,2.73
2023-09-10,2023,9,10,Monsoon,26.81,26.93,28.55,25.55,-0.120000000000001,3.0,11.99,93.46,3.35
2023-09-11,2023,9,11,Monsoon,27.37,27.37,29.54,25.65,0.0,3.8900000000000006,9.56,92.47,1.41
2023-09-12,2023,9,12,Monsoon,28.77,28.94,32.09,25.56,-0.1700000000000017,6.530000000000005,12.38,81.93,0.83
2023-09-13,2023,9,13,Monsoon,27.4,27.54,29.07,25.79,-0.14000000000000057,3.280000000000001,14.15,91.52,0.72
2023-09-14,2023,9,14,Monsoon,28.26,28.31,31.0,25.94,-0.04999999999999716,5.059999999999999,15.8,89.87,1.73
2023-09-15,2023,9,15,Monsoon,27.68,27.87,30.68,26.22,-0.19000000000000128,4.460000000000001,17.25,90.79,2.86
2023-09-16,2023,9,16,Monsoon,27.53,27.7,30.26,25.99,-0.16999999999999815,4.270000000000003,15.36,90.4,3.44
2023-09-17,2023,9,17,Monsoon,28.29,28.19,31.77,25.35,0.09999999999999787,6.419999999999998,18.84,85.26,2.19
2023-09-18,2023,9,18,Monsoon,27.98,27.79,31.29,24.83,0.19000000000000128,6.460000000000001,19.41,84.38,1.13
2023-09-19,2023,9,19,Monsoon,29.01,29.01,32.7,24.5,0.0,8.200000000000003,16.89,78.52,0.62
2023-09-20,2023,9,20,Monsoon,28.85,28.8,32.32,25.12,0.05000000000000071,7.199999999999999,15.34,81.47,0.99
2023-09-21,2023,9,21,Monsoon,28.87,28.86,32.47,24.79,0.010000000000001563,7.68,18.95,80.71,1.0
2023-09-22,2023,9,22,Monsoon,28.74,28.4,32.37,25.21,0.33999999999999986,7.159999999999997,15.02,84.15,1.42
2023-09-23,2023,9,23,Monsoon,27.73,27.36,30.72,24.35,0.370000000000001,6.369999999999997,15.68,86.35,1.32
2023-09-24,2023,9,24,Monsoon,27.85,27.74,31.55,24.33,0.11000000000000298,7.220000000000002,18.16,82.52,1.02
2023-09-25,2023,9,25,Monsoon,27.91,27.88,31.42,24.18,0.030000000000001137,7.240000000000002,18.8,79.49,0.82
2023-09-26,2023,9,26,Monsoon,27.6,27.73,31.22,24.09,-0.129999999999999,7.129999999999999,18.74,80.94,1.33
2023-09-27,2023,9,27,Monsoon,28.39,28.25,32.13,24.33,0.14000000000000057,7.800000000000004,17.24,80.06,0.93
2023-09-28,2023,9,28,Monsoon,27.98,28.15,32.54,23.83,-0.16999999999999815,8.71,18.55,77.05,1.16
2023-09-29,2023,9,29,Monsoon,27.23,27.79,31.63,24.37,-0.5599999999999987,7.259999999999998,17.74,70.88,0.87
2023-09-30,2023,9,30,Monsoon,27.13,27.52,31.71,23.19,-0.39000000000000057,8.52,16.57,69.95,0.86
2023-10-01,2023,10,1,Post-Monsoon,28.24,28.39,32.37,23.37,-0.15000000000000213,8.999999999999996,19.2,73.04,0.7
2023-10-02,2023,10,2,Post-Monsoon,28.04,27.99,31.83,24.75,0.05000000000000071,7.079999999999998,10.48,81.06,0.78
2023-10-03,2023,10,3,Post-Monsoon,25.3,26.19,31.24,22.05,-0.8900000000000006,9.189999999999998,16.64,66.58,1.46
2023-10-04,2023,10,4,Post-Monsoon,24.47,25.12,30.82,19.15,-0.6500000000000021,11.670000000000002,17.6,66.64,1.24
2023-10-05,2023,10,5,Post-Monsoon,26.94,26.8,31.43,22.15,0.14000000000000057,9.280000000000001,18.81,80.31,1.28
2023-10-06,2023,10,6,Post-Monsoon,25.21,26.02,32.0,19.77,-0.8099999999999987,12.23,20.39,64.71,1.23
2023-10-07,2023,10,7,Post-Monsoon,24.68,25.35,32.3,18.43,-0.6700000000000017,13.869999999999997,19.43,66.57,1.28
2023-10-08,2023,10,8,Post-Monsoon,26.12,26.7,33.62,20.31,-0.5799999999999983,13.309999999999999,20.01,69.4,1.58
2023-10-09,2023,10,9,Post-Monsoon,27.13,27.45,34.13,21.34,-0.3200000000000003,12.790000000000003,19.43,72.64,1.66
2023-10-10,2023,10,10,Post-Monsoon,27.59,27.6,34.55,22.09,-0.010000000000001563,12.459999999999997,19.94,71.93,2.09
2023-10-11,2023,10,11,Post-Monsoon,26.86,27.39,34.45,21.88,-0.5300000000000011,12.570000000000004,19.6,62.78,1.63
2023-10-12,2023,10,12,Post-Monsoon,26.1,26.89,33.71,20.87,-0.7899999999999991,12.84,18.87,59.65,1.15
2023-10-13,2023,10,13,Post-Monsoon,25.48,27.0,33.8,19.99,-1.5199999999999996,13.809999999999999,19.37,51.27,1.0
2023-10-14,2023,10,14,Post-Monsoon,26.36,27.05,34.4,19.55,-0.6900000000000013,14.849999999999998,18.47,56.71,1.18
2023-10-15,2023,10,15,Post-Monsoon,27.04,27.36,34.09,20.76,-0.3200000000000003,13.330000000000002,17.3,60.97,1.5
2023-10-16,2023,10,16,Post-Monsoon,27.68,27.88,34.24,22.96,-0.1999999999999993,11.280000000000001,13.27,60.01,1.14
2023-10-17,2023,10,17,Post-Monsoon,25.12,25.05,30.02,21.3,0.07000000000000028,8.719999999999999,10.01,69.56,1.05
2023-10-18,2023,10,18,Post-Monsoon,24.96,25.08,31.62,19.52,-0.11999999999999744,12.100000000000001,17.82,62.83,1.48
2023-10-19,2023,10,19,Post-Monsoon,24.47,25.04,31.63,18.67,-0.5700000000000003,12.959999999999997,18.88,56.39,1.35
2023-10-20,2023,10,20,Post-Monsoon,24.28,25.37,31.48,20.03,-1.0899999999999999,11.45,18.73,49.93,0.84
2023-10-21,2023,10,21,Post-Monsoon,23.88,24.18,31.06,19.07,-0.3000000000000007,11.989999999999998,18.32,54.39,1.12
2023-10-22,2023,10,22,Post-Monsoon,23.53,24.49,30.58,19.59,-0.9599999999999973,10.989999999999998,18.0,50.67,0.88
2023-10-23,2023,10,23,Post-Monsoon,24.14,24.93,31.27,18.74,-0.7899999999999991,12.530000000000001,17.1,51.87,0.96
2023-10-24,2023,10,24,Post-Monsoon,24.39,24.87,31.32,19.45,-0.4800000000000004,11.870000000000001,16.66,52.31,0.74
2023-10-25,2023,10,25,Post-Monsoon,24.96,25.56,31.9,18.65,-0.5999999999999979,13.25,16.54,53.51,1.02
2023-10-26,2023,10,26,Post-Monsoon,24.39,25.48,32.39,18.84,-1.0899999999999999,13.55,16.8,47.37,1.39
2023-10-27,2023,10,27,Post-Monsoon,23.54,24.91,31.73,17.86,-1.370000000000001,13.870000000000001,16.91,40.43,0.92
2023-10-28,2023,10,28,Post-Monsoon,23.08,24.17,30.95,16.43,-1.0900000000000034,14.52,15.69,43.63,0.98
2023-10-29,2023,10,29,Post-Monsoon,24.05,24.52,31.7,18.51,-0.46999999999999886,13.189999999999998,15.28,46.33,1.08
2023-10-30,2023,10,30,Post-Monsoon,24.07,24.16,31.92,17.99,-0.08999999999999986,13.930000000000003,15.48,49.33,0.87
2023-10-31,2023,10,31,Post-Monsoon,23.82,24.08,30.71,18.45,-0.259999999999998,12.260000000000002,14.22,51.19,0.97
2023-11-01,2023,11,1,Post-Monsoon,25.02,25.56,31.85,20.1,-0.5399999999999991,11.75,14.09,48.66,0.72
2023-11-02,2023,11,2,Post-Monsoon,23.74,25.36,31.05,18.91,-1.620000000000001,12.14,13.58,47.84,0.75
2023-11-03,2023,11,3,Post-Monsoon,24.08,25.09,31.33,18.81,-1.0100000000000016,12.52,13.59,47.49,0.84
2023-11-04,2023,11,4,Post-Monsoon,23.64,24.49,31.31,17.75,-0.8499999999999979,13.559999999999999,12.08,48.85,1.37
2023-11-05,2023,11,5,Post-Monsoon,22.96,25.23,30.8,20.9,-2.2699999999999996,9.900000000000002,11.85,43.95,0.67
2023-11-06,2023,11,6,Post-Monsoon,22.22,23.76,30.85,18.32,-1.5400000000000027,12.530000000000001,10.98,43.84,1.11
2023-11-07,2023,11,7,Post-Monsoon,21.82,24.2,30.92,19.23,-2.379999999999999,11.690000000000001,12.81,37.83,0.85
2023-11-08,2023,11,8,Post-Monsoon,22.23,23.7,31.33,16.95,-1.4699999999999989,14.379999999999999,12.83,45.0,1.32
2023-11-09,2023,11,9,Post-Monsoon,22.65,24.91,31.5,19.91,-2.2600000000000016,11.59,12.99,45.07,1.22
2023-11-10,2023,11,10,Post-Monsoon,23.66,24.56,32.11,18.51,-0.8999999999999986,13.599999999999998,11.04,47.79,1.05
2023-11-11,2023,11,11,Post-Monsoon,22.2,22.59,28.52,18.08,-0.39000000000000057,10.440000000000001,10.58,60.88,1.27
2023-11-12,2023,11,12,Post-Monsoon,21.33,21.63,28.88,15.43,-0.3000000000000007,13.45,13.1,53.89,1.45
2023-11-13,2023,11,13,Post-Monsoon,21.4,22.28,28.62,16.58,-0.8800000000000026,12.040000000000003,12.1,47.78,0.83
2023-11-14,2023,11,14,Post-Monsoon,20.75,21.56,26.95,17.3,-0.8099999999999987,9.649999999999999,9.08,50.01,0.93
2023-11-15,2023,11,15,Post-Monsoon,20.58,21.1,28.25,14.69,-0.5200000000000031,13.56,11.85,49.18,1.11
2023-11-16,2023,11,16,Post-Monsoon,20.25,21.61,27.94,15.67,-1.3599999999999994,12.270000000000001,11.21,47.81,0.73
2023-11-17,2023,11,17,Post-Monsoon,21.58,21.79,29.17,15.79,-0.21000000000000085,13.380000000000003,11.25,53.73,1.07
2023-11-18,2023,11,18,Post-Monsoon,20.9,21.42,28.51,16.54,-0.5200000000000031,11.970000000000002,11.42,52.62,1.16
2023-11-19,2023,11,19,Post-Monsoon,20.31,21.88,28.08,16.47,-1.5700000000000003,11.61,9.55,51.0,0.87
2023-11-20,2023,11,20,Post-Monsoon,20.98,21.41,29.25,15.98,-0.4299999999999997,13.27,9.4,51.97,1.3
2023-11-21,2023,11,21,Post-Monsoon,20.13,20.26,27.9,14.93,-0.13000000000000256,12.969999999999999,10.89,55.68,1.82
2023-11-22,2023,11,22,Post-Monsoon,18.42,19.27,25.88,13.38,-0.8499999999999979,12.499999999999998,9.63,58.08,1.66
2023-11-23,2023,11,23,Post-Monsoon,18.01,20.02,26.09,13.99,-2.009999999999998,12.1,10.45,51.31,0.68
2023-11-24,2023,11,24,Post-Monsoon,18.5,20.18,27.31,14.99,-1.6799999999999997,12.319999999999999,10.59,47.12,0.8
2023-11-25,2023,11,25,Post-Monsoon,19.3,20.04,27.34,13.66,-0.7399999999999984,13.68,11.6,48.94,0.83
2023-11-26,2023,11,26,Post-Monsoon,19.19,20.6,27.36,14.85,-1.4100000000000001,12.51,10.23,43.44,1.42
2023-11-27,2023,11,27,Post-Monsoon,18.54,19.78,26.14,15.21,-1.240000000000002,10.93,4.22,45.02,1.37
2023-11-28,2023,11,28,Post-Monsoon,20.0,19.9,26.2,15.71,0.10000000000000142,10.489999999999998,8.95,54.32,1.52
2023-11-29,2023,11,29,Post-Monsoon,20.15,20.47,27.13,14.42,-0.3200000000000003,12.709999999999999,11.41,64.67,1.08
2023-11-30,2023,11,30,Post-Monsoon,18.55,18.62,21.73,16.64,-0.07000000000000028,5.09,6.71,83.27,1.94
2023-12-01,2023,12,1,Winter,21.28,21.18,27.21,15.69,0.10000000000000142,11.520000000000001,9.53,76.01,1.16
2023-12-02,2023,12,2,Winter,22.36,22.23,28.4,17.61,0.129999999999999,10.79,9.95,65.87,0.87
2023-12-03,2023,12,3,Winter,22.27,22.4,29.13,15.99,-0.129999999999999,13.139999999999999,11.38,58.15,0.99
2023-12-04,2023,12,4,Winter,22.65,22.09,27.83,17.62,0.5599999999999987,10.209999999999997,3.48,65.74,1.12
2023-12-05,2023,12,5,Winter,19.01,18.99,22.4,17.04,0.020000000000003126,5.359999999999999,9.41,77.42,1.38
2023-12-06,2023,12,6,Winter,21.41,20.97,27.22,15.69,0.4400000000000013,11.53,7.13,57.38,0.95
2023-12-07,2023,12,7,Winter,20.38,20.68,24.94,17.77,-0.3000000000000007,7.170000000000002,10.06,63.16,0.69
2023-12-08,2023,12,8,Winter,19.6,19.77,27.19,14.13,-0.16999999999999815,13.06,10.51,65.87,1.75
2023-12-09,2023,12,9,Winter,18.16,18.31,26.09,13.1,-0.14999999999999858,12.99,10.46,57.54,2.0
2023-12-10,2023,12,10,Winter,16.14,17.31,25.29,10.83,-1.1699999999999982,14.459999999999999,12.42,47.94,2.07
2023-12-11,2023,12,11,Winter,15.51,17.31,24.74,9.35,-1.799999999999999,15.389999999999999,12.24,50.6,1.34
2023-12-12,2023,12,12,Winter,15.44,17.12,24.02,10.57,-1.6800000000000015,13.45,11.62,48.38,1.18
2023-12-13,2023,12,13,Winter,15.09,16.59,24.25,10.49,-1.5,13.76,12.01,49.36,1.51
2023-12-14,2023,12,14,Winter,15.02,16.1,25.14,8.8,-1.0800000000000018,16.34,11.91,48.99,1.92
2023-12-15,2023,12,15,Winter,14.84,16.19,24.66,9.16,-1.3500000000000014,15.5,12.98,45.71,1.37
2023-12-16,2023,12,16,Winter,14.48,16.26,24.05,9.5,-1.7800000000000011,14.55,12.35,43.12,1.41
2023-12-17,2023,12,17,Winter,13.92,15.32,23.14,9.88,-1.4000000000000004,13.26,11.96,45.64,1.43
2023-12-18,2023,12,18,Winter,14.68,14.97,23.86,9.32,-0.2900000000000009,14.54,12.43,49.16,2.35
2023-12-19,2023,12,19,Winter,13.89,14.14,23.17,7.36,-0.25,15.810000000000002,12.19,51.1,1.68
2023-12-20,2023,12,20,Winter,13.5,13.65,21.69,8.31,-0.15000000000000036,13.38,11.14,47.88,1.26
2023-12-21,2023,12,21,Winter,12.76,13.47,20.05,8.55,-0.7100000000000009,11.5,9.87,47.65,1.39
2023-12-22,2023,12,22,Winter,12.83,14.54,19.77,11.59,-1.709999999999999,8.18,7.96,47.5,0.8
2023-12-23,2023,12,23,Winter,13.87,15.94,21.99,9.06,-2.0700000000000003,12.929999999999998,7.52,48.23,1.31
2023-12-24,2023,12,24,Winter,14.91,16.6,23.71,11.75,-1.6900000000000013,11.96,7.98,53.5,0.95
2023-12-25,2023,12,25,Winter,15.79,16.3,24.44,10.24,-0.5100000000000016,14.200000000000001,8.76,63.81,1.26
2023-12-26,2023,12,26,Winter,14.96,16.67,24.14,9.3,-1.7100000000000009,14.84,7.99,55.54,1.21
2023-12-27,2023,12,27,Winter,14.26,16.66,22.88,11.14,-2.4000000000000004,11.739999999999998,6.17,51.64,0.57
2023-12-28,2023,12,28,Winter,13.27,14.94,21.11,9.57,-1.67,11.54,3.91,58.8,0.82
2023-12-29,2023,12,29,Winter,12.23,14.6,20.52,8.1,-2.369999999999999,12.42,5.03,60.98,0.61
2023-12-30,2023,12,30,Winter,12.34,14.55,20.91,7.64,-2.210000000000001,13.27,4.75,55.22,0.54
2023-12-31,2023,12,31,Winter,13.08,14.6,20.44,8.99,-1.5199999999999996,11.450000000000001,6.02,49.07,0.66
